date,Open,High,Low,Close,Volume,Dividends,Stock Splits,Transaction_Value
2012-05-18,41.820564999849665,44.75446989627076,37.79266346796198,38.02140808105469,573576400,0.0,0.0,23673543792.68825
2012-05-21,36.33068564559697,36.459977408452524,32.81994706729023,33.84432601928711,168192700,0.0,0.0,5826188776.685629
2012-05-22,32.43207638438288,33.406728927025874,30.771188036558144,30.830860137939453,101786600,0.0,0.0,3266225981.40277
2012-05-23,31.198843292187348,32.322677075862885,31.188897625454047,31.82540512084961,73600000,0.0,0.0,2337225949.008463
2012-05-24,32.770227114813466,33.028806897782594,31.596664835578185,32.849788665771484,50237200,0.0,0.0,1623301374.2815962
2012-05-25,32.720495270403944,32.77022170578045,30.940260809184828,31.73589515686035,37149800,0.0,0.0,1183415841.6672285
2012-05-29,31.308241047343714,31.517096249622256,28.493681928418795,28.682645797729492,78063400,0.0,0.0,2342322690.611845
2012-05-30,28.543409536464004,29.388770299782777,27.70799254243488,28.036191940307617,57267900,0.0,0.0,1634905852.3859184
2012-05-31,28.394227230597497,29.50811721930095,26.683612426921325,29.438499450683594,111639200,0.0,0.0,3136599872.160269
2012-06-01,28.732372537261455,28.99095417775408,27.240556693840745,27.568756103515625,41855500,0.0,0.0,1176799001.6430185
2012-06-04,27.05159536252582,27.499138988025596,26.295741756258618,26.753231048583984,35230300,0.0,0.0,947604893.5426781
2012-06-05,26.55432267276678,27.608538667047362,25.609505216675757,25.728851318359375,42473400,0.0,0.0,1130175632.5454628
2012-06-06,25.927756980999643,27.021755558046664,25.380758640947025,26.663719177246094,61489200,0.0,0.0,1611094338.0423813
2012-06-07,26.85268634945136,27.200777107443763,26.00732362202467,26.16645050048828,26159500,0.0,0.0,695948655.5162648
2012-06-08,26.405138641309332,27.60853769454035,26.295740106973323,26.952138900756836,38034000,0.0,0.0,1025097650.9513855
2012-06-11,27.031705301576196,27.916848824366294,26.693560201353492,26.862632751464844,28219600,0.0,0.0,770541949.2711011
2012-06-12,27.33006315341954,27.61848176578997,26.812899922443314,27.250499725341797,15816800,0.0,0.0,430465138.94322413
2012-06-13,27.509083510975056,27.946683348395048,26.952139470494455,27.121212005615234,17102800,0.0,0.0,469461793.4534517
2012-06-14,27.49913745725629,28.16548192194235,27.230610158739097,28.13564682006836,16855000,0.0,0.0,466850566.0099429
2012-06-15,28.354446162562123,29.935771078840006,28.195319293988167,29.846261978149414,43563800,0.0,0.0,1266205597.3919058
2012-06-18,29.79653148227174,31.904967080114346,29.249533148390167,31.23862075805664,42978900,0.0,0.0,1314176574.9354365
2012-06-19,31.36791498241364,32.00442246055406,30.532497968883384,31.73589515686035,30849000,0.0,0.0,964600729.1638578
2012-06-20,31.745841252528276,31.755786919126425,30.98004199694827,31.427587509155273,15553600,0.0,0.0,487883994.3145297
2012-06-21,31.49720439820282,32.32267573336177,31.338077530963158,31.666276931762695,21875300,0.0,0.0,696299037.9415435
2012-06-22,32.23316346159525,33.26748989381454,31.885074659350007,32.86967086791992,74834000,0.0,0.0,2437813507.885758
2012-06-25,32.68070887228962,32.839835723651845,31.377855168466603,31.885074615478516,24352900,0.0,0.0,781943502.2633356
2012-06-26,32.511632675409544,33.25754046161039,32.32267073536995,32.919395446777344,24858700,0.0,0.0,815119398.0411876
2012-06-27,32.28289427074647,32.72049601737076,31.72595021465928,32.05414962768555,28568000,0.0,0.0,920553037.9783171
2012-06-28,31.785620979990952,32.01436561342391,30.731405015391424,31.18889617919922,17713300,0.0,0.0,555717329.4396974
2012-06-29,31.745840695006716,31.815458463029188,30.592169947069408,30.930315017700195,19526900,0.0,0.0,609313759.6005771
2012-07-02,31.079494300951467,31.55687487814805,30.38331286983344,30.602113723754883,14122000,0.0,0.0,437359665.6884973
2012-07-03,30.741349371340267,31.26845827964341,30.631948943952,31.029767990112305,8763600,0.0,0.0,271235204.37235034
2012-07-05,31.14911476852579,31.457422847609738,30.850752356114487,31.298295974731445,10032100,0.0,0.0,312540922.2306409
2012-07-06,31.268460394889434,31.725949673203463,31.08944219139545,31.55687713623047,10945600,0.0,0.0,343776076.5965769
2012-07-09,31.92486045016142,32.700607339498575,31.81546190156341,31.994478225708008,17785200,0.0,0.0,573715597.3330678
2012-07-10,32.25305910894315,32.30278554536438,30.989987895647502,31.298295974731445,14269500,0.0,0.0,451578115.30825955
2012-07-11,31.308239154287314,31.387802584405968,30.383313093569363,30.801021575927734,13030300,0.0,0.0,402448084.309361
2012-07-12,30.532496761299562,31.228676313745726,30.433041997538155,30.641895294189453,11300700,0.0,0.0,348410290.06016284
2012-07-13,30.870642871818028,30.90047797410377,30.39326036888518,30.552387237548828,8108300,0.0,0.0,248494009.30322865
2012-07-16,30.333589030578075,30.333589030578075,28.056082582995977,28.09586524963379,24672100,0.0,0.0,720297908.5086302
2012-07-17,28.324608557278726,28.434008988435654,27.001865304972252,27.936737060546875,30438600,0.0,0.0,843695201.6336629
2012-07-18,28.15553566248303,29.130190070239866,27.996408799368,28.951171875,16841800,0.0,0.0,481057376.4210809
2012-07-19,29.249532977969622,29.339042071638435,28.473788131820488,28.84177017211914,13685100,0.0,0.0,395587181.30867785
2012-07-20,28.84176911757206,29.309204003130255,28.56329618112408,28.603078842163086,11869100,0.0,0.0,343447245.9684666
2012-07-23,27.966574039690084,28.84177179751189,27.85717360860916,28.593135833740234,12390700,0.0,0.0,351269811.42181206
2012-07-24,28.66275519370925,29.289318919537646,27.94668426113305,28.294775009155273,11539800,0.0,0.0,330246014.75215185
2012-07-25,28.235100821799822,29.32909949536586,27.92679274276623,29.17991828918457,17230200,0.0,0.0,493265237.2207318
2012-07-26,27.598593708676333,28.07597433377655,26.584158457631883,26.70350456237793,64597400,0.0,0.0,1765451230.9898634
2012-07-27,23.06347181649562,24.40610635867937,22.158437088144442,23.58063316345215,123102300,0.0,0.0,2866101198.3769693
2012-07-30,23.86905388173466,23.908836548736364,22.904346970246994,23.023691177368164,29285900,0.0,0.0,685483105.6092974
2012-07-31,23.24249162034155,23.24249162034155,21.49209414055579,21.5915470123291,56179400,0.0,0.0,1256581093.647878
2012-08-01,21.382693167242966,21.462256600824798,20.72629436595737,20.766075134277344,44604400,0.0,0.0,940897501.3713692
2012-08-02,20.65667880111141,20.726296575800447,19.711861266766302,19.930662155151367,56374500,0.0,0.0,1139840464.6478896
2012-08-03,20.248915100465283,22.039093422641272,19.791423904478613,20.974931716918945,80647000,0.0,0.0,1686752865.4401188
2012-08-06,21.273290892842947,22.029144394898438,21.183781800695474,21.800399780273438,27778900,0.0,0.0,600203777.7473918
2012-08-07,22.07887526103195,22.327511235156447,20.388149878208605,20.606948852539062,36782900,0.0,0.0,785602945.5833976
2012-08-08,20.597003185941052,21.034603031543906,20.109676904290072,20.606948852539062,29537400,0.0,0.0,607647527.0883512
2012-08-09,20.636785038180108,21.054493534107692,20.497549505184868,20.895366668701172,15610700,0.0,0.0,324328239.1367422
2012-08-10,21.293184712134195,21.700947558706478,21.01471173769427,21.691001892089844,25794700,0.0,0.0,550918808.4264342
2012-08-13,22.02914556730601,22.32750985599067,21.283237691007105,21.482147216796875,24973100,0.0,0.0,544547779.7829651
2012-08-14,21.29318147809941,21.48214532123151,20.13951088297798,20.268800735473633,39308800,0.0,0.0,818048679.700015
2012-08-15,20.527383703741133,21.29318289540673,20.288693416132723,21.08432960510254,47861100,0.0,0.0,995077170.1671104
2012-08-16,20.328476834185793,20.368257601793722,19.582568946354012,19.761587142944336,157565300,0.0,0.0,3147431985.153431
2012-08-17,19.90082128968882,19.970439050863,18.896331843031508,18.94605827331543,129293400,0.0,0.0,2512608477.94633
2012-08-20,18.94606046625576,20.02016779841142,18.647698056134384,19.90082359313965,101186600,0.0,0.0,1956334937.5387924
2012-08-21,19.473168468239916,19.87098562805722,18.985842210345993,19.05545997619629,70640600,0.0,0.0,1372434816.3007529
2012-08-22,19.25436944487017,19.42344197438598,18.856550389344616,19.333932876586914,49892200,0.0,0.0,954936517.5048599
2012-08-23,19.39360497613901,19.622349605206914,19.25436944487017,19.333932876586914,32813700,0.0,0.0,637844497.9467572
2012-08-24,19.413496653834706,19.572623520100407,19.144969355658123,19.304096221923828,29622200,0.0,0.0,573450139.8421471
2012-08-27,19.38366013382697,19.423442799846956,18.995788624841747,19.045515060424805,20704000,0.0,0.0,397715883.7083775
2012-08-28,18.995789586793332,19.27426067526737,18.846608375547667,19.234479904174805,25417000,0.0,0.0,484459064.3322829
2012-08-29,19.214585616601777,19.274257712539185,18.96594967043055,18.995786666870117,16124700,0.0,0.0,308305935.994086
2012-08-30,19.164861868254714,19.34388007806216,18.956006657832027,18.985843658447266,30647500,0.0,0.0,586897889.3691586
2012-08-31,18.57807611819197,18.59796744692119,17.931623110024443,17.961458206176758,58764200,0.0,0.0,1073316082.7032323
2012-09-04,17.981355318584185,18.170319208408717,17.454246319365062,17.633264541625977,46622400,0.0,0.0,830451371.9310402
2012-09-05,18.17031628674224,18.647696871383623,18.08080719000425,18.47862434387207,60781800,0.0,0.0,1116212294.0792327
2012-09-06,18.63774937047575,19.154912568058528,18.61785804050527,18.856548309326172,46066500,0.0,0.0,870029668.6197021
2012-09-07,18.99578613368444,19.31403983233999,18.67753243502889,18.876440048217773,36371700,0.0,0.0,690909034.5185304
2012-09-10,18.95600674010343,19.095244179970194,18.44878910909494,18.70737075805664,24797800,0.0,0.0,465504714.3477897
2012-09-11,18.816772209858176,19.47317108603236,18.74715443464911,19.323989868164062,50508200,0.0,0.0,965219922.7318419
2012-09-12,20.646729101992957,21.04454623463467,20.169348542822902,20.8158016204834,121584000,0.0,0.0,2505475091.3112006
2012-09-13,20.845639919955648,21.362803220252918,20.497551061045957,20.597003936767578,65041600,0.0,0.0,1361332209.5112646
2012-09-14,21.01471083925555,21.959528261080777,20.78596620767828,21.87996482849121,72819800,0.0,0.0,1556359179.0580704
2012-09-17,22.546311131639442,22.625874570735775,21.382694649266778,21.402585983276367,50667600,0.0,0.0,1114904290.9057007
2012-09-18,21.48214790211587,21.860073736842757,21.253403268019547,21.750675201416016,36760500,0.0,0.0,792436485.7186204
2012-09-19,21.870021260134862,23.24249297513363,21.651222273761196,23.16292953491211,78782800,0.0,0.0,1768426294.8553154
2012-09-20,22.89440147265377,23.11320045195384,22.41702084675798,22.466747283935547,57248900,0.0,0.0,1303277543.0539117
2012-09-21,22.844673812963435,23.11320113431063,22.476693614325026,22.735275268554688,51218100,0.0,0.0,1167513894.1125479
2012-09-24,21.661165238913448,21.860072866184673,20.248912928437957,20.67656707763672,79106500,0.0,0.0,1665547242.3811574
2012-09-25,21.084332068985134,21.094275838973438,20.10967757617694,20.16935157775879,46291700,0.0,0.0,953700525.1540585
2012-09-26,20.040060900890158,20.666624673181484,19.69197012705521,20.507497787475586,38271900,0.0,0.0,772300052.1675894
2012-09-27,20.87547571311601,20.88542137950118,20.050004372565784,20.209131240844727,30215900,0.0,0.0,618450365.4909401
2012-09-28,20.457767533237156,21.830239165029354,20.388149764381684,21.541820526123047,65486000,0.0,0.0,1382356708.7157054
2012-10-01,21.959529014572023,22.466746626087726,21.61143827369553,21.870019912719727,51262700,0.0,0.0,1129783384.5310595
2012-10-02,21.959527052409037,22.367289859104673,21.70094543649004,22.14849090576172,29341400,0.0,0.0,646511859.5510814
2012-10-03,22.178326640631603,22.367290499393587,21.681054725846664,21.710891723632812,32000100,0.0,0.0,704775726.0211053
2012-10-04,22.19821850577895,22.2777819381783,21.293183750883152,21.830238342285156,46892100,0.0,0.0,1021567040.0940193
2012-10-05,21.372751067603527,21.511986625371836,20.766078599712113,20.795915603637695,40529300,0.0,0.0,856750194.4634974
2012-10-08,20.288692474365234,20.636783172322875,20.05000219783643,20.288692474365234,32236700,0.0,0.0,655803846.9711072
2012-10-09,20.278748138305236,20.437874999755003,19.86103965276414,20.11962127685547,27161800,0.0,0.0,547295530.0043973
2012-10-10,19.821257422077835,19.831203087301688,19.343876872982964,19.532838821411133,39321800,0.0,0.0,770217329.5911604
2012-10-11,19.77153038675952,19.85109381680303,19.503004995951297,19.642240524291992,21817300,0.0,0.0,429300090.0137525
2012-10-12,19.642242572919443,19.691969010529778,19.373715257162818,19.413497924804688,18809400,0.0,0.0,367401040.83236855
2012-10-15,19.57262480148817,19.771532448871522,19.383660924073286,19.413497924804688,20189700,0.0,0.0,395265803.8208719
2012-10-16,19.57262205609779,19.58256772161321,19.194694354278756,19.37371253967285,21834700,0.0,0.0,423344942.1242392
2012-10-17,19.393606208285743,20.368258782974543,19.264316334884967,19.77153205871582,44074500,0.0,0.0,873392966.0160495
2012-10-18,19.592512767134433,19.682021856999015,18.78693095835319,18.876440048217773,52157400,0.0,0.0,1003220279.7857255
2012-10-19,18.896333694458008,18.956005796033615,18.697424159950106,18.896333694458008,34835000,0.0,0.0,655828616.2583466
2012-10-22,19.0952439575782,19.323988603131102,18.946060852533982,19.214588165283203,32447300,0.0,0.0,620879887.8514009
2012-10-23,19.14497020917061,19.69196859922727,18.995789002513515,19.393606185913086,78381200,0.0,0.0,1516196433.0667825
2012-10-24,23.998343447938584,24.117689550471663,22.72532847127612,23.103254318237305,228949900,0.0,0.0,5362352145.888676
2012-10-25,23.162927174004746,23.182816609326338,22.34739962368018,22.436908721923828,76142000,0.0,0.0,1733380862.206791
2012-10-26,22.277782704307445,22.75516331512058,21.760619427455588,21.820293426513672,73175800,0.0,0.0,1628739007.4071023
2012-10-31,20.706402917748964,21.382693047890623,20.61689381835128,20.994821548461914,99378200,0.0,0.0,2086921671.7553804
2012-11-01,20.964982757084627,21.323019124061688,20.89536499615947,21.09427261352539,37713900,0.0,0.0,796109958.4358044
2012-11-02,21.144005122981028,21.571659335475754,20.955041236704783,21.064441680908203,38344400,0.0,0.0,815330408.7099597
2012-11-05,20.984873004402683,21.36279878574389,20.805854830157305,21.13405418395996,31806700,0.0,0.0,670622857.4824423
2012-11-06,21.124112628662523,21.253404400522466,20.87547664871554,21.054494857788086,29062700,0.0,0.0,612189515.6348447
2012-11-07,20.736238401969977,20.835693160363512,20.258857838011096,20.35831069946289,33396800,0.0,0.0,686213250.3912586
2012-11-08,20.408042749362853,20.616896072834564,19.870988094249157,19.88093376159668,34254600,0.0,0.0,693448138.494893
2012-11-09,19.851094350465896,19.890877015028043,19.025623030219904,19.105186462402344,42295500,0.0,0.0,822996413.8318921
2012-11-12,19.04551456673639,20.059949760647207,18.767043499582588,19.960494995117188,67349200,0.0,0.0,1307483467.2409344
2012-11-13,19.503006255116563,20.00027819922914,19.453277922540153,19.75164222717285,71775100,0.0,0.0,1415891467.9978018
2012-11-14,19.990333278251153,22.37723831962249,19.82126073506966,22.23800277709961,229751000,0.0,0.0,4847573678.157288
2012-11-15,22.218108547143462,22.377235402696183,21.531872796983755,22.049036026000977,78857700,0.0,0.0,1731285640.8389502
2012-11-16,22.128601729647897,23.79943578173427,22.05898396030129,23.431453704833984,107182200,0.0,0.0,2457603158.237402
2012-11-19,23.829269364679522,23.988398123389953,22.695490000342758,22.794944763183594,85021300,0.0,0.0,1984562428.6671581
2012-11-20,22.605982609955426,23.769599060065797,22.576147506710267,22.97396469116211,46655300,0.0,0.0,1081137354.8984537
2012-11-21,23.09330868779819,24.396162563312735,22.92423614882755,24.187307357788086,89862400,0.0,0.0,2126162298.6149178
2012-11-23,24.445888255853486,24.545343022270877,23.749706787873645,23.86905288696289,29520900,0.0,0.0,712856667.9701476
2012-11-26,24.803921966322754,25.947646913736982,24.6746302149186,25.798465728759766,123865000,0.0,0.0,3135164178.270462
2012-11-27,25.897925672884934,26.355414984729176,25.321088354041574,26.00732421875,85760600,0.0,0.0,2215903966.1174912
2012-11-28,25.798468485950856,26.34546685497456,25.609504619748787,26.216176986694336,49205600,0.0,0.0,1278237772.1983237
2012-11-29,26.355412813920125,27.369848026552166,26.01726774304278,27.17093849182129,88759700,0.0,0.0,2369312189.787258
2012-11-30,27.11126489378161,27.847227096557617,26.61399298134308,27.847227096557617,127049600,0.0,0.0,3459638113.204626
2012-12-03,27.847226740575483,28.7224244606249,26.83279159690278,26.892465591430664,123526100,0.0,0.0,3431259587.121885
2012-12-04,26.912355876617152,27.60853732591246,26.534430050704334,27.31017303466797,72869200,0.0,0.0,1972677359.1800823
2012-12-05,27.59859385518467,27.747775064202678,27.111267560690127,27.55881118774414,58976300,0.0,0.0,1617691677.779233
2012-12-06,27.528974497160835,27.59859226422656,26.673666165914753,26.822847366333008,46001500,0.0,0.0,1248302648.0870728
2012-12-07,26.922301204390997,27.62842831088239,26.693556578503824,27.340009689331055,51751900,0.0,0.0,1405632964.8985133
2012-12-10,27.02175822379832,28.01630213796544,26.952140453317337,27.68810272216797,50608500,0.0,0.0,1390935213.4404674
2012-12-11,27.916846365834523,28.085918901056292,27.50908352740706,27.82733726501465,77099100,0.0,0.0,2143162325.8661695
2012-12-12,27.84722621507548,27.9864617391295,27.22066445989065,27.42951774597168,46704200,0.0,0.0,1289202331.7121384
2012-12-13,27.43946343235584,28.593134081814586,27.28033657704717,28.08591651916504,81051600,0.0,0.0,2264317097.2268996
2012-12-14,28.026245039893542,28.175426232913185,26.61399274522014,26.663719177246094,91631600,0.0,0.0,2510221062.018361
2012-12-17,26.623937198601197,26.85268181061076,26.176391742981004,26.604045867919922,57742500,0.0,0.0,1531015639.8341362
2012-12-18,26.812903245712125,27.75772073106281,26.75323114149332,27.55881118774414,60512900,0.0,0.0,1649307889.784401
2012-12-19,27.678156974416343,28.066028492785307,26.80295916716428,27.260448455810547,61390300,0.0,0.0,1684211806.5703013
2012-12-20,27.340009926767408,27.449410356159984,26.981973537440304,27.21072006225586,35574800,0.0,0.0,968192797.8690257
2012-12-21,26.5145412097095,26.86263196706162,25.977488470118185,26.116724014282227,54555200,0.0,0.0,1441351669.2372158
2012-12-24,26.35541351997822,26.812902806396647,26.057051106830723,26.78306770324707,28230100,0.0,0.0,746262042.9829
2012-12-26,26.882521622903223,27.03170282475793,26.23606658662966,26.365358352661133,33175400,0.0,0.0,883589778.6652739
2012-12-27,26.40513742991711,26.65377338272967,25.380758518372105,25.907865524291992,43481700,0.0,0.0,1131274952.8820684
2012-12-28,25.340976822771502,25.967540510065362,25.012777428407716,25.768630981445312,56574800,0.0,0.0,1442100645.6527634
2012-12-31,26.057049654896964,26.842738310774795,25.967540556551892,26.47475814819336,60374500,0.0,0.0,1594197090.7377076
2013-01-02,27.29028308577017,28.026245288546175,27.270391754006596,27.847227096557617,69846400,0.0,0.0,1931135514.7644792
2013-01-03,27.727884950811145,28.31466604278978,27.43946818694179,27.618486404418945,63140600,0.0,0.0,1760174743.8728948
2013-01-04,27.857171020156912,28.77215135769549,27.678152839364763,28.603078842163086,72715400,0.0,0.0,2052403224.9054575
2013-01-07,28.53346670290253,29.62746543673272,28.493684034027005,29.259483337402344,83781800,0.0,0.0,2434747260.3646483
2013-01-08,29.34898896856565,29.438498065989716,28.7025358514577,28.901443481445312,45871300,0.0,0.0,1333502404.568703
2013-01-09,29.508115309912903,30.43304136898991,29.329097118228088,30.423095703125,104787700,0.0,0.0,3131168519.5785265
2013-01-10,30.43304142321631,31.278404053822115,30.114787702739257,31.129220962524414,95316400,0.0,0.0,2925889011.3725533
2013-01-11,31.109332383881878,31.7856206100373,30.9303141869512,31.54693031311035,89598000,0.0,0.0,2809611162.970288
2013-01-14,31.904971268359702,32.03425924836384,30.452936136281174,30.78113555908203,98892800,0.0,0.0,3089766857.867311
2013-01-15,30.472822723261242,31.53698433108875,29.71696917542539,29.93577003479004,173242600,0.0,0.0,5305897082.873813
2013-01-16,30.045170209308974,30.184407644769973,29.368881952972185,29.687135696411133,75332700,0.0,0.0,2243155049.6399155
2013-01-17,29.91588140777886,30.25402649651704,29.866154969940542,29.975553512573242,40256700,0.0,0.0,1210120054.6203713
2013-01-18,30.144623984832794,30.273915749432255,29.110299352746512,29.498170852661133,49631500,0.0,0.0,1473663835.921893
2013-01-22,29.58768147898037,30.72146093535516,29.577735812194735,30.562334060668945,55243300,0.0,0.0,1665563307.8419616
2013-01-23,30.930315086964974,31.328132260085614,30.63195078441806,30.65184211730957,48899800,0.0,0.0,1514917834.4298105
2013-01-24,31.09938714448869,31.318186112105412,30.6418959797277,30.910423278808594,43845100,0.0,0.0,1358322997.662316
2013-01-25,31.23862433545573,31.755787628459778,30.96015135531309,31.367916107177734,54363600,0.0,0.0,1704732110.2691174
2013-01-28,31.706052402398765,32.33261410034621,31.636434646731445,32.2928352355957,59682500,0.0,0.0,1908916375.923731
2013-01-29,31.825404569756923,31.895022338742557,30.54244203750647,30.622007369995117,72976500,0.0,0.0,2278233809.5266685
2013-01-30,30.810966041153705,31.318183599747787,30.71151128314554,31.069547653198242,87682100,0.0,0.0,2719446954.84567
2013-01-31,28.990955001582023,31.298296601462432,28.583192144548434,30.810970306396484,190744900,0.0,0.0,5711044291.354484
2013-02-01,30.840803936755734,30.850749602540674,29.468332409502537,29.567787170410156,85856700,0.0,0.0,2589398664.291695
2013-02-04,28.90144433800035,29.04068176975429,27.8571740330262,27.956628799438477,92362200,0.0,0.0,2627605568.613786
2013-02-05,28.105810199496972,28.801989775426122,27.887011229394993,28.483736038208008,47948200,0.0,0.0,1359067778.989682
2013-02-06,28.583188611179676,29.130188839857848,28.50362518298271,28.891496658325195,38375900,0.0,0.0,1105874741.7795634
2013-02-07,28.951174049857663,28.990954820153892,28.11575700727501,28.493682861328125,34540100,0.0,0.0,986235768.5952885
2013-02-08,28.732373064030867,29.01084604280726,28.35444721142331,28.394227981567383,37708800,0.0,0.0,1081588185.1325648
2013-02-11,28.453900901418578,28.523518669232857,27.887011195568693,28.105810165405273,37361800,0.0,0.0,1053799467.3513712
2013-02-12,27.519027362948545,28.006353603355457,26.952137693433194,27.220664978027344,93498700,0.0,0.0,2569273745.1055264
2013-02-13,27.210720674529654,28.16548187162942,27.1609923432587,27.757719039916992,50164000,0.0,0.0,1387698626.257824
2013-02-14,27.86712087281079,28.473791369282193,27.857175206056574,28.344501495361328,35615800,0.0,0.0,1003136219.6769751
2013-02-15,28.36439109643423,28.593135726984055,27.936736936832986,28.165481567382812,33109300,0.0,0.0,935832256.4940588
2013-02-19,28.075972401310572,28.921335052328065,27.96657386784373,28.772153854370117,49396400,0.0,0.0,1405028952.0921872
2013-02-20,28.762211128634974,28.89150100756479,28.17543004599694,28.304719924926758,42098200,0.0,0.0,1201207538.4395263
2013-02-21,28.125700771771164,28.394226169699156,27.001865158549304,27.13115692138672,49642300,0.0,0.0,1374994692.2721543
2013-02-22,27.469299859052175,27.479243627478592,26.673663702077654,26.981971740722656,36350200,0.0,0.0,984234506.0054177
2013-02-25,27.011811572024758,27.489192178150986,27.001865905612725,27.121212005615234,34652000,0.0,0.0,944112072.35929
2013-02-26,27.210721614068095,27.310174486160182,26.55432279416224,27.240556716918945,31611700,0.0,0.0,851374164.3381842
2013-02-27,27.190831266651355,27.190831266651355,26.484704088157525,26.72339630126953,44319700,0.0,0.0,1189441812.1322615
2013-02-28,26.69355743464938,27.151046701096835,26.196285503149863,27.101320266723633,83027800,0.0,0.0,2214655814.393877
2013-03-01,26.902410945505117,27.966574480658362,26.66372064415376,27.628429412841797,54064800,0.0,0.0,1476787989.9319713
2013-03-04,27.608538769872307,27.906901179779673,27.2902850267866,27.568756103515625,32400700,0.0,0.0,894213735.5615458
2013-03-05,27.727878896481595,28.026243159443606,27.061534508557262,27.369844436645508,40622200,0.0,0.0,1118893360.9925325
2013-03-06,27.946683163208448,27.976518265304946,27.200775259725706,27.300230026245117,33532600,0.0,0.0,925119056.4287213
2013-03-07,27.419575067826642,28.523519405794183,27.320120298262925,28.42406463623047,74540200,0.0,0.0,2081298036.1341789
2013-03-08,28.274882356232656,28.314663124381756,27.578700892675553,27.807445526123047,44198900,0.0,0.0,1235212603.426757
2013-03-11,27.857173679915146,28.483735475569105,27.678155482030625,27.98646354675293,35642100,0.0,0.0,1000863866.8499327
2013-03-12,27.946683199920443,28.165482168997055,27.449411263612042,27.67815589904785,27569600,0.0,0.0,766640182.9898298
2013-03-13,27.469299801622213,27.4991349007225,26.773118402842723,26.9322452545166,39619500,0.0,0.0,1075119769.8803012
2013-03-14,26.95213768901677,27.280337071153024,26.683610404466624,26.892465591430664,27646400,0.0,0.0,745954438.7449855
2013-03-15,26.882518681578535,26.91235378051996,26.415081897451525,26.50459098815918,31597400,0.0,0.0,842504158.0455681
2013-03-18,26.226122412902267,26.643830909821432,25.639341383969587,26.34546661376953,26653700,0.0,0.0,696769994.6835089
2013-03-19,26.385248580756546,26.753228736795823,26.06699296066449,26.40513801574707,25254200,0.0,0.0,666966221.3960011
2013-03-20,26.5344301464207,26.544375812525576,25.63934106334209,25.718904495239258,44006500,0.0,0.0,1148211368.3489351
2013-03-21,25.519996347733755,25.96754186195754,25.420541578246034,25.599559783935547,24336100,0.0,0.0,625292768.7045691
2013-03-22,25.659230727228,25.868085923407577,25.49015819582239,25.58961296081543,18456300,0.0,0.0,473941580.468872
2013-03-25,25.609505552676865,25.659231989148,24.94316106047711,24.992887496948242,39199000,0.0,0.0,991781602.5761273
2013-03-26,24.943160766351824,25.340977944255773,24.893434330467056,25.072450637817383,26957200,0.0,0.0,677089549.2860792
2013-03-27,24.863597889678488,26.136614784529137,24.585124910414976,25.947650909423828,52297400,0.0,0.0,1326307554.7611852
2013-03-28,25.947651131113272,26.02721456916233,25.38076139789597,25.440433502197266,28585700,0.0,0.0,734766489.3007692
2013-04-01,25.49015797583545,25.748739603808986,25.1420691467767,25.390705108642578,22249300,0.0,0.0,566142435.567203
2013-04-02,25.629394114239737,25.97748482271776,25.16195731541946,25.28130340576172,35153300,0.0,0.0,898860075.6572895
2013-04-03,25.689068680225837,26.24601272916022,25.559778808790725,26.10677719116211,48195200,0.0,0.0,1248395242.1649268
2013-04-04,26.47476051858843,27.081431032093835,25.96754288153366,26.922304153442383,82016800,0.0,0.0,2175453541.8396015
2013-04-05,26.713449665839903,27.648319562710707,26.46481369172581,27.240556716918945,64566600,0.0,0.0,1746950514.7929504
2013-04-08,27.041649646059412,27.05159531286675,26.48470368650051,26.70350456237793,27256000,0.0,0.0,729592682.7633771
2013-04-09,26.434973920626696,26.743281965063005,26.27584706563107,26.44491958618164,21311100,0.0,0.0,564947980.3430122
2013-04-10,26.862628821812592,27.68810011702596,26.75322839452614,27.419572830200195,45949400,0.0,0.0,1250773190.154356
2013-04-11,27.330066122227624,27.94668417951841,27.10132147877377,27.86712074279785,33368500,0.0,0.0,918434688.4043614
2013-04-12,27.84722638439577,27.84722638439577,27.091372869186305,27.250499725341797,28697400,0.0,0.0,788297479.1098732
2013-04-15,27.011810723267434,27.330064450684844,26.216176404723914,26.375303268432617,30275400,0.0,0.0,810566930.1969211
2013-04-16,26.663722347680153,26.96208666613806,26.25595948636883,26.773122787475586,27365900,0.0,0.0,728179864.602444
2013-04-17,26.50459439711196,27.051594677006022,26.246012757025266,26.484703063964844,26440600,0.0,0.0,704610359.5601239
2013-04-18,26.67366507775597,26.67366507775597,25.012776814454163,25.54983139038086,39059000,0.0,0.0,1009410366.9339178
2013-04-19,25.48021442657076,25.818357592440123,25.191795797785126,25.58961296081543,20380900,0.0,0.0,519816417.6154209
2013-04-22,25.669177419200413,26.216177700050167,25.559778880584012,25.828304290771484,25687600,0.0,0.0,665000031.1303493
2013-04-23,26.076939506963605,26.186339939342936,25.62939590502812,25.83824920654297,25191500,0.0,0.0,652658054.7617368
2013-04-24,25.788524437204824,26.255959401927615,25.65923266387294,25.96754264831543,19729900,0.0,0.0,512140773.9695192
2013-04-25,25.927759624917737,26.255959041804978,25.858141854205595,25.997377395629883,17150000,0.0,0.0,446878415.18329066
2013-04-26,26.454868583020485,27.469303834064934,26.454868583020485,26.70350456237793,33018000,0.0,0.0,890234162.4336631
2013-04-29,27.011814316523473,27.260450311260943,26.713451881615345,26.832796096801758,29201100,0.0,0.0,788048657.6621999
2013-04-30,26.98197697595106,27.69804984585967,26.862632762261008,27.618486404418945,36245700,0.0,0.0,988795066.8045799
2013-05-01,27.69804484640853,27.767662607985514,27.160990290914526,27.280336380004883,64567600,0.0,0.0,1773305644.457509
2013-05-02,27.857172369571092,28.861661846163674,27.82733537234652,28.811933517456055,104257000,0.0,0.0,2955112391.505109
2013-05-03,28.881555124138863,28.911390226432413,27.99640978290604,28.155536651611328,58506400,0.0,0.0,1664735255.2331796
2013-05-06,28.175426361482838,28.30471622350536,27.330063734591604,27.419572830200195,43939400,0.0,0.0,1222279425.2454028
2013-05-07,27.399684986199958,27.698049308521007,26.703505361334916,26.7432861328125,41259100,0.0,0.0,1122279592.1395264
2013-05-08,26.73334033156116,27.15104886316096,26.504595680122275,26.97203254699707,34654900,0.0,0.0,929715498.041513
2013-05-09,26.932246357507477,27.39968126632524,26.70350173597592,26.892465591430664,33457200,0.0,0.0,905070507.1722951
2013-05-10,26.991918799064006,27.151045659282637,26.425029122417413,26.5344295501709,30847100,0.0,0.0,826333268.1992898
2013-05-13,26.454865142537177,27.18088165257562,26.385247380881673,26.673664093017578,29068800,0.0,0.0,778551545.8238817
2013-05-14,26.74328594072399,27.13115936726118,26.673668168431732,26.922304153442383,24930300,0.0,0.0,670685245.9565425
2013-05-15,26.773122063512755,26.84273983352115,26.255958776390433,26.45486831665039,30299800,0.0,0.0,804439974.0702994
2013-05-16,26.335523240420915,26.405141013145013,25.758687827495788,25.9874324798584,35499100,0.0,0.0,925884488.198396
2013-05-17,26.25595839572322,26.454867933099326,26.05705075528905,26.10677719116211,29462700,0.0,0.0,773571453.3701901
2013-05-20,26.03715810528845,26.047103771348432,25.549831850000498,25.619449615478516,42402900,0.0,0.0,1093929850.7292483
2013-05-21,25.72884992814348,25.937703223627352,25.45037697055648,25.519994735717773,26261300,0.0,0.0,674758895.2017599
2013-05-22,25.510050430681382,25.708959967704313,24.78403384534897,25.022724151611328,45314500,0.0,0.0,1144032384.0708015
2013-05-23,24.664687633651774,25.390706112685407,24.634852531090857,24.923269271850586,37663100,0.0,0.0,942058808.878205
2013-05-24,24.833759325875835,24.833759325875835,23.948615903749864,24.17736053466797,58727900,0.0,0.0,1432443227.1239676
2013-05-28,24.406109545035992,24.406109545035992,23.78949145881701,23.968509674072266,50079700,0.0,0.0,1206810619.7963285
2013-05-29,23.660199200363373,23.680088635770225,23.13309027477365,23.19276237487793,64237800,0.0,0.0,1503587812.1098676
2013-05-30,23.998341478108845,24.644796476942677,23.799433852803023,24.41604995727539,60733200,0.0,0.0,1471086564.7312558
2013-05-31,24.495615086591407,24.813870723660408,24.137580577419403,24.217144012451172,35925000,0.0,0.0,879290443.9956461
2013-06-03,24.137580019493274,24.187306453885512,23.580634090202448,23.719871520996094,35733800,0.0,0.0,853465016.9071653
2013-06-04,23.75965230175819,23.799434966846643,23.192762602840915,23.391672134399414,34760800,0.0,0.0,816743190.6401978
2013-06-05,23.222598500608278,23.580632984719518,22.665654494369402,22.775053024291992,53819700,0.0,0.0,1244480659.119161
2013-06-06,22.864564490401953,22.964019261778322,22.546310739551156,22.84467315673828,31260700,0.0,0.0,711342386.5362802
2013-06-07,22.90434787995666,23.27232807962792,22.735275332368175,23.16292953491211,38699200,0.0,0.0,890228722.9807596
2013-06-10,23.92872308729659,24.46577764512529,23.85910532541696,24.197250366210938,58393000,0.0,0.0,1410917445.6494367
2013-06-11,23.898889541625977,24.217143272022586,23.869052543048095,23.898889541625977,29885900,0.0,0.0,718549619.7548105
2013-06-12,24.02817988461988,24.127634651576038,23.451344512604443,23.640308380126953,26445800,0.0,0.0,629132083.5900421
2013-06-13,23.59058114284107,23.699981581263497,23.143037516184044,23.600526809692383,31189300,0.0,0.0,730500487.7680103
2013-06-14,23.431452257536503,23.759651647714197,23.133089865353806,23.501070022583008,30677100,0.0,0.0,719266660.3352692
2013-06-17,23.779544191240873,24.117689264644856,23.62041732104393,23.888944625854492,33664500,0.0,0.0,803539744.57696
2013-06-18,23.958563353302793,24.555290088894118,23.948617686399707,24.07790756225586,36709100,0.0,0.0,890267400.4570193
2013-06-19,24.06796200076123,25.05256018757303,23.968507236075403,24.17736053466797,31790600,0.0,0.0,779204573.0191189
2013-06-20,24.147525738397736,24.614960672306086,23.520962040815217,23.76959800720215,42765600,0.0,0.0,1029280808.1901302
2013-06-21,24.455834134673193,24.565234568377033,23.918779529518236,24.396162033081055,45833900,0.0,0.0,1111105726.880761
2013-06-24,23.819327151613308,23.978454023776692,23.25243553547156,23.80938148498535,40626000,0.0,0.0,959401059.6170098
2013-06-25,24.008290597372064,24.29670925642431,23.908837718884318,24.117691040039062,24713200,0.0,0.0,595656661.7550986
2013-06-26,24.37627182918538,24.515507371662814,23.859108532923493,24.028181076049805,29890300,0.0,0.0,722965890.886428
2013-06-27,24.10774315925818,24.704469860104265,24.07790616028622,24.52545166015625,34694100,0.0,0.0,846230315.9445148
2013-06-28,24.54534171854417,24.843704105006918,24.28676009837028,24.74424934387207,96778900,0.0,0.0,2377396141.046111
2013-07-01,24.833757974837972,24.923267068491445,24.485669162787534,24.674631118774414,20582200,0.0,0.0,508472303.6497151
2013-07-02,24.565234043690563,24.63485181021808,24.16741498306154,24.27681541442871,18394100,0.0,0.0,448836887.8111323
2013-07-03,24.087854690293195,24.575181016453048,24.01823691469066,24.386219024658203,10404400,0.0,0.0,252792678.76139578
2013-07-05,24.515506830146567,24.525452496809837,24.06796321195106,24.237035751342773,20229500,0.0,0.0,491510251.5401893
2013-07-08,24.336487844911776,24.90337944491641,24.286761410129458,24.575178146362305,27064600,0.0,0.0,665655743.0927372
2013-07-09,24.933213890397198,25.350922381170815,24.89343312300734,25.34097671508789,30387900,0.0,0.0,763410225.3127078
2013-07-10,25.440430325486158,25.689066275460394,25.331029900476132,25.659229278564453,26721800,0.0,0.0,681674402.9970704
2013-07-11,25.81835729900772,25.85813996332954,25.311141607497383,25.66917610168457,26777400,0.0,0.0,685090160.1673305
2013-07-12,25.599558451200828,25.78852231369569,25.410594588705965,25.768630981445312,16537900,0.0,0.0,423362937.7101142
2013-07-15,25.78852310848308,26.285795048416986,25.510050139221004,26.136613845825195,24234000,0.0,0.0,627610256.1386095
2013-07-16,26.246009361629152,26.604045724191007,25.868083565435175,26.1763916015625,30817600,0.0,0.0,808532545.7979919
2013-07-17,26.22611994768354,26.63388274004432,26.156500290622937,26.50459098815918,21518500,0.0,0.0,567984928.6227067
2013-07-18,26.604048671631507,26.62394000440906,25.977486864673686,26.037158966064453,24806900,0.0,0.0,652439168.0993243
2013-07-19,25.67912412910279,25.967542781132163,25.460325146038514,25.73879623413086,46539700,0.0,0.0,1196718772.4850726
2013-07-22,25.848193426760677,25.98742895331434,25.579666142457086,25.907865524291992,27526300,0.0,0.0,709725664.8673664
2013-07-23,25.95759737551495,26.156505026592075,25.82830560021988,25.9874324798584,28221600,0.0,0.0,733547265.7928182
2013-07-24,26.17639448527616,26.385249685426267,25.90786718377255,26.365358352661133,82635600,0.0,0.0,2160636544.1781826
2013-07-25,33.35700165926078,34.68969057080434,32.571311106764,34.17252731323242,365457900,0.0,0.0,12290532212.490303
2013-07-26,33.58575156538121,34.5405129013906,33.37689823448246,33.824440002441406,136028900,0.0,0.0,4619365363.830282
2013-07-29,33.884106548064544,35.43559622288688,33.824432554996335,35.23668670654297,124718800,0.0,0.0,4319013838.57153
2013-07-30,35.45549004867612,37.75288393214434,35.12728875453281,37.424686431884766,173582800,0.0,0.0,6325372219.718472
2013-07-31,37.75288335206878,38.10097597328598,36.13177962033417,36.599212646484375,154828700,0.0,0.0,5746680522.988969
2013-08-01,37.096488020631035,38.08108818569372,36.718560263003695,37.28545379638672,106066500,0.0,0.0,3966868456.0918818
2013-08-02,37.45452048114555,38.27999368100172,37.295393620121715,37.84239196777344,73058500,0.0,0.0,2760712216.5695634
2013-08-05,38.22032171926473,39.10546516792953,38.0413035168512,38.976173400878906,79994800,0.0,0.0,3085670165.7926493
2013-08-06,38.89661037812866,39.03584590938278,37.732992106863854,38.339664459228516,63950800,0.0,0.0,2454714303.1046925
2013-08-07,38.39933351095993,38.72753096467006,37.49429888046755,38.65791320800781,68854800,0.0,0.0,2624119424.8104906
2013-08-08,38.916504419201225,38.976174625958706,38.22032292058698,38.3297233581543,41301000,0.0,0.0,1594146272.5849416
2013-08-09,38.379445158881396,38.52862824552183,37.802607937347425,38.28993606567383,43532300,0.0,0.0,1661437136.4417596
2013-08-12,37.991579460510216,38.28994188525487,37.89212278967262,38.011470794677734,31161000,0.0,0.0,1186954658.6677077
2013-08-13,38.03136083809651,38.11092237818227,36.56938007441668,36.818016052246094,65379200,0.0,0.0,2441269215.0544786
2013-08-14,36.62905329897055,37.345122320109496,36.42019619866632,36.450035095214844,48423900,0.0,0.0,1786002203.710674
2013-08-15,36.16161749602951,36.86774276787347,35.82347241186868,36.36052703857422,56521100,0.0,0.0,2054293721.1478622
2013-08-16,36.76829272973692,37.28545606269199,36.698674953558765,36.87769317626953,45840800,0.0,0.0,1695745876.544874
2013-08-19,37.22577861421835,38.071139414701165,36.937359971650274,37.60370635986328,57609600,0.0,0.0,2160604823.123976
2013-08-20,38.14075401398108,38.369502431405756,37.48435524394208,38.2004280090332,57995200,0.0,0.0,2199579823.3266664
2013-08-21,38.17059394907156,38.63802697779731,37.94184931929434,38.11091995239258,46116900,0.0,0.0,1765813248.602673
2013-08-22,38.16064626364931,38.53857398697026,38.13081116234734,38.339664459228516,21931200,0.0,0.0,840725809.7933571
2013-08-23,38.78721213734152,40.4083197581897,38.71759436778521,40.32875442504883,86442300,0.0,0.0,3419913003.32588
2013-08-26,40.676846785072804,41.711169551555294,40.39837191489178,41.114444732666016,94162400,0.0,0.0,3865815743.690088
2013-08-27,40.458040095692425,40.97520330149762,39.20491284481125,39.42371368408203,72695100,0.0,0.0,2914350780.633769
2013-08-28,39.74197337172856,40.62711683655929,39.66241183247159,40.32875442504883,57918200,0.0,0.0,2325112489.6793323
2013-08-29,40.66689990515344,41.5520433787345,40.57739080142705,41.054771423339844,58303400,0.0,0.0,2394212626.3898153
2013-08-30,41.79073289190687,42.02942129053033,40.83597170964564,41.06471633911133,67735100,0.0,0.0,2806447840.7031097
2013-09-03,41.611716868520865,41.92997061255711,41.28351556092379,41.64155197143555,48774900,0.0,0.0,2029364733.3814569
2013-09-04,41.78078856196141,41.93991543798523,41.21389882900881,41.55204391479492,42581900,0.0,0.0,1770423701.8678565
2013-09-05,41.56198641843807,42.5366388896556,41.54209508712136,42.42723846435547,50035400,0.0,0.0,2103456543.010813
2013-09-06,42.854896718779585,44.36660389908341,42.16866279492249,43.710205078125,117535700,0.0,0.0,5085491572.783335
2013-09-09,44.11796687103137,44.545621040491675,43.4615680657478,43.799713134765625,75794700,0.0,0.0,3335239248.0753446
2013-09-10,43.99862138579981,44.01850892408836,42.99412997746238,43.36211013793945,54540300,0.0,0.0,2372847714.7411237
2013-09-11,43.15325916691204,44.84398455384477,42.87478808925861,44.79425811767578,72328300,0.0,0.0,3172274851.681087
2013-09-12,45.28157946181759,45.371088558462624,44.4063836211591,44.505836486816406,68072300,0.0,0.0,3055679509.726432
2013-09-13,44.79425770361584,44.834040369736854,43.69031337900289,44.068241119384766,52765300,0.0,0.0,2335507041.4291887
2013-09-16,44.60528984286132,44.6947989404904,42.19849556376486,42.27805709838867,70424200,0.0,0.0,3059695375.4132867
2013-09-17,42.268115368566455,45.192073042382034,42.198497599705405,44.824092864990234,91934600,0.0,0.0,4017108577.876026
2013-09-18,44.59535142313418,45.22191518169669,44.15775344550235,44.98322296142578,79317000,0.0,0.0,3544663588.251773
2013-09-19,45.2616891508851,45.798743742869725,44.983218085656205,45.7291259765625,63972400,0.0,0.0,2903769987.439596
2013-09-20,46.067270107588996,47.34028500162498,45.49043665643531,47.23088836669922,115508400,0.0,0.0,5361364064.783945
2013-09-23,47.022034738206735,47.29056204853007,46.037438394238436,46.932525634765625,75177000,0.0,0.0,3508059544.6430044
2013-09-24,48.245320074221176,49.389047009318645,47.89723124730473,48.18564987182617,136716100,0.0,0.0,6650300273.380174
2013-09-25,48.96139513162427,49.269705102580616,48.195595882900854,49.19013977050781,87879700,0.0,0.0,4282610705.5069075
2013-09-26,49.737138783924664,50.32391983684794,49.229923064088425,50.11506652832031,98220100,0.0,0.0,4889094202.55713
2013-09-27,50.01560895531439,51.00020519948756,49.587954814872774,50.960426330566406,81410500,0.0,0.0,4094466200.4245415
2013-09-30,49.86643114274293,51.31846434379148,49.52828606089344,49.95594024658203,100095000,0.0,0.0,5047127740.8784685
2013-10-01,49.69735955878798,50.751573657527,49.18019627904188,50.144901275634766,98114000,0.0,0.0,4902352837.778259
2013-10-02,49.85648171718928,50.82118662259196,49.67746352981899,50.00566101074219,62834000,0.0,0.0,3157366091.838295
2013-10-03,50.19463326252599,50.4432692445375,48.79232647573645,48.91167068481445,82045000,0.0,0.0,4070892225.434938
2013-10-04,49.49844548707883,50.88086076501266,49.29953596787692,50.76151657104492,74447000,0.0,0.0,3729064997.7867155
2013-10-07,50.45321137029535,51.010157317649124,50.12501385755543,50.24435806274414,57204000,0.0,0.0,2892668165.953201
2013-10-08,50.32391401271544,50.32391401271544,46.8231232274881,46.88279342651367,136081000,0.0,0.0,6609932987.342069
2013-10-09,47.121488639236944,47.57897789935485,45.01305294725374,46.51481628417969,147297000,0.0,0.0,6819264183.806453
2013-10-10,47.608813283120995,49.408939026717114,47.56903441226714,48.78237533569336,99774000,0.0,0.0,4837940160.950608
2013-10-11,48.91166641038809,49.59790029497112,48.523794919367944,48.84204864501953,58428000,0.0,0.0,2866527203.9917016
2013-10-14,48.04641476434679,49.35921234297404,47.64859570675151,49.239864349365234,68781000,0.0,0.0,3336147022.7340865
2013-10-15,49.71725143056282,50.721739104299836,48.91166950251985,49.229923248291016,81167000,0.0,0.0,4043472438.1948667
2013-10-16,49.766972876311065,50.960426200214364,49.62773735073433,50.86096954345703,64678000,0.0,0.0,3252920621.0741296
2013-10-17,50.84108355385137,51.93508412982477,50.672012910425366,51.92513656616211,71522000,0.0,0.0,3669332397.2563853
2013-10-18,53.88438496935673,54.53083997588766,53.30754772735884,53.92416763305664,88260000,0.0,0.0,4758908049.344268
2013-10-21,54.38165992142892,54.51095168873339,53.218041603456356,53.55618667602539,58235000,0.0,0.0,3136798962.185335
2013-10-22,54.03356937111181,54.46121973765984,51.91518990128523,52.39257049560547,83204000,0.0,0.0,4425471393.799393
2013-10-23,51.467642015147945,51.96491391867595,50.85102591706062,51.616825103759766,57207000,0.0,0.0,2940895735.091491
2013-10-24,52.09420441277702,52.551693642398206,51.308513913720994,52.163822174072266,46775000,0.0,0.0,2429030604.218738
2013-10-25,52.88984587619663,52.94951987709003,51.59693954124474,51.66655731201172,45085000,0.0,0.0,2356738561.4378114
2013-10-28,51.25879413715471,51.417921011326,49.33932408340376,49.95594024658203,73472000,0.0,0.0,3701418155.7999926
2013-10-29,50.453207775306,50.51288177059028,48.981283369912724,49.13046646118164,102143000,0.0,0.0,5081316254.9732
2013-10-30,49.72719581913524,49.936049131043454,48.484015923656855,48.74259567260742,127073000,0.0,0.0,6253266463.347966
2013-10-31,46.90268856787845,51.71628103097875,46.24628976808676,49.9360466003418,248809000,0.0,0.0,12186984638.972343
2013-11-01,50.57255432731414,51.80579039677317,49.44872248458007,49.47855758666992,95033000,0.0,0.0,4811260061.326821
2013-11-04,49.100628509099465,49.47855623205384,47.75799583744143,47.956905364990234,80371000,0.0,0.0,3907499463.1887026
2013-11-05,47.52925216715168,49.90621139489321,47.25077730541381,49.83659362792969,76835000,0.0,0.0,3732528613.3940454
2013-11-06,49.98576905604215,50.17473480362253,48.444226945254705,48.85198974609375,67889000,0.0,0.0,3347571347.0847635
2013-11-07,48.97134845231065,49.59790844356715,47.04193065543869,47.300514221191406,97128000,0.0,0.0,4693217146.00412
2013-11-08,47.549142887940235,48.38455987463805,46.99219696551379,47.270668029785156,70731000,0.0,0.0,3373046694.03039
2013-11-11,46.78334641814408,47.27067080927336,45.480492530769084,45.94792938232422,80910000,0.0,0.0,3752248312.9214168
2013-11-12,45.749017639762286,47.11154166805037,45.579947004331714,46.355690002441406,68196000,0.0,0.0,3160594380.7508845
2013-11-13,45.977764499389075,48.47407183781189,45.80869385577044,48.44423294067383,79245000,0.0,0.0,3735718883.693966
2013-11-14,48.434291000463844,49.299543172473385,47.76794458284063,48.72270965576172,75117000,0.0,0.0,3645709238.857961
2013-11-15,48.84205234057607,49.21003252735016,48.4442332564694,48.74259567260742,42453000,0.0,0.0,2072858272.6602461
2013-11-18,48.20553966066278,48.57351980789157,45.550105716469794,45.5799446105957,85910000,0.0,0.0,4043080334.398942
2013-11-19,46.00759899804917,46.74356315101231,45.47054817711269,46.1070556640625,75602000,0.0,0.0,3485785622.314453
2013-11-20,46.35568826638132,47.29055809560142,46.057325877811806,46.17667007446289,53933000,0.0,0.0,2517265713.1690474
2013-11-21,46.733620521428165,47.201053584500364,46.43525430999335,46.4452018737793,34886000,0.0,0.0,1633298118.603654
2013-11-22,46.783338292907,47.012082897121154,45.70922923602319,45.97775650024414,40545000,0.0,0.0,1879692800.219169
2013-11-25,46.107053139709734,46.39547176453171,43.79971172890126,44.57545471191406,82565000,0.0,0.0,3723482662.567647
2013-11-26,44.41632569372091,45.918085153535976,43.312381475224434,45.63961410522461,82016000,0.0,0.0,3659162975.512207
2013-11-27,45.71918391949103,46.41536160863483,45.281582179019075,46.23634719848633,44993000,0.0,0.0,2062860295.918956
2013-11-29,46.49492976323315,46.95241907069214,46.246293775194474,46.753509521484375,22953900,0.0,0.0,1069636967.3965982
2013-12-02,46.644111040702654,47.28061853804829,46.00759974947307,46.80323791503906,50774000,0.0,0.0,2368307997.6653047
2013-12-03,46.49492795462918,46.942473474466574,46.037438664966054,46.47503662109375,32086000,0.0,0.0,1491676730.4529176
2013-12-04,46.20650649866623,48.50390416483561,46.00759696929457,48.35472106933594,60890000,0.0,0.0,2877402652.0285935
2013-12-05,47.88728620989304,48.434284549367355,47.60881136185169,48.07624816894531,43855000,0.0,0.0,2105984985.5932555
2013-12-06,48.71275901517374,49.12052185612725,47.44968782639484,47.67843246459961,42938000,0.0,0.0,2073265831.6740668
2013-12-09,47.8276165462994,48.702816245043515,47.47952769708045,48.573524475097656,36056000,0.0,0.0,1733975296.588611
2013-12-10,48.3746101283642,50.49298949793719,48.275157265293885,49.975826263427734,68479000,0.0,0.0,3381771961.0996504
2013-12-11,50.27419111910103,50.49299198127702,48.74259267163656,49.11057662963867,65776000,0.0,0.0,3263659908.065022
2013-12-12,50.771463893561034,51.785899098002105,50.38359239060376,51.547210693359375,92723000,0.0,0.0,4736730879.649001
2013-12-13,51.37813305043406,53.208093811791194,51.05987933488356,53.029075622558594,82641000,0.0,0.0,4308404784.407174
2013-12-16,52.95946107991588,54.20264091747259,52.621316012345105,53.51640701293945,85119000,0.0,0.0,4546374194.9545765
2013-12-17,54.46121610498302,54.8789264683284,53.94405667437783,54.560672760009766,78751000,0.0,0.0,4284959372.7356296
2013-12-18,54.5606784890949,55.585057483191605,53.45673416262212,55.26680374145508,76003000,0.0,0.0,4143751645.2283907
2013-12-19,54.03357238399096,54.888876958661996,53.65564463637469,54.74964141845703,89753200,0.0,0.0,4871109077.811823
2013-12-20,54.63029006202414,54.8490909073589,53.93410865822725,54.819252014160156,239824000,0.0,0.0,13044411026.308567
2013-12-23,55.197184618733985,58.00179802017517,55.14745818416053,57.45479965209961,98297000,0.0,0.0,5561116218.558793
2013-12-24,57.95207064069483,58.260380600237305,56.599490396601475,57.643760681152344,46617800,0.0,0.0,2677257247.0782156
2013-12-26,58.00179719929977,58.061471196273644,57.056979780240624,57.415016174316406,55101000,0.0,0.0,3171570883.628456
2013-12-27,57.16638266461555,57.365292202515086,54.948550232662825,55.13751220703125,60466000,0.0,0.0,3395584398.342734
2013-12-30,54.63029495851674,54.87893092545196,53.13847915690544,53.41695022583008,68307000,0.0,0.0,3689172615.2477937
2013-12-31,53.82471108897143,54.56067519346004,53.61585779492545,54.35182189941406,43076200,0.0,0.0,2329916985.1571455
2014-01-02,54.530843206911506,54.918714716258506,53.89433193164962,54.411495208740234,43195500,0.0,0.0,2350116978.2398577
2014-01-03,54.719803103418194,55.34636679144783,54.23247494742098,54.26231384277344,38246200,0.0,0.0,2095487148.4565623
2014-01-06,54.12307808410446,56.94758295711449,53.755097897496114,56.88791275024414,68852600,0.0,0.0,3811083701.9050813
2014-01-07,57.38518013912551,58.23054088280769,56.9077995527526,57.60397720336914,77207400,0.0,0.0,4444765952.672238
2014-01-08,57.28572497002613,58.091306864555875,56.9177448031399,57.912288665771484,56682400,0.0,0.0,3259494535.1244993
2014-01-09,58.33000064754658,58.63830682526309,56.34091286817768,56.90780258178711,92253300,0.0,0.0,5303606224.07245
2014-01-10,56.81828897620823,57.98190341383985,56.74867121295934,57.62386703491211,42449500,0.0,0.0,2435127763.810156
2014-01-13,57.59403382340825,57.93217888194232,55.077839113479975,55.60494613647461,63010900,0.0,0.0,3560431471.453877
2014-01-14,56.15194243718513,57.46473995901958,55.79390605961508,57.42496109008789,37503600,0.0,0.0,2123803478.4122336
2014-01-15,57.6636562076658,58.25043727406638,56.95753093277744,57.285728454589844,33663400,0.0,0.0,1939145958.467133
2014-01-16,56.94758178895204,57.70343727413265,56.51993140424571,56.87796401977539,34541800,0.0,0.0,1972740378.107405
2014-01-17,56.98736075602264,57.504524003395055,55.764072299190886,55.99281692504883,40849200,0.0,0.0,2313465772.0417967
2014-01-21,56.29118288045806,58.26038312911232,56.19173000861583,58.19076156616211,48669200,0.0,0.0,2785146392.3613596
2014-01-22,58.52889772037614,58.98639072521339,56.78844617124485,57.19620895385742,61352900,0.0,0.0,3551560995.3123565
2014-01-23,56.06243849550942,56.37074846983906,55.38614834102653,56.321022033691406,47951800,0.0,0.0,2679472182.247632
2014-01-24,55.843637404599455,56.11216089927666,54.10318570731842,54.15291213989258,55200700,0.0,0.0,3041982141.7133365
2014-01-27,54.431386024435085,54.64023932842402,51.56709859157318,53.2578239440918,73924100,0.0,0.0,3925640934.5658326
2014-01-28,53.725257643625184,54.97838118826184,53.70536631194732,54.83914566040039,48191200,0.0,0.0,2618800106.26604
2014-01-29,54.31204335286809,54.65018843290742,52.899789032509496,53.23793411254883,92995600,0.0,0.0,5000837342.1914625
2014-01-30,61.781057245121296,62.15898493581841,60.13011475698129,60.746734619140625,150178900,0.0,0.0,9182621236.9275
2014-01-31,60.14007033767451,63.024245346916075,59.84170413509447,62.22861099243164,87794600,0.0,0.0,5393483444.196661
2014-02-03,62.686100224888534,63.422064373410656,60.368814932077335,61.14455795288086,74866600,0.0,0.0,4633901122.306124
2014-02-04,61.71144564615528,62.795498603412256,61.482701014021906,62.40762710571289,45985500,0.0,0.0,2857497574.2537594
2014-02-05,62.39768731162602,62.815393937641296,60.9357065328046,61.850685119628906,51685100,0.0,0.0,3198044001.4625216
2014-02-06,61.12466509265381,62.437462692237894,61.12466509265381,61.82084655761719,42086500,0.0,0.0,2600148745.5094223
2014-02-07,61.93025227925719,64.21770260760385,61.88052584048785,63.96906661987305,60704300,0.0,0.0,3827352344.5907464
2014-02-10,63.949174027248276,64.13813220331292,63.123700792133086,63.20326232910156,43666100,0.0,0.0,2778513962.8812227
2014-02-11,63.4021657775118,64.64534549863947,63.004346749197566,64.49616241455078,45675600,0.0,0.0,2915238141.617653
2014-02-12,64.56577968111588,64.70501520179486,63.700531458006026,64.09834289550781,47282100,0.0,0.0,3035641948.861686
2014-02-13,63.82982422801312,66.96263885498047,63.70053625985578,66.96263885498047,61911700,0.0,0.0,4044789649.3786035
2014-02-14,67.13171225274688,67.21127758462919,66.35596923631353,66.72394561767578,36694900,0.0,0.0,2450618382.6849055
2014-02-18,66.57477150910988,67.17149633527627,65.7095155791195,66.93280792236328,43809900,0.0,0.0,2910751921.9342437
2014-02-19,66.68416821273756,68.7030910152584,66.6344379851044,67.68865203857422,62087100,0.0,0.0,4201357348.3992124
2014-02-20,67.36046414398533,69.72747598077468,65.37137627139217,69.25009155273438,130928900,0.0,0.0,8844172058.319365
2014-02-21,69.30975583478423,69.57827930661044,68.07651613103687,68.21575164794922,70932400,0.0,0.0,4882092505.950686
2014-02-24,68.36494367632612,71.05021668494292,68.16603793691787,70.39381408691406,76620300,0.0,0.0,5333395597.00168
2014-02-25,70.56288406110168,70.61261428937021,69.07106826625584,69.46888732910156,52077000,0.0,0.0,3637153568.2246685
2014-02-26,69.80703669878284,70.83141567135945,68.47434396666793,68.88211059570312,55322700,0.0,0.0,3853385374.363349
2014-02-27,68.96166184335105,69.6280119405308,68.49423264196452,68.56385040283203,41653700,0.0,0.0,2876651269.5829425
2014-02-28,69.0909552360743,69.49871422622135,67.01235486167437,68.08646392822266,66783700,0.0,0.0,4558357142.322651
2014-03-03,66.59465651710919,67.67871327929743,66.14711481143904,67.04220581054688,56824100,0.0,0.0,3802266119.0054092
2014-03-04,68.28537843279099,68.52406681141699,67.25105200838934,68.42461395263672,42013500,0.0,0.0,2852193977.2679663
2014-03-05,69.30975722358677,71.57731578761474,69.24013946373563,71.17949676513672,74567700,0.0,0.0,5250216878.97306
2014-03-06,71.48781785053787,71.49776541481558,69.86671391061417,70.4534912109375,46026500,0.0,0.0,3253256103.8359456
2014-03-07,70.69217376093918,70.79162662146666,69.09095766681598,69.41915893554688,38927000,0.0,0.0,2722604679.2949896
2014-03-10,70.38385851733273,71.75633376153806,70.12528260306897,71.6369857788086,59871600,0.0,0.0,4247339691.167603
2014-03-11,72.10442840106934,72.19393370454235,69.57828613689979,69.71752166748047,59408300,0.0,0.0,4211223284.0031734
2014-03-12,69.47883940623994,70.96070773415325,68.62353102127221,70.49327087402344,46340500,0.0,0.0,3234201708.0228972
2014-03-13,70.90102938569734,70.9606995864309,67.77816241785521,68.45445251464844,57091000,0.0,0.0,3960370185.3433495
2014-03-14,68.11630505701511,69.05117868893616,67.09192612217427,67.35050964355469,48227000,0.0,0.0,3282886757.862712
2014-03-17,67.80800231108262,68.57379776310476,66.25651628020945,68.36494445800781,52197000,0.0,0.0,3518868951.0594363
2014-03-18,68.38483062364269,69.2202437345574,67.92734140750844,68.81248474121094,40827000,0.0,0.0,2799662229.297561
2014-03-19,68.79259420796112,68.91194219795665,67.1018727490772,67.86766815185547,43981000,0.0,0.0,2991011797.5927477
2014-03-20,67.63893320164908,67.85773407510902,66.45542352489821,66.60460662841797,44439000,0.0,0.0,2984371205.2933607
2014-03-21,67.16154944455975,67.54942096484255,65.81891667529098,66.87313079833984,59999900,0.0,0.0,4001043460.7871237
2014-03-24,66.82340384791473,66.99247448170055,63.014299073465445,63.75025939941406,85696000,0.0,0.0,5570530233.291753
2014-03-25,64.53594970703125,65.82885974488545,63.43200542843337,64.53594970703125,68786000,0.0,0.0,4445668935.905954
2014-03-26,64.3867652280341,64.59561852114811,60.04060976682906,60.06050109863281,97503900,0.0,0.0,6076259169.684048
2014-03-27,60.17984748528868,61.56226664182366,57.663652725754694,60.6373405456543,112650000,0.0,0.0,6715399908.378851
2014-03-28,61.005324276757165,61.611996675696616,59.01623643440301,59.682579040527344,67052000,0.0,0.0,4044182143.2492003
2014-03-31,60.44837819507802,61.18434236459673,59.54334338035921,59.91132736206055,53011000,0.0,0.0,3199947674.51293
2014-04-01,60.1301172981782,62.318114419164004,59.91132024179808,62.2783317565918,59291000,0.0,0.0,3623552705.2415514
2014-04-02,62.86511672713881,63.56129819065168,61.87057286323008,62.37779235839844,66277000,0.0,0.0,4156624058.9190607
2014-04-03,62.208722553973146,62.82533873315492,58.807384107577775,59.16542053222656,83859000,0.0,0.0,5099999252.350502
2014-04-04,59.612954400115164,59.87153791439861,56.01270688261267,56.44036102294922,125214400,0.0,0.0,7255188090.855445
2014-04-07,55.59500428429748,57.68354491003845,55.13751121717652,56.63927459716797,108488000,0.0,0.0,6119865368.564649
2014-04-08,57.36528949447822,58.38966844455986,56.858070007084464,57.87250518798828,78836000,0.0,0.0,4542835354.286916
2014-04-09,59.30465023513502,62.119207329214035,58.86704851749634,62.069480895996094,100215000,0.0,0.0,6062318814.83904
2014-04-10,62.73582531432478,62.835278177705504,58.35983103566883,58.83721160888672,114988000,0.0,0.0,6967991609.113744
2014-04-11,57.28572529667301,59.98094206312457,56.99731045821694,58.21065139770508,91452000,0.0,0.0,5348947574.790862
2014-04-14,59.762140832402544,60.12017722982223,57.46474314488206,58.568687438964844,72325000,0.0,0.0,4252164683.0502443
2014-04-15,58.9665029028705,59.35437437844337,55.575108691430124,58.76759338378906,108623000,0.0,0.0,6241992619.749434
2014-04-16,59.463775172696025,59.86159041944443,57.42496112569525,59.39415740966797,78774000,0.0,0.0,4619565405.708416
2014-04-17,58.976456079903095,60.24947492877483,58.39962255581838,58.6184196472168,88040000,0.0,0.0,5222933271.271793
2014-04-21,59.13557415039316,60.90586471557617,58.82726799676174,60.90586471557617,60364000,0.0,0.0,3613785411.523783
2014-04-22,62.30817985220312,63.093866687676005,61.880525651104215,62.68610382080078,60631000,0.0,0.0,3788661190.946292
2014-04-23,63.10380813559049,63.1336432370923,60.92575467274964,61.025211334228516,95908700,0.0,0.0,5949187788.157829
2014-04-24,63.25298804388791,63.302718272046356,59.44388702896657,60.53788375854492,138769000,0.0,0.0,8516711835.508131
2014-04-25,59.64279763374017,59.68257650554585,57.255890806744034,57.39512634277344,92502000,0.0,0.0,5408521051.66072
2014-04-28,57.73326922842969,57.99185275174139,54.36176621345918,55.83369064331055,107758000,0.0,0.0,6053500636.226042
2014-04-29,55.78396753848903,57.96201731508602,55.53533156332976,57.83272933959961,75557000,0.0,0.0,4287759594.6032305
2014-04-30,57.26583726275484,59.52344848566264,56.84812686886009,59.45383071899414,76093000,0.0,0.0,4427531141.725849
2014-05-01,60.10028388803596,61.940188454072974,59.88148303162028,60.81635665893555,82429000,0.0,0.0,5020819279.447104
2014-05-02,60.96554403186469,61.55232512043047,59.851655858173146,60.130126953125,54189000,0.0,0.0,3289380162.6247754
2014-05-05,59.344428902364946,61.01526285118083,58.85710454705911,60.8859748840332,46057000,0.0,0.0,2760480812.630368
2014-05-06,60.64728463382306,60.81635906425406,58.170872526324644,58.21065139770508,55901000,0.0,0.0,3325752616.57247
2014-05-07,58.44934151632486,58.97644853373286,55.95303437110586,57.07686996459961,78587000,0.0,0.0,4515981636.52128
2014-05-08,56.91774275135003,58.49906758768549,56.19172621306671,56.4503059387207,61251000,0.0,0.0,3512462905.5449367
2014-05-09,56.53981711972125,57.33545524559025,56.07238408373953,56.92769241333008,52584000,0.0,0.0,2981718911.646739
2014-05-12,57.66365075249399,59.57317687707096,57.66365075249399,59.50355911254883,48575000,0.0,0.0,2847389451.053059
2014-05-13,59.334484688792486,60.557773143246095,59.18530159688298,59.50355911254883,48525000,0.0,0.0,2905266350.8823814
2014-05-14,59.2051922203499,60.120174504938916,58.628358779227696,58.906829833984375,47429000,0.0,0.0,2816062092.567369
2014-05-15,58.93666609636656,59.05601408837253,57.20616194500021,57.60397720336914,56814000,0.0,0.0,3302659634.5800195
2014-05-16,57.991856448067004,58.13109198770168,56.99731254338052,57.70343780517578,47933000,0.0,0.0,2759224907.1941814
2014-05-19,57.57414616353867,59.23503646088474,57.25589241684072,58.88694381713867,43034000,0.0,0.0,2506535316.662019
2014-05-20,59.17535982476365,59.86159372416024,57.862562229640936,58.2404899597168,53931000,0.0,0.0,3174490727.3722258
2014-05-21,58.24048799225437,60.16990165472343,57.93217803946512,60.15995788574219,58992000,0.0,0.0,3483538942.6597853
2014-05-22,60.60750305889133,61.14455766796845,60.07045224369805,60.189796447753906,54200000,0.0,0.0,3284926768.606162
2014-05-23,60.08039276704712,61.11471926333577,59.82181303991678,61.015262603759766,38294000,0.0,0.0,2315571784.010377
2014-05-27,61.28379190781675,63.16347920591539,61.23406547333636,63.133644104003906,55682000,0.0,0.0,3463352041.415048
2014-05-28,63.04413465045866,63.79004254512833,62.278335423331754,63.16347885131836,47795000,0.0,0.0,3012719062.501275
2014-05-29,63.491678998599234,63.94917204908034,63.16347770981172,63.48173522949219,42700000,0.0,0.0,2713855072.3523455
2014-05-30,63.601083042038844,63.819880119779,62.21866763070633,62.954627990722656,45253500,0.0,0.0,2851842710.313294
2014-06-02,62.885011525834116,63.243047943597226,61.71144939822569,62.73583221435547,35996000,0.0,0.0,2248931043.1581287
2014-06-03,62.27833395065749,63.073968260714295,61.97997155862164,62.52696990966797,32217000,0.0,0.0,2014431389.579773
2014-06-04,62.10926047262863,63.24303978672482,61.73133276996874,62.99440383911133,36514000,0.0,0.0,2281657119.7675543
2014-06-05,63.31265928149497,64.00884071264484,62.47724232289184,62.84522247314453,47352000,0.0,0.0,2994684501.9493666
2014-06-06,63.02424101657001,63.133641444148026,61.810900132055394,62.15898895263672,42442000,0.0,0.0,2651448116.788613
2014-06-09,62.05953804519017,62.99440790272502,61.452865686856946,62.53691864013672,37617000,0.0,0.0,2340666545.3096523
2014-06-10,63.18336452072883,65.46087066552225,63.153529421658924,65.41114044189453,69338000,0.0,0.0,4458932636.622484
2014-06-11,64.96360751637526,65.44099192899104,64.54590089769134,65.42109680175781,44242000,0.0,0.0,2875440056.219041
2014-06-12,65.49071410931886,66.10733405714397,63.7104796229006,63.93922805786133,55730000,0.0,0.0,3617373378.194442
2014-06-13,64.34699230824143,64.61552343131295,63.481743904000304,64.14808654785156,29419000,0.0,0.0,1884246753.8687904
2014-06-16,63.80993998262462,64.52600521371824,63.402173343307766,63.83977508544922,31046000,0.0,0.0,1985829115.7407146
2014-06-17,63.75026355058911,64.5260065916656,63.58119290579406,64.04862976074219,27715000,0.0,0.0,1775245517.0360475
2014-06-18,64.13812881212064,65.39125614960034,63.700534691105375,65.24207305908203,35570000,0.0,0.0,2295897500.1019506
2014-06-19,65.10284844792982,65.22219645791044,63.859668464763345,63.988956451416016,34245000,0.0,0.0,2210204232.138482
2014-06-20,64.10830387821991,64.45639275278636,63.0043594561889,64.14808654785156,46466000,0.0,0.0,2961295656.071122
2014-06-23,63.96906207230156,65.30175481743682,63.86960920183299,65.01333618164062,34560000,0.0,0.0,2232081170.2529826
2014-06-24,65.0033833031091,66.8035051510322,64.91387041556928,65.36141967773438,57335000,0.0,0.0,3776007864.0555477
2014-06-25,65.22219207489778,67.11182703987869,65.21224451112577,67.0720443725586,44308000,0.0,0.0,2931507481.140953
2014-06-26,67.62898115358769,67.62898115358769,66.53498444659782,66.76372528076172,47714000,0.0,0.0,3200749727.323626
2014-06-27,66.94274439665853,67.33061589276669,66.47530757115192,67.23116302490234,46461000,0.0,0.0,3108378505.0285606
2014-06-30,67.09192218326736,67.54941140945559,66.76372091629531,66.9228515625,27102800,0.0,0.0,1820130981.3991807
2014-07-01,67.21127523947247,68.06658355794445,67.02230947978735,67.68865203857422,33243000,0.0,0.0,2245380035.626659
2014-07-02,67.66876145821352,67.92734497230032,65.43103789512882,66.08743286132812,41895000,0.0,0.0,2793524725.1154723
2014-07-03,66.49520391271636,66.63443944782473,65.40120717067872,65.92831420898438,25203200,0.0,0.0,1663860404.4277332
2014-07-07,65.93826064454859,66.20678414687434,64.76469859172958,64.93376922607422,28745000,0.0,0.0,1882387635.660585
2014-07-08,64.70502217871821,65.20229411698138,61.87057364817165,62.417572021484375,68926000,0.0,0.0,4379312241.790469
2014-07-09,63.064026854445395,64.76469976114676,62.80544711669525,64.61551666259766,51432000,0.0,0.0,3280593897.110585
2014-07-10,62.964570161540486,64.98348909383463,62.7059866456074,64.51605987548828,44422000,0.0,0.0,2836110945.648747
2014-07-11,64.92382092652117,66.22667093416078,64.43649656750418,65.97803497314453,39212000,0.0,0.0,2561782062.037643
2014-07-14,66.76373032207482,67.79805690482235,66.53498947063876,67.52953338623047,38537000,0.0,0.0,2588396304.0855722
2014-07-15,67.58920317219926,67.71849114882465,65.89848156132872,66.80351257324219,44213200,0.0,0.0,2953816968.914277
2014-07-16,67.17149215601094,67.56931121129304,66.70405533513703,67.29084014892578,29541600,0.0,0.0,1983325042.584009
2014-07-17,66.6642731594646,67.47979881427518,65.67967687094425,66.04766082763672,38188000,0.0,0.0,2542547028.7335796
2014-07-18,66.43552818211369,68.08646692725378,65.7990207637745,68.04668426513672,42456000,0.0,0.0,2842121132.7051487
2014-07-21,68.43456220887995,69.57828919268127,68.12625603302054,69.02134704589844,49539000,0.0,0.0,3410872732.9680204
2014-07-22,69.37938366447915,69.38932364015395,68.23565667715943,68.89205169677734,40398000,0.0,0.0,2779886977.429413
2014-07-23,69.35949296554733,70.94082179207716,69.23020498361197,70.90103912353516,78435000,0.0,0.0,5497157242.575589
2014-07-24,75.545556400026,76.32129945536482,74.1034707292313,74.57090759277344,124168000,0.0,0.0,9338971432.140467
2014-07-25,74.58083370656763,75.25712376024735,74.25264003568824,74.77974700927734,45917000,0.0,0.0,3432519912.108988
2014-07-28,74.75985114506179,75.0880524004589,73.44705371123993,74.51121520996094,41725000,0.0,0.0,3098813651.255317
2014-07-29,74.31232228579736,74.5112280330022,73.01941216566236,73.30783081054688,41324000,0.0,0.0,3048278087.784807
2014-07-30,73.80509281261556,74.77974905311527,73.72552748935703,74.27252960205078,36853000,0.0,0.0,2736432478.209866
2014-07-31,73.59624131821653,73.76531194342401,72.04475541580985,72.25360870361328,43992000,0.0,0.0,3207238241.633708
2014-08-01,71.82595916802393,72.82050303335184,71.15961659931844,71.96519470214844,43535000,0.0,0.0,3134087254.10415
2014-08-04,71.96520536300594,73.47690892362897,71.96520536300594,73.10893249511719,30777000,0.0,0.0,2238135975.699881
2014-08-05,72.80060790419958,73.1884794046417,71.78617650022039,72.29339599609375,34986000,0.0,0.0,2536041655.7437525
2014-08-06,71.62705089609074,73.31778013910154,71.39831004007586,72.07460021972656,30986000,0.0,0.0,2242086385.1459956
2014-08-07,72.60169658886707,73.59624037775566,72.30333041709372,72.77076721191406,38141000,0.0,0.0,2782377764.843175
2014-08-08,72.99951816939156,73.02935327005665,72.16409741193321,72.66136932373047,27202000,0.0,0.0,1974776122.7257442
2014-08-11,73.05920181153259,73.50675116714677,72.66138269135396,73.03931427001953,24591000,0.0,0.0,1797210289.8571959
2014-08-12,72.6912083913424,72.92990438522374,71.82596007376735,72.43263244628906,27419000,0.0,0.0,1984530523.8005383
2014-08-13,72.7210452769782,73.84487703767257,72.65142751459477,73.36749267578125,29266000,0.0,0.0,2143680424.5133283
2014-08-14,73.56640626813133,73.97416528142415,73.2879352175378,73.89460754394531,22207000,0.0,0.0,1635124732.890224
2014-08-15,73.91450156684635,74.24270287145768,72.6017039361688,73.22826385498047,38846600,0.0,0.0,2852202966.7465715
2014-08-18,73.59625188970466,74.31232474375551,73.55646922139427,74.18302917480469,23974000,0.0,0.0,1772503233.2602506
2014-08-19,74.40181943259708,75.16762240962693,74.10346084452472,74.87920379638672,26679000,0.0,0.0,1991201615.0687559
2014-08-20,74.5609556134939,74.76980891696586,74.21286677437398,74.40182495117188,22917000,0.0,0.0,1707117989.4092176
2014-08-21,74.5112281955133,74.77975930137015,74.00401626270438,74.16313934326172,20102000,0.0,0.0,1495425728.194513
2014-08-22,73.93439090448618,74.32227001158695,73.16859542953272,74.16313934326172,20897000,0.0,0.0,1541058307.561539
2014-08-25,74.53112188160867,74.86926316360875,74.38193877988073,74.61067962646484,19734000,0.0,0.0,1472661609.5764108
2014-08-26,74.59077879787618,75.57537495343355,74.32225533282104,75.54553985595703,23993000,0.0,0.0,1798246921.729053
2014-08-27,74.85931632954897,75.078117202513,74.05373819524308,74.22280883789062,36323000,0.0,0.0,2708458191.806347
2014-08-28,73.59624389188778,74.02389804504053,73.32772039468365,73.4570083618164,21947000,0.0,0.0,1616962984.9483132
2014-08-29,73.89461419651774,74.41177368164062,73.60619555736099,74.41177368164062,26241000,0.0,0.0,1942069765.4003208
2014-09-02,74.60074069135324,76.28151473681515,74.41177492067737,76.26162719726562,34979000,0.0,0.0,2635550289.4647155
2014-09-03,76.71911750421299,77.05726638319196,75.18751895443658,75.41626739501953,32389000,0.0,0.0,2465528176.1502256
2014-09-04,75.47594380156129,76.5102704755001,75.1179073533606,75.53561401367188,26676000,0.0,0.0,2022416635.8813443
2014-09-05,75.6847882786105,76.95780323985137,75.1875163351403,76.83846282958984,29476000,0.0,0.0,2242317719.8962274
2014-09-08,76.83846690506027,77.74349794453919,76.58983092013766,77.46502685546875,28183000,0.0,0.0,2174788103.6965938
2014-09-09,77.16665702743123,77.74349430652286,75.78424162297323,76.25167846679688,28882000,0.0,0.0,2217094034.557853
2014-09-10,76.10249167143516,77.52468967312117,76.09255169617889,77.00753021240234,29909000,0.0,0.0,2297269036.057198
2014-09-11,76.70915965544881,77.93245185360297,76.6296019190924,77.4948501586914,32219000,0.0,0.0,2489917405.251236
2014-09-12,77.59431327474248,77.87279194597768,76.67933468970203,77.05726623535156,26676800,0.0,0.0,2061478085.9173503
2014-09-15,76.72905777640862,76.8285106415627,73.02935352564596,74.17308044433594,49679000,0.0,0.0,3722394416.98138
2014-09-16,73.11885681703097,75.81407719151579,72.67131514226236,75.6648941040039,37742000,0.0,0.0,2802067838.7307277
2014-09-17,75.54554841535507,76.82851086657165,75.15767692868114,76.01298522949219,28693000,0.0,0.0,2180469843.204594
2014-09-18,76.35112372013005,76.90807340440323,76.10248777165165,76.57987213134766,23031000,0.0,0.0,1761993117.2228599
2014-09-19,76.97769718786498,77.872788189957,76.02293598155602,77.48491668701172,76671000,0.0,0.0,5899669533.977037
2014-09-22,76.5798795588859,77.1069866067419,75.53560543888493,76.38097381591797,31961000,0.0,0.0,2439304942.1851397
2014-09-23,75.91353371420354,78.20098001119881,75.62511508784529,77.86283874511719,36814000,0.0,0.0,2831476932.488105
2014-09-24,77.67387137152842,78.19103841072062,77.08709415572382,78.1114730834961,30680000,0.0,0.0,2381966553.5692577
2014-09-25,78.17114328681117,78.5092921336395,76.70916264703794,76.79867553710938,37533000,0.0,0.0,2912907131.6415834
2014-09-26,77.16665030145728,78.40983005953798,76.90807437496879,78.360107421875,28872000,0.0,0.0,2242169268.4165397
2014-09-29,77.69376626363115,78.76786782686403,77.48491297112011,78.56896209716797,34031000,0.0,0.0,2658719191.6680994
2014-09-30,78.91705556516256,79.27509196991274,78.17114765322762,78.60874938964844,35899000,0.0,0.0,2826081278.1155577
2014-10-01,78.35017600318056,78.38995867416837,75.48589198197703,76.1323471069336,55090000,0.0,0.0,4238510306.3235254
2014-10-02,76.1522271955663,77.05726579948357,75.22730105198582,76.6594467163086,36488000,0.0,0.0,2778279637.6382074
2014-10-03,77.33573267454547,77.63409127987097,76.83846074456879,77.0174789428711,23340000,0.0,0.0,1802694682.1252122
2014-10-06,76.76884156688072,77.4650192209454,76.43069271507264,77.1368179321289,25729000,0.0,0.0,1979791386.200904
2014-10-07,76.62960420548738,77.5246875713975,75.82401855329424,75.87374877929688,25317000,0.0,0.0,1941164596.4794102
2014-10-08,75.76436060896604,77.28601168249656,74.69025129079094,77.0970458984375,32976000,0.0,0.0,2505784623.9035645
2014-10-09,76.85834692915304,77.33573131213835,75.43614893096365,75.4958267211914,32487000,0.0,0.0,2481550036.7288275
2014-10-10,75.17756976999269,76.08260836125511,72.36301629927983,72.51219940185547,52146000,0.0,0.0,3870422771.7741275
2014-10-13,72.83044707797218,74.37198544209461,72.12431429046886,72.59175109863281,43938000,0.0,0.0,3218377208.824687
2014-10-14,73.59624317356288,73.77526136587413,71.65688574666372,73.1884765625,50299000,0.0,0.0,3657545783.806771
2014-10-15,71.29885865875637,73.39734701367453,69.93633070696148,72.81056213378906,61528000,0.0,0.0,4409517261.397647
2014-10-16,70.40376178515089,72.94979167574056,70.19490848204167,72.23371887207031,53529000,0.0,0.0,3831196327.372962
2014-10-17,73.8250047017635,75.58534424894309,73.34762024157305,75.53561401367188,76342000,0.0,0.0,5684920187.5674925
2014-10-20,75.18751859698153,76.66938690852632,74.9687177212297,76.5301513671875,34701000,0.0,0.0,2630996934.3785815
2014-10-21,77.13681133363943,78.3103732699355,76.72905233907302,78.26065063476562,32252000,0.0,0.0,2500165777.370871
2014-10-22,78.38994740637139,79.41432637681447,77.58436930102634,77.9424057006836,41862000,0.0,0.0,3286139699.2328863
2014-10-23,78.94689175885414,80.1900716292631,78.57891537338446,79.6032943725586,35056000,0.0,0.0,2782902804.182407
2014-10-24,79.76241394427313,80.37903386448806,78.88721808557197,80.22985076904297,32248000,0.0,0.0,2568009046.442768
2014-10-27,80.29946924618821,80.35914703755509,79.3248205111499,79.84197998046875,30169000,0.0,0.0,2408752808.48844
2014-10-28,79.74253787027503,80.71719432457576,79.13586542594092,80.32931518554688,74212000,0.0,0.0,5931507635.102672
2014-10-29,75.03832411204084,76.4605220009779,74.37198160986313,75.44609069824219,106120000,0.0,0.0,8003172641.591225
2014-10-30,74.64051631391814,74.9388749056102,72.50224559517292,73.70564270019531,83270000,0.0,0.0,6138711052.050106
2014-10-31,74.52116323834623,75.28695858463247,74.04377890134748,74.5808334350586,44544000,0.0,0.0,3325894185.287746
2014-11-03,75.05823468178566,75.10795732765901,73.29788760451953,73.4769058227539,40727000,0.0,0.0,3022062423.2764173
2014-11-04,73.82499071779068,75.3565815154839,73.24815348409125,75.34664154052734,39326000,0.0,0.0,2922014904.296646
2014-11-05,76.09254867937764,76.38096729348953,74.0139481803531,74.42171478271484,35913000,0.0,0.0,2700566299.706055
2014-11-06,74.48138890478151,75.18751413329842,73.90455164618433,74.84937286376953,21383000,0.0,0.0,1594017821.28134
2014-11-07,74.97866195605356,75.44609879026676,74.61067799155714,75.18751525878906,20774000,0.0,0.0,1558639740.4328046
2014-11-10,74.9488261929589,75.06817418822708,74.20291829500968,74.59078979492188,21575100,0.0,0.0,1610269373.7175407
2014-11-11,74.54106794535932,74.57091063835644,73.62608930875822,74.20292663574219,18715700,0.0,0.0,1386805295.9551067
2014-11-12,73.87472276157408,74.73003115829707,73.13876236942922,74.31232452392578,26536600,0.0,0.0,1961967513.1639304
2014-11-13,74.33221118076021,74.82948314560724,73.23821437565033,73.84488677978516,26448500,0.0,0.0,1958084248.9454904
2014-11-14,73.86476323379239,74.52116577100317,73.63602241344333,74.471435546875,19476900,0.0,0.0,1442821369.2748232
2014-11-17,74.47144554724231,75.24719617387193,73.4769016332621,73.8349380493164,28701200,0.0,0.0,2134280037.9910576
2014-11-18,74.04378763909176,74.39188406170295,73.49679306655672,73.93438720703125,20690500,0.0,0.0,1529945337.0611284
2014-11-19,73.60619123325807,74.13329825090835,72.71110026565982,72.92990112304688,25441200,0.0,0.0,1867948855.769857
2014-11-20,72.40279477160175,73.58629678453573,72.11437614673473,73.19842529296875,19154900,0.0,0.0,1395440909.9655962
2014-11-21,74.0935260837361,74.0935260837361,73.09898210945776,73.34761810302734,23060400,0.0,0.0,1697159057.969164
2014-11-24,73.13875671208291,73.94433481431082,72.94979094972622,73.60619354248047,22103800,0.0,0.0,1623459188.531561
2014-11-25,73.80509579151753,75.32674661836059,73.72553046504761,75.21734619140625,32250200,0.0,0.0,2403482873.1976657
2014-11-26,75.11789449935229,77.35561812380799,75.09800696130806,77.19649505615234,32695300,0.0,0.0,2492258504.1226974
2014-11-28,77.24622690721075,77.84295176067508,76.80863272814662,77.27606201171875,15992000,0.0,0.0,1236594069.5726182
2014-12-01,76.8384650829495,76.88818772609407,74.3918879598601,74.69024658203125,31789900,0.0,0.0,2404589239.024457
2014-12-02,74.91899083831505,75.49582809851381,74.63057220821568,75.04827880859375,16773900,0.0,0.0,1259102613.052525
2014-12-03,74.96870743708915,75.31680383045256,73.99405878141887,74.471435546875,16689900,0.0,0.0,1245991682.9529364
2014-12-04,74.42172396730919,75.13779680964683,74.2526533205817,74.82948303222656,14362800,0.0,0.0,1072832578.5652232
2014-12-05,75.38643246450722,76.34119372089094,74.94883070991835,75.94337463378906,24306400,0.0,0.0,1838657924.9125116
2014-12-08,75.76435960932353,76.82852134909477,74.98861653013289,76.10250091552734,25733900,0.0,0.0,1953423522.2351284
2014-12-09,74.78969454139848,76.51025874181606,74.37198794514705,76.42074584960938,25358600,0.0,0.0,1913081270.4180117
2014-12-10,76.23179539170468,77.12688646551058,75.6549580788333,75.76435852050781,32210500,0.0,0.0,2460589801.847794
2014-12-11,76.10249577923653,78.09158357635766,76.06272070052977,77.30590057373047,33462100,0.0,0.0,2579163372.571818
2014-12-12,76.73901473616799,78.44962395448196,76.59977160258087,77.40535736083984,28091600,0.0,0.0,2177792800.115393
2014-12-15,78.03191174474004,78.15125974167711,76.14227685929183,76.56993103027344,29396500,0.0,0.0,2267844974.3451915
2014-12-16,75.77430180474099,76.96775144389542,74.18302550217807,74.28248596191406,31554600,0.0,0.0,2384751153.1112857
2014-12-17,74.60074347296604,75.99310651415315,74.49134303194482,75.69474029541016,29203900,0.0,0.0,2197366408.0496454
2014-12-18,76.47047334769564,77.97223663330078,76.0925494294961,77.97223663330078,34222100,0.0,0.0,2636210257.5598207
2014-12-19,78.32032863608522,79.56350845570563,77.90262203775696,79.44416046142578,43335000,0.0,0.0,3411897382.4671
2014-12-22,79.64307964913439,81.44320173239736,79.56351431375631,81.00559997558594,31395800,0.0,0.0,2527467327.8209157
2014-12-23,81.57248417334789,81.72166727011128,79.96132797405232,80.17018127441406,19865800,0.0,0.0,1605981023.4607527
2014-12-24,80.58789874897663,80.9857178647681,80.30942764425313,80.32931518554688,7685500,0.0,0.0,619816920.4047914
2014-12-26,80.5779370497241,80.83652056779397,80.07072516413773,80.33924865722656,10647400,0.0,0.0,856621904.1030848
2014-12-29,80.05083374322966,80.51827057483823,79.27509074088674,79.5833969116211,14134700,0.0,0.0,1129315612.0946887
2014-12-30,79.41433309081246,80.15029349109886,78.6684251264258,78.78777313232422,14370800,0.0,0.0,1141176020.7543616
2014-12-31,79.10602560759327,79.36460915561861,77.43519149101914,77.59431457519531,19935400,0.0,0.0,1562933372.905491
2015-01-02,78.15126058854695,78.49934943200917,77.27605711039311,78.02196502685547,18177500,0.0,0.0,1415803726.2122586
2015-01-05,77.55453518103494,78.81760257132035,76.44064330268932,76.76884460449219,26452200,0.0,0.0,2053461085.7542393
2015-01-06,76.8086291980268,77.16665802343586,74.94882936223388,75.7345199584961,27399300,0.0,0.0,2083928936.7630901
2015-01-07,76.34119234816986,76.93791717420874,75.40631864845597,75.7345199584961,22045300,0.0,0.0,1679237190.990695
2015-01-08,76.32128775250303,77.80316345177606,75.66489280162277,77.75343322753906,23961000,0.0,0.0,1838624047.9438446
2015-01-09,77.7733156151913,78.19102974293115,76.77877189843556,77.31582641601562,21157000,0.0,0.0,1639348046.6631978
2015-01-12,77.41529887847516,77.57442955558977,75.79419494115365,76.3014144897461,19190200,0.0,0.0,1471587288.9087029
2015-01-13,76.80861793831514,77.65397861692576,75.43614269307824,76.03286743164062,25179600,0.0,0.0,1927374009.2686884
2015-01-14,76.00304321756879,76.77878624757375,75.6151717025663,75.86380767822266,25918600,0.0,0.0,1974919019.2632499
2015-01-15,75.9831654175476,76.15223608160088,73.13876888442685,73.64598846435547,34134000,0.0,0.0,2547949581.7551956
2015-01-16,73.636026541969,74.90904143824821,73.4371132220708,74.76980590820312,21791500,0.0,0.0,1616342614.640171
2015-01-20,75.30686850390356,75.8936457875675,74.41177743853066,75.82402801513672,22821600,0.0,0.0,1715105123.3483608
2015-01-21,75.74446699712355,76.87824643506923,75.43615322872235,76.32129669189453,25096700,0.0,0.0,1911294397.021139
2015-01-22,76.74895680050004,77.32579412759668,76.26163237687554,77.2263412475586,19519500,0.0,0.0,1498974885.8270226
2015-01-23,77.22633914653431,77.7633937894509,76.61966673070825,77.40535736083984,16746500,0.0,0.0,1292687961.5004225
2015-01-26,77.55454050115264,78.04186491171018,76.86830274808416,77.07715606689453,19260800,0.0,0.0,1491846878.6308835
2015-01-27,76.29146517460373,76.46053582433161,75.2173558920357,75.36653900146484,20110000,0.0,0.0,1525121201.2080731
2015-01-28,76.48043065899954,77.2163910515203,75.58533959362666,75.82402801513672,53306400,0.0,0.0,4072655087.231231
2015-01-29,76.43069773308339,77.59431228317389,73.80510242570428,77.57442474365234,61293500,0.0,0.0,4639900012.729312
2015-01-30,77.57441970974733,77.73355036666489,75.33669606427385,75.4958267211914,42649500,0.0,0.0,3264184737.578161
2015-02-02,75.69472516287793,75.72456026123412,73.34760131381454,74.5808334350586,41955300,0.0,0.0,3127183630.2648196
2015-02-03,74.77975601180137,75.16762751407175,73.45701084366517,74.98860931396484,26957700,0.0,0.0,2003289206.7281823
2015-02-04,74.68029161938509,75.93341895410114,74.60073388068233,75.21734619140625,20277400,0.0,0.0,1526220615.3460193
2015-02-05,75.29691686051824,75.56544795946584,74.79964491644843,75.19746398925781,15062600,0.0,0.0,1132444623.9763732
2015-02-06,75.26707971764861,75.28696725625453,73.84488169264984,74.06368255615234,21211000,0.0,0.0,1581617824.027605
2015-02-09,73.6459801028534,74.42172314421691,73.04924768232647,74.03385162353516,16194300,0.0,0.0,1194094571.4281456
2015-02-10,74.44159818855417,74.9289225016013,74.09350939352048,74.77974700927734,15811300,0.0,0.0,1178119188.7116694
2015-02-11,74.68029414955537,76.33124058478793,74.62062394656489,76.0925521850586,20877400,0.0,0.0,1575741228.283433
2015-02-12,76.44063916419614,76.45058672704279,75.47593043778727,75.81407928466797,17235000,0.0,0.0,1309226761.667923
2015-02-13,76.04282452007186,76.06271964691744,75.08806330121111,75.32675170898438,18621900,0.0,0.0,1407357382.4908776
2015-02-17,74.88915664963874,76.49037289171187,74.67035578360127,75.18751525878906,25254400,0.0,0.0,1908736753.1289139
2015-02-18,75.52566270091974,76.48042389022858,75.03833074926669,76.29145812988281,22426400,0.0,0.0,1699010099.5235884
2015-02-19,76.56993696322904,79.40438571714236,76.53015429450082,78.98667907714844,45851200,0.0,0.0,3574892890.4909267
2015-02-20,79.11596148422183,79.9016444006362,78.76786508770795,79.46405029296875,36931700,0.0,0.0,2929967361.78534
2015-02-23,79.52371995425659,79.7524683628953,77.95233895652463,78.40982818603516,24139100,0.0,0.0,1903426057.1821048
2015-02-24,78.07169525639338,79.0463516058553,77.67387618339325,78.02196502685547,18897100,0.0,0.0,1480778908.2781045
2015-02-25,78.07169382345066,79.76241536795978,78.07169382345066,79.12590789794922,25593800,0.0,0.0,2019787311.9115603
2015-02-26,79.44416071069224,80.9260365235219,79.28503763892064,79.97127532958984,31111900,0.0,0.0,2492235459.117248
2015-02-27,80.2397924887385,80.78679460294633,78.19103472964531,78.53912353515625,30739200,0.0,0.0,2443425645.7102003
2015-03-02,78.56896484757665,79.42427317319192,78.09158045672052,79.31487274169922,21662500,0.0,0.0,1706093589.6289892
2015-03-03,79.17564275428965,79.26514806572531,78.09158592659374,79.16569519042969,18635000,0.0,0.0,1466171368.9734328
2015-03-04,78.86734166374968,80.7072465328667,78.41979231433085,80.45861053466797,28126700,0.0,0.0,2237859241.7717357
2015-03-05,80.78680186482273,81.54264974251296,80.60778366478715,80.76690673828125,27825700,0.0,0.0,2255974657.4307556
2015-03-06,80.45859923277827,80.88625339311895,79.39443761347944,79.57345581054688,24488600,0.0,0.0,1962524864.8920925
2015-03-09,79.24525731729048,79.47400575020006,78.200983199547,79.0065689086914,18925100,0.0,0.0,1492007466.686429
2015-03-10,78.07169043174599,78.82754586495938,77.12687683105469,77.12687683105469,23067100,0.0,0.0,1798708131.885613
2015-03-11,77.37552274027844,78.00208270038186,76.83846809400343,77.14677429199219,20215700,0.0,0.0,1565105061.3470275
2015-03-12,77.67387068192087,78.6186918618475,77.48491251614928,78.49934387207031,16093300,0.0,0.0,1256111068.1682076
2015-03-13,78.17114772043567,78.94689073547212,77.25616916873973,77.62415313720703,18557300,0.0,0.0,1449353521.7802153
2015-03-16,77.53464253132061,77.69377319949713,76.93791770119446,77.64404296875,19305400,0.0,0.0,1492613322.7571056
2015-03-17,77.93245808535656,79.34470855652353,77.91256295885137,78.927001953125,22170000,0.0,0.0,1743196854.7479308
2015-03-18,78.81760509818166,80.79674536029916,78.7380397640845,80.46855163574219,36912400,0.0,0.0,2944405901.21265
2015-03-19,80.6773963865952,82.54713601288118,80.55804839811296,82.29850006103516,42099500,0.0,0.0,3433323355.5553236
2015-03-20,82.93501442962243,84.13841162670919,82.61676068814302,83.34278106689453,44466300,0.0,0.0,3707492759.351956
2015-03-23,83.4621179758817,84.4964444892358,82.8455056457551,83.9693374633789,27357300,0.0,0.0,2289011966.213993
2015-03-24,84.24781101822467,85.60039129970139,84.0588452532666,84.84453582763672,32576500,0.0,0.0,2763452059.7838807
2015-03-25,85.03350005382534,85.0533875924132,82.46757507324219,82.46757507324219,37436100,0.0,0.0,3135665755.2238708
2015-03-26,82.26866451676626,83.31293095622233,81.69182729053318,82.55708312988281,32794800,0.0,0.0,2705649022.8753486
2015-03-27,82.92506250109845,83.49195218538622,82.42779058197699,82.84550476074219,18372600,0.0,0.0,1524188532.9838288
2015-03-30,83.35272803419859,83.87983512638417,81.96037254079083,82.74605560302734,24527700,0.0,0.0,2033839430.799084
2015-03-31,82.4476906053482,83.0444154261864,81.76145288811199,81.77140045166016,19734300,0.0,0.0,1626164223.5374293
2015-04-01,82.0498689821713,82.26866984683323,80.4287652114532,81.22439575195312,22058200,0.0,0.0,1794406281.0013468
2015-04-02,81.80122788729001,82.10953403847579,80.99564983405382,81.114990234375,19664100,0.0,0.0,1603658323.0939047
2015-04-06,80.35914494480242,82.3581725909972,80.35914494480242,81.99019622802734,19062900,0.0,0.0,1550931976.2265973
2015-04-07,82.1990432416853,82.96483859789652,81.77138912158205,81.87084197998047,17467000,0.0,0.0,1438723844.7880661
2015-04-08,82.17915878977243,82.64659563149338,81.39346820718558,81.83106994628906,18966700,0.0,0.0,1555649339.4045362
2015-04-09,82.04986571262558,82.34823189577838,81.26417517890594,81.72166442871094,15927300,0.0,0.0,1302951945.6003098
2015-04-10,81.76144733898967,82.15926638847122,81.46308874270396,81.59237670898438,12529700,0.0,0.0,1025069511.543543
2015-04-13,81.48297400264197,83.48200916926793,81.47302644004704,82.55708312988281,26883100,0.0,0.0,2217251358.8943877
2015-04-14,82.71621170077754,83.23337876141416,81.99019892610934,83.06430053710938,19634200,0.0,0.0,1622016384.5161872
2015-04-15,83.09414117225617,83.20354160207931,81.82111867865665,82.25872039794922,22390900,0.0,0.0,1847525332.9399655
2015-04-16,82.02003153511693,82.61675632037229,81.7017778104629,81.86090087890625,13769700,0.0,0.0,1131308459.7106807
2015-04-17,81.03543388468124,81.66199376039998,79.93148963620024,80.33924865722656,24215000,0.0,0.0,1956493100.224337
2015-04-20,81.09510408595433,82.69632024500453,80.79673790450668,82.63664245605469,28796800,0.0,0.0,2354038448.4599223
2015-04-21,83.54168124587771,84.02900559523718,83.08419199720616,83.16375732421875,27171900,0.0,0.0,2270391546.8310556
2015-04-22,83.85992964092176,84.277636199562,83.1935871419814,84.1682357788086,45548000,0.0,0.0,3813989640.3803096
2015-04-23,83.64113151738093,85.12299964514924,81.96035766601562,81.96035766601562,73728100,0.0,0.0,6159369238.086647
2015-04-24,82.31839155765138,82.48746977974145,81.03543666165746,81.08515930175781,29660400,0.0,0.0,2425077407.107234
2015-04-27,81.42331395108123,82.47752808452783,81.18461794565454,81.46309661865234,25446000,0.0,0.0,2082273483.9420104
2015-04-28,81.38352646420704,81.45314423139192,79.79225779443281,80.23979949951172,23775300,0.0,0.0,1916828903.3922951
2015-04-29,79.57346314952879,80.94593106178223,79.08613115337452,80.03095245361328,26430300,0.0,0.0,2114847706.982629
2015-04-30,79.57344970737766,80.51826326024322,77.89266829647842,78.3402099609375,28999000,0.0,0.0,2296879302.106685
2015-05-01,78.80765697254859,79.32482405272462,77.68382509056916,78.55902099609375,24136400,0.0,0.0,1894811779.591098
2015-05-04,78.8971719768004,79.25520839947879,78.2009866714733,78.3800048828125,14692000,0.0,0.0,1156673208.9912143
2015-05-05,78.12142179857838,78.37005775899682,76.79867666808816,77.1368179321289,22311300,0.0,0.0,1731008092.2115107
2015-05-06,77.54459354793727,78.38000682975967,76.62961492848372,77.67388153076172,28663000,0.0,0.0,2221520394.2282653
2015-05-07,77.57441344469935,78.50928700916954,77.13681176128492,78.00206756591797,19749400,0.0,0.0,1536958531.5286064
2015-05-08,78.66841171127801,78.7977072592282,77.6042501670662,78.08163452148438,19943600,0.0,0.0,1559609039.0635226
2015-05-11,78.05181033146978,78.59880493586901,77.50480813930261,77.5843734741211,18874100,0.0,0.0,1473157601.7710483
2015-05-12,77.4451354112602,77.46502295043351,76.37102618947632,77.03736877441406,21285300,0.0,0.0,1637223228.3788614
2015-05-13,77.29595112226443,78.10152923233706,77.22633335457627,78.01202392578125,21512300,0.0,0.0,1670729789.164228
2015-05-14,78.50929864576452,81.40341747683469,78.24076754104354,80.92604064941406,49438000,0.0,0.0,3946244609.4569316
2015-05-15,80.96581260462719,81.07520543945562,79.74252041913746,79.98120880126953,27069900,0.0,0.0,2176659878.609764
2015-05-18,79.89171086869823,80.93597737915253,79.79225799928841,80.43870544433594,21613700,0.0,0.0,1736965930.4995046
2015-05-19,80.80669104925232,81.24429278886625,80.11051336147354,80.19007110595703,17955400,0.0,0.0,1448595043.1759055
2015-05-20,80.03094644910487,80.65750635573508,79.02645501562709,80.11051177978516,23056900,0.0,0.0,1840908564.4716802
2015-05-21,79.7524749234464,80.47848769539165,79.64307449132848,80.0408935546875,13402700,0.0,0.0,1073030630.7599769
2015-05-22,79.91159728864615,80.86635847959448,79.81214442062877,80.1005630493164,19567900,0.0,0.0,1572070438.4506392
2015-05-26,79.99115234494347,80.16022295763612,78.64851982972374,78.89715576171875,16321300,0.0,0.0,1295982566.8276682
2015-05-27,79.16569055043381,80.21991221252866,78.99661991356388,80.11051177978516,14160900,0.0,0.0,1127324694.892192
2015-05-28,79.81214512964307,80.62767079505831,79.5635091635071,79.71269226074219,11982000,0.0,0.0,959705359.1317654
2015-05-29,79.51379018046404,79.63313819268448,78.44962839841304,78.75794219970703,16134600,0.0,0.0,1275301102.9203613
2015-06-01,78.86733993363924,79.94144165559123,78.23083239923497,79.85193634033203,18119000,0.0,0.0,1432961716.7996979
2015-06-02,79.32481616994446,80.9061371809273,79.12590285588658,80.00110626220703,18923300,0.0,0.0,1514167151.6143203
2015-06-03,80.90613950167587,82.07970153109548,80.80668663567772,81.99019622802734,31775000,0.0,0.0,2587857491.9996095
2015-06-04,81.69183074328933,82.49740882888472,81.06527085313375,81.60232543945312,20863900,0.0,0.0,1706277696.3088326
2015-06-05,81.42330238345271,82.01007957428655,81.0652660139461,81.69182586669922,16143100,0.0,0.0,1316270805.6826994
2015-06-08,81.37357771709878,81.55259591407942,79.69279617810108,80.22985076904297,16915500,0.0,0.0,1363773214.9676397
2015-06-09,80.16023300287091,80.7470178215503,78.88721808557197,80.22985076904297,16497500,0.0,0.0,1316782903.438875
2015-06-10,80.38897823512998,82.14931744572556,80.36908310971809,81.71172332763672,21531200,0.0,0.0,1749608093.019684
2015-06-11,81.86089881475154,82.44768361002322,80.91608522756832,81.3835220336914,18656800,0.0,0.0,1523922581.2245889
2015-06-12,80.92603623056225,81.64210143259346,80.75695800847218,81.08515930175781,11417900,0.0,0.0,927128110.3960717
2015-06-15,80.11051498157074,80.48843893575527,79.63313056617694,80.26963806152344,18805100,0.0,0.0,1505551063.3203928
2015-06-16,80.37904076646437,81.06527851177711,80.01105677780413,80.61772918701172,13693700,0.0,0.0,1102865506.2774694
2015-06-17,81.31390726915978,81.77139652945094,80.89619308561792,81.34374237060547,18350300,0.0,0.0,1492499534.856699
2015-06-18,81.19455903770705,82.73610503520167,81.12494127194863,82.45763397216797,26782600,0.0,0.0,2194312429.412942
2015-06-19,82.37806817876394,82.5272512724813,81.67194296212028,82.059814453125,23353200,0.0,0.0,1917288311.3997488
2015-06-22,82.9549188000004,84.50640501411898,82.85545832964422,84.27765655517578,29383100,0.0,0.0,2458805183.4080644
2015-06-23,84.4964464116137,87.49002558938612,84.2975406724219,87.4005126953125,50667900,0.0,0.0,4352057614.298331
2015-06-24,87.1817107255821,88.76303168147699,86.97284985615559,88.37516021728516,41370200,0.0,0.0,3635114283.194083
2015-06-25,88.77299985127934,88.91223540470753,87.36074160001417,87.49998474121094,27302000,0.0,0.0,2406302409.091456
2015-06-26,87.63920847705646,87.85800175453463,86.35624597537996,87.5298080444336,38214600,0.0,0.0,3328763895.649797
2015-06-29,86.1374491766345,87.02259265490294,85.26225326210164,85.33187103271484,35957900,0.0,0.0,3097500630.49953
2015-06-30,86.12749807882774,86.22695094879892,85.10311910136626,85.3020248413086,23016500,0.0,0.0,1971709278.6548133
2015-07-01,86.29656316009888,87.4701251608377,86.01809210700274,86.43580627441406,25260000,0.0,0.0,2191156184.092825
2015-07-02,86.92314403444972,86.96292670357089,85.86892227215962,86.8137435913086,16908800,0.0,0.0,1461189583.980416
2015-07-06,86.01809736673489,87.70882650183533,85.91864449708606,87.07231903076172,24635900,0.0,0.0,2138734506.391164
2015-07-07,87.32096268381576,87.37068532913244,84.7649850112766,86.74412536621094,33059900,0.0,0.0,2845394023.9434443
2015-07-08,85.81918564939164,86.27667488812226,84.98376490944703,85.18267822265625,24399300,0.0,0.0,2089317424.3764162
2015-07-09,86.2567910684756,87.12203935798621,85.18268189415134,85.41142272949219,23307400,0.0,0.0,2007987530.0560353
2015-07-10,86.87341368929185,87.73866966908484,86.29657636942987,87.47013854980469,23245900,0.0,0.0,2022802962.9433546
2015-07-13,88.17626046804442,89.72774642985769,87.93756448332904,89.6083984375,29976700,0.0,0.0,2662909862.825662
2015-07-14,89.96643973957599,90.30458860917096,89.16086161353181,89.1906967163086,26627800,0.0,0.0,2389385057.720042
2015-07-15,89.50894443640271,90.49354070062832,88.93210719563731,89.27025604248047,30886600,0.0,0.0,2770924108.156399
2015-07-16,89.78741937957868,90.36425664530728,89.28019988124714,90.35430908203125,21804100,0.0,0.0,1958492847.2753227
2015-07-17,92.04503377440861,94.86953458716548,92.03508621161237,94.45182800292969,54001600,0.0,0.0,5046574285.26364
2015-07-20,95.32703540447554,98.06203124730892,94.83971099705484,97.37580108642578,54860500,0.0,0.0,5291343015.198459
2015-07-21,98.4101067773073,98.69852539219104,96.60998491271495,97.85316467285156,39453300,0.0,0.0,3852782624.806274
2015-07-22,96.21217000349549,97.04759078382112,95.39664434933596,96.51053619384766,28299500,0.0,0.0,2723037816.0753894
2015-07-23,96.43096903297972,96.91829338604845,94.2926982767861,94.91926574707031,29418800,0.0,0.0,2812598960.7652984
2015-07-24,96.81884721503832,97.22661385645154,95.35686646697482,96.42102813720703,33444900,0.0,0.0,3220467620.534481
2015-07-27,96.05305884343733,96.08289394861856,93.31806291455426,93.65620422363281,38585400,0.0,0.0,3654055840.4741344
2015-07-28,94.32253129924139,95.03860405649148,92.80088048396848,94.77008056640625,35236000,0.0,0.0,3309356038.633824
2015-07-29,95.79446522863978,96.74922643304605,94.22308409340614,96.46080780029297,64648300,0.0,0.0,6173017611.303619
2015-07-30,94.39215502563204,95.28723836902243,91.2991232227125,94.69051361083984,86211300,0.0,0.0,8042926397.546769
2015-07-31,94.43193638031146,95.8044117619516,93.43739252127598,93.4970703125,46509000,0.0,0.0,4400723537.704315
2015-08-03,93.01970083273216,94.56124709645613,92.29368794840516,93.62637329101562,29343100,0.0,0.0,2741451522.257435
2015-08-04,93.27827518621821,94.21314889929324,92.82078589345774,93.54679870605469,20136000,0.0,0.0,1883057655.4934168
2015-08-05,94.73030112770107,96.56025815827583,94.66068336214154,95.91381072998047,29813200,0.0,0.0,2850454086.8682537
2015-08-06,96.64978666362633,98.20127288260542,93.90484308655145,94.60102844238281,42271300,0.0,0.0,4060287629.98351
2015-08-07,94.85960129555855,94.87949642414415,93.09926180414867,93.7854995727539,23199100,0.0,0.0,2180469005.006994
2015-08-10,95.15796542125501,95.37676630425595,93.11914728903889,93.63631439208984,21624200,0.0,0.0,2038036667.3620634
2015-08-11,93.21859995627464,94.24297892484346,92.39312672592146,93.10919952392578,22491000,0.0,0.0,2098816326.0956771
2015-08-12,92.19421815431046,93.924730034651,90.69246230147294,93.67609405517578,27050500,0.0,0.0,2496993680.6441603
2015-08-13,93.53685461517074,94.21314475466701,92.8406693489956,92.92023468017578,17451800,0.0,0.0,1632212876.4871495
2015-08-14,93.02963505350351,94.20319713046628,92.70143375342303,93.90483093261719,15929700,0.0,0.0,1488667349.2955456
2015-08-17,93.90483538399924,93.94461805144945,92.88045635740225,93.41751098632812,18313500,0.0,0.0,1710710500.093253
2015-08-18,93.5666848212785,95.32702405186139,93.52690215777015,94.6507339477539,22278800,0.0,0.0,2103719425.6195695
2015-08-19,94.11368028726505,95.57566093740341,93.64625105897262,94.78997039794922,23251300,0.0,0.0,2199827721.2006693
2015-08-20,93.02963142406718,94.25291609443478,89.96643458502474,90.06588745117188,44598200,0.0,0.0,4107925722.7363358
2015-08-21,87.04247191150532,88.69341829718023,85.14289715824418,85.59043884277344,62778700,0.0,0.0,5456608948.540727
2015-08-24,76.60971539701508,81.64210510253906,71.60716079444595,81.64210510253906,83710700,0.0,0.0,6414301661.361371
2015-08-25,86.47558731916894,87.19166012671468,82.5471420288086,82.5471420288086,52021200,0.0,0.0,4415008087.346454
2015-08-26,85.4810318385494,86.98279501791428,82.8057143244653,86.71427154541016,45124300,0.0,0.0,3830793816.05917
2015-08-27,88.6138651892,89.56862647887526,86.71429017401009,89.24043273925781,42431400,0.0,0.0,3739965474.8326197
2015-08-28,89.38960352341715,90.98087984294186,89.300098214022,90.51344299316406,33215900,0.0,0.0,2994097469.521153
2015-08-31,90.10566920501411,90.55321847980642,88.40500017144474,88.94205474853516,32850700,0.0,0.0,2939451376.7233286
2015-09-01,86.37613493463908,88.90227731423936,86.02804609228166,86.75406646728516,36097400,0.0,0.0,3157264928.067276
2015-09-02,88.32543461086404,89.39954376220703,87.15187259464126,89.39954376220703,27190500,0.0,0.0,2400260643.2254415
2015-09-03,89.27026074762979,89.32993095231357,87.25133788630718,87.6690444946289,27048200,0.0,0.0,2388102737.900391
2015-09-04,86.72422074144323,87.90773035180054,86.22694881611898,87.7784423828125,27328700,0.0,0.0,2379437203.288161
2015-09-08,89.20064219709553,89.74763677335633,88.3453338612153,89.04151153564453,27012500,0.0,0.0,2405368184.633183
2015-09-09,90.2846897296873,91.47814690552991,89.67801737254831,89.94654846191406,32551100,0.0,0.0,2948416209.516076
2015-09-10,89.57856696127845,91.55770715775304,89.14096522602608,91.4781494140625,26437400,0.0,0.0,2388601540.639461
2015-09-11,91.17977607142724,91.57759510978309,90.6327739452171,91.54776000976562,21185000,0.0,0.0,1930063334.2150893
2015-09-14,91.80634307861328,92.11465684090687,91.1002178347769,91.80634307861328,20127900,0.0,0.0,1843865337.9923477
2015-09-15,91.86601281619369,92.74120862172485,91.28917559565937,92.39311981201172,18859400,0.0,0.0,1735351314.054668
2015-09-16,92.393129918839,93.08930761441971,92.12459881642371,92.94012451171875,16321200,0.0,0.0,1511456604.8195407
2015-09-17,92.86057035889516,94.98889378231624,92.39313349330648,93.82527160644531,27841800,0.0,0.0,2608526463.501216
2015-09-18,92.69148392658934,94.67063165430739,92.54230841907523,93.88494110107422,62300000,0.0,0.0,5831683083.285869
2015-09-21,94.1037375927779,95.96352965259102,94.00427714203035,95.0286636352539,28790000,0.0,0.0,2734586578.8085747
2015-09-22,93.25838273583278,94.16342137132558,91.4184779481957,92.45280456542969,36888900,0.0,0.0,3422956062.9039445
2015-09-23,92.89040851818272,93.80538715151424,92.29368365243471,93.4572982788086,21701400,0.0,0.0,2019305187.572409
2015-09-24,92.55224954508375,94.25291864179557,91.73672388020847,93.89488983154297,29106000,0.0,0.0,2706707267.6227245
2015-09-25,95.26735884872538,95.32702905323492,91.55770685044106,92.26383209228516,28961600,0.0,0.0,2706240483.673951
2015-09-28,91.57759477571456,91.7864480628419,87.69887244448677,88.72325134277344,41199900,0.0,0.0,3697388628.1849446
2015-09-29,88.61386272200252,89.5686239850952,85.25230696729486,86.1971206665039,42281800,0.0,0.0,3695871819.171383
2015-09-30,87.95745940071978,89.52883289698318,87.52980524716122,89.40949249267578,36169100,0.0,0.0,3202025794.4496865
2015-10-01,89.55867486358972,90.4537582397461,87.87789336398686,90.4537582397461,29283700,0.0,0.0,2611105293.034117
2015-10-02,88.41494036431402,91.69693016704564,87.88783339400591,91.56764221191406,37881700,0.0,0.0,3401488068.8953433
2015-10-05,92.43290868684274,93.75564625265663,92.1544376203556,93.4970703125,27292500,0.0,0.0,2536975482.0520935
2015-10-06,93.56669327997385,93.65619859013374,91.83618140587,92.2936782836914,22172800,0.0,0.0,2056442721.5876958
2015-10-07,92.60198402993272,93.14898621532019,90.87147975180268,91.89585876464844,24129300,0.0,0.0,2220142514.730249
2015-10-08,91.38863211671946,92.71137723436185,89.97638169632413,91.96546936035156,27290500,0.0,0.0,2492820142.5489426
2015-10-09,92.39312095562934,93.22853410928138,91.73671840253097,92.73126220703125,20012900,0.0,0.0,1850845550.9968247
2015-10-12,92.81083856482978,94.08385357187001,92.16438349750742,93.74571228027344,18449600,0.0,0.0,1718102737.3175926
2015-10-13,93.14898654059644,94.84965572142005,93.03958610313693,93.60647583007812,19480300,0.0,0.0,1830069398.7574584
2015-10-14,93.56669500042453,94.68057934876917,93.09925813805789,93.55674743652344,19253400,0.0,0.0,1807700161.5344381
2015-10-15,94.47172308619339,95.77458075694095,94.38221777718005,95.43643188476562,27557500,0.0,0.0,2620122987.8020196
2015-10-16,95.65523971780414,97.0575427754309,94.8297663983631,97.00782012939453,25412900,0.0,0.0,2438206499.651355
2015-10-19,96.64976918407314,98.03218449333063,96.39118566508644,97.93273162841797,23729900,0.0,0.0,2306823565.761111
2015-10-20,98.19132855029046,99.0466293754997,96.03316238948825,96.47076416015625,30881800,0.0,0.0,3012207556.6640024
2015-10-21,96.83873794596175,97.6443160408672,95.94364695841824,96.58015441894531,21917800,0.0,0.0,2121511127.712869
2015-10-22,97.25645035697046,99.18586798012818,97.01776194194893,99.12619018554688,26392100,0.0,0.0,2589112910.633226
2015-10-23,101.35397520365265,102.28884133499027,99.61352333207316,101.6324462890625,42809700,0.0,0.0,4321689830.343792
2015-10-26,101.64237810951694,103.24359430991255,100.99593067930027,103.20381164550781,25961200,0.0,0.0,2651151578.074976
2015-10-27,102.37835313686901,103.53202013374172,101.84129851171919,103.13420104980469,23795500,0.0,0.0,2443480401.914033
2015-10-28,103.33310350645317,103.90994073804241,102.3584472328104,103.63146209716797,24081500,0.0,0.0,2483626092.460046
2015-10-29,103.39277601092714,104.54645049981276,102.95517429614054,104.30775451660156,20316700,0.0,0.0,2107874130.2459724
2015-10-30,103.93978530447247,104.14863861332391,101.09538913822698,101.41364288330078,33487100,0.0,0.0,3436513640.85948
2015-11-02,101.16500155375061,102.90545328983484,100.62794696465538,102.74632263183594,24003900,0.0,0.0,2442797693.184379
2015-11-03,102.65680922507043,103.08446334997949,101.84128363661208,102.02030181884766,21242300,0.0,0.0,2176547097.606637
2015-11-04,102.62697879575389,103.57179238579756,101.9208535969629,103.37288665771484,43469300,0.0,0.0,4466310738.009205
2015-11-05,108.20637049286373,110.04627503961959,107.36100217688627,108.16658782958984,63232900,0.0,0.0,6873646309.751797
2015-11-06,107.45052156222062,108.14669924218374,105.33214583224628,106.5156478881836,35084300,0.0,0.0,3744877922.122412
2015-11-09,106.41619318782246,107.659373014783,105.28241379265584,105.90897369384766,26383500,0.0,0.0,2809074816.1170316
2015-11-10,105.38187799483956,107.55993171400473,104.66580512345548,107.32124328613281,25031700,0.0,0.0,2656185488.397126
2015-11-11,107.67926186762752,109.27053813577263,106.52559491976668,108.41522979736328,25057100,0.0,0.0,2703612642.792977
2015-11-12,107.88812277473752,108.79315375430919,107.41073837666792,107.43062591552734,20924700,0.0,0.0,2262000790.8365283
2015-11-13,107.12232257742018,107.65937719404732,103.26349497633387,103.3828353881836,30278400,0.0,0.0,3193203546.361835
2015-11-16,102.75627065614965,103.60163141420313,99.92182219078568,103.47234344482422,49309200,0.0,0.0,5017789339.249557
2015-11-17,104.04918456337536,105.62055814377771,103.57180015728238,104.556396484375,26807200,0.0,0.0,2803930693.724089
2015-11-18,105.22273899964338,107.29138437477621,104.8149723920571,107.1819839477539,23836500,0.0,0.0,2527936586.536311
2015-11-19,106.77422587921436,107.14220982681942,105.3719154409442,105.68022918701172,25520600,0.0,0.0,2711743992.6542444
2015-11-20,106.25706688221176,107.28145347533086,106.03827359742536,106.73445129394531,22129600,0.0,0.0,2360340116.114633
2015-11-23,106.60516634343837,106.88363742994869,105.50122197350954,106.36647033691406,19897200,0.0,0.0,2112932012.2612445
2015-11-24,105.42164657114121,105.908970925999,103.82043038884117,105.1630630493164,23577300,0.0,0.0,2472426506.8101907
2015-11-25,105.74985558871555,106.01837910533389,104.52656324291053,104.83487701416016,15150800,0.0,0.0,1594962156.264891
2015-11-27,105.20285034911852,105.38186855092161,104.28787180113275,104.87464904785156,5913100,0.0,0.0,619899070.8378663
2015-11-30,105.26252578765387,105.52110933373065,103.18393261848013,103.67125701904297,20383200,0.0,0.0,2127038305.560151
2015-12-01,104.25803890653023,106.56538045209213,103.9298375983134,106.5355453491211,22781900,0.0,0.0,2397740504.0512667
2015-12-02,106.41619041392144,107.33116892164989,105.21279328332413,105.49126434326172,24429100,0.0,0.0,2596128853.5507655
2015-12-03,105.69017313663555,106.26701039908158,102.78610687350158,103.81048583984375,23236500,0.0,0.0,2428831379.752189
2015-12-04,104.23814200875431,107.14221591547846,103.54196432536325,105.60066986083984,21224700,0.0,0.0,2235854260.178897
2015-12-07,105.89903889241972,106.24712774342204,104.08896927943984,105.03378295898438,15474900,0.0,0.0,1627465033.9095426
2015-12-08,103.43256160311716,106.3266878824097,103.38283137493174,105.90897369384766,20401800,0.0,0.0,2139225834.9922142
2015-12-09,105.60067815553126,105.85926171014522,102.98503026788866,104.029296875,23517300,0.0,0.0,2455726933.867508
2015-12-10,104.47683411877482,105.81946679410999,103.84032666398234,104.84481048583984,17454300,0.0,0.0,1829732466.4777906
2015-12-11,103.58174323087846,103.7707014022147,101.35396713713506,101.56282043457031,26427700,0.0,0.0,2710486601.378687
2015-12-14,101.73189463684608,104.16852411351405,100.9064213934254,104.0889663696289,24648100,0.0,0.0,2527353882.174797
2015-12-15,104.72547641147644,105.22274836483052,103.71103737748412,103.97956848144531,21764300,0.0,0.0,2273648796.515729
2015-12-16,104.79509353739377,106.5057026726939,103.62153143117982,106.20734405517578,22680500,0.0,0.0,2382895366.546454
2015-12-17,106.90352460215186,107.16210814777955,105.55094425423965,105.64045715332031,21675700,0.0,0.0,2305352154.975224
2015-12-18,105.50121381681302,106.00842571898464,103.40272567857905,103.47234344482422,35994200,0.0,0.0,3768793432.8170934
2015-12-21,104.33759210964654,104.5762804934333,103.03473459182521,104.19834899902344,16138800,0.0,0.0,1675296325.1289852
2015-12-22,104.6458999297288,105.08350163014747,104.23813332929012,104.93431854248047,14597100,0.0,0.0,1527744418.833203
2015-12-23,105.3122629949468,105.53106388783038,103.2933398996877,104.05913543701172,19599700,0.0,0.0,2046447833.457109
2015-12-24,104.16851229597668,104.745349503368,103.92982391586423,104.44698333740234,6501800,0.0,0.0,678382121.2685821
2015-12-28,104.44698936840726,105.40175811952116,103.95966501777315,105.3520278930664,13069700,0.0,0.0,1368145495.9887478
2015-12-29,105.83936097015312,107.15215862646582,105.6702903266947,106.6747817993164,17179900,0.0,0.0,1828134195.3852012
2015-12-30,106.41620020243538,106.66483618421677,105.48132648285159,105.64045715332031,13115000,0.0,0.0,1391148461.6893008
2015-12-31,105.42165152985902,105.59072216879551,104.0491837038025,104.0889663696289,18391100,0.0,0.0,1927754236.4467685
2016-01-04,101.39373090487628,101.6821494990041,99.20573771960072,101.66226196289062,37912400,0.0,0.0,3808070967.6933165
2016-01-05,102.3286253430045,103.1441510700023,101.11528052259527,102.16950225830078,23258200,0.0,0.0,2375353355.9334764
2016-01-06,100.57821562883008,103.20381075474181,100.34947479518637,102.4081802368164,25096200,0.0,0.0,2554206982.409054
2016-01-07,99.95166741075082,100.87659359179386,96.76912979198345,97.3857421875,45172900,0.0,0.0,4464115248.921516
2016-01-08,99.33504017032332,99.95166010855955,96.5005916250968,96.79895782470703,35402300,0.0,0.0,3477430775.775211
2016-01-11,97.37580066033509,98.06203081821548,94.86954568617341,96.97798156738281,29932400,0.0,0.0,2887452560.279985
2016-01-12,98.45984348877606,99.41460469692299,97.0177579071283,98.82782745361328,28395400,0.0,0.0,2788887754.543539
2016-01-13,100.03122043614681,100.03122043614681,94.69051732710982,94.91926574707031,33410600,0.0,0.0,3252885045.8565307
2016-01-14,95.32702025449036,98.33054673370319,91.94556986865373,97.8332748413086,48658600,0.0,0.0,4629284723.653722
2016-01-15,93.46723174358328,95.85413084651188,93.02963003375501,94.45182800292969,46132800,0.0,0.0,4356868381.968588
2016-01-19,96.00330925833823,96.88845260988334,93.40754940203776,94.74024200439453,30998300,0.0,0.0,2949426279.583067
2016-01-20,92.32351686876163,94.48167542315242,88.8823957059874,93.83522033691406,59051400,0.0,0.0,5413952554.937644
2016-01-21,94.39216340404211,95.46626502900308,92.11465700562903,93.64625549316406,30518900,0.0,0.0,2862381700.7413673
2016-01-22,95.88398106569593,97.5349199944797,94.96899491075798,97.40563201904297,30495400,0.0,0.0,2935241943.3005924
2016-01-25,98.18138217295895,98.93723771658571,96.40114755176569,96.480712890625,32482000,0.0,0.0,3172490715.1432953
2016-01-26,97.22661312764522,97.34595353866258,95.13807246939632,96.80889892578125,26877100,0.0,0.0,2586706207.7106
2016-01-27,97.25645010780995,97.3161203144705,93.71587620761764,93.9346694946289,58699400,0.0,0.0,5606731788.32433
2016-01-28,106.61508908331133,109.73795591334066,104.23813008060301,108.5146713256836,107475300,0.0,0.0,11498572017.512447
2016-01-29,108.395338102161,112.2243306195917,108.24615499882884,111.59777069091797,62739500,0.0,0.0,6916104016.228447
2016-02-01,111.65743051388675,115.08861122038279,111.39885458577552,114.46204376220703,46132700,0.0,0.0,5224239156.89788
2016-02-02,114.17364595015498,116.94841683156882,112.5823695954103,113.98468017578125,59778600,0.0,0.0,6860514534.751907
2016-02-03,114.64107472141309,114.71069249254627,109.15119560239786,112.07515716552734,56919300,0.0,0.0,6371030983.521276
2016-02-04,111.19001129700479,111.32924683628627,108.65392131138033,109.88715362548828,38890200,0.0,0.0,4277594702.948192
2016-02-05,108.9125031796923,108.98212094826503,102.61703855451069,103.50218200683594,76894700,0.0,0.0,8135426945.109043
2016-02-08,99.86215209798482,102.11976330965888,96.92824317379983,99.20574951171875,71229700,0.0,0.0,7089064893.70741
2016-02-09,96.60998810064703,101.84129082849897,96.29173437506103,98.99689483642578,62709000,0.0,0.0,6212361938.745023
2016-02-10,100.99593098552224,102.68665249512927,99.6930733825608,100.44892883300781,45179400,0.0,0.0,4571697293.659256
2016-02-11,99.05655688672864,104.53649512382937,98.34048416614898,101.35395812988281,43670600,0.0,0.0,4429879705.890464
2016-02-12,103.17397919645983,103.67125113265143,100.5384364170908,101.45342254638672,36176800,0.0,0.0,3693826512.2747574
2016-02-16,103.23364873236407,103.36293669383774,99.69306767015617,101.05559539794922,45687200,0.0,0.0,4638530141.289331
2016-02-17,101.46335742137458,105.14317411686935,99.85220128527753,104.62600708007812,44073400,0.0,0.0,4517421589.12449
2016-02-18,105.22275340710202,105.42165916286807,102.46786240435611,102.90546417236328,29593500,0.0,0.0,3076089278.249824
2016-02-19,101.99047543376396,104.44699238353694,101.50314348129454,103.99945068359375,32404500,0.0,0.0,3336855588.8159657
2016-02-22,104.91443097853809,107.65937419103217,104.7652478801194,106.57532501220703,35709700,0.0,0.0,3792809763.387101
2016-02-23,106.2669977191455,106.88361757312569,104.54644128809369,104.88458251953125,25319300,0.0,0.0,2676630544.662436
2016-02-24,103.64141421084545,106.36646224875568,102.17943353006794,106.29684448242188,34412400,0.0,0.0,3588282391.949595
2016-02-25,106.52560067863482,107.48036193847656,105.03378478742559,107.48036193847656,29906300,0.0,0.0,3177755913.1144238
2016-02-26,108.106927476745,108.85283546095741,106.57533642639837,107.33118438720703,26686200,0.0,0.0,2874479640.310177
2016-02-29,107.01291425127503,108.31577182412744,106.16755351600781,106.33662414550781,32779000,0.0,0.0,3515274460.6621466
2016-03-01,107.241677206791,109.22081756591797,107.01292875699131,109.22081756591797,26817300,0.0,0.0,2899402622.6326776
2016-03-02,109.08158175526208,109.94683773141576,108.17654311020577,109.35010528564453,25670200,0.0,0.0,2799635405.4402966
2016-03-03,109.64846693244456,109.69819716343946,107.94779774361635,108.98212432861328,21353100,0.0,0.0,2323708346.9249268
2016-03-04,109.44954555298573,109.44954555298573,107.34111001686533,107.79859924316406,24938900,0.0,0.0,2703260240.095479
2016-03-07,107.480358654692,107.480358654692,104.14863811700377,105.15312957763672,31436400,0.0,0.0,3326426897.0568686
2016-03-08,104.20830097451241,106.78417343197002,103.83037705186494,105.3520278930664,25617000,0.0,0.0,2697656469.8722
2016-03-09,106.11783799601835,106.92342376708984,104.91444070929036,106.92342376708984,20493300,0.0,0.0,2170628454.0369015
2016-03-10,107.32123614195598,108.06714406869929,105.19290521023535,106.73445129394531,24854300,0.0,0.0,2650214621.396713
2016-03-11,107.88812320650601,108.82298929199195,107.33117347523464,108.81304931640625,20697600,0.0,0.0,2236936199.6454744
2016-03-14,108.68375577783316,109.72802990409573,108.17653626612554,109.2904281616211,17249400,0.0,0.0,1879361511.8483074
2016-03-15,108.51469123082839,110.22530804264372,108.24616011458602,110.06617736816406,17618500,0.0,0.0,1924569780.8640761
2016-03-16,109.88715055315687,111.88618586518986,109.49927904917897,111.56793212890625,24744800,0.0,0.0,2739069526.106537
2016-03-17,111.53809262470426,112.07514720619363,110.12584219991773,110.41425323486328,24241200,0.0,0.0,2693209312.1957135
2016-03-18,110.95131174867839,111.80662008420478,109.66834924538878,110.84191131591797,36256900,0.0,0.0,4014997907.7430706
2016-03-21,111.05077265850542,111.75689789880286,110.42420516145722,111.23973083496094,18448000,0.0,0.0,2049398494.627839
2016-03-22,110.75240690922075,112.2641102658198,110.56344114423301,111.6375503540039,19001100,0.0,0.0,2116984293.5487773
2016-03-23,111.39885733576514,112.57241936723945,111.38890977281773,111.92596435546875,18562000,0.0,0.0,2078585095.7488706
2016-03-24,111.51820324990277,112.47296447031009,111.07066153613198,112.43318939208984,17839100,0.0,0.0,1993908549.3457606
2016-03-28,112.70170295257444,113.96477023816476,112.33371901550045,113.06968688964844,21351800,0.0,0.0,2415940041.4232044
2016-03-29,113.20893832786845,115.68535060988165,113.01997255148878,115.50633239746094,29825300,0.0,0.0,3410602437.4424105
2016-03-30,116.09311106380898,116.35168701078116,113.73603932417096,114.07418060302734,33235200,0.0,0.0,3823505801.1437006
2016-03-31,114.07417994933694,114.38249371167959,113.14925383784424,113.47745513916016,21207500,0.0,0.0,2412689768.0782633
2016-04-01,113.1293639269913,115.53615824397826,112.73154486595828,115.4267578125,24760500,0.0,0.0,2826011231.426792
2016-04-04,113.44760866328834,113.92499301623086,111.00103187540425,111.93590545654297,48487900,0.0,0.0,5453095301.171557
2016-04-05,111.49831136173452,112.70170850680142,111.2894580642701,111.60771179199219,22962400,0.0,0.0,2571687381.6357865
2016-04-06,111.85635205669473,113.18903722161838,111.80662182729468,113.08958435058594,20814600,0.0,0.0,2341597322.419753
2016-04-07,113.1691568647832,114.2631536911058,112.45308400747587,113.01997375488281,20714500,0.0,0.0,2348156752.903635
2016-04-08,113.62663388387776,113.70619921225666,109.30036969119168,110.02638244628906,48497800,0.0,0.0,5407663988.682829
2016-04-11,110.09600141330824,110.3048622995243,108.17653147487937,108.39533233642578,39762300,0.0,0.0,4343661361.837986
2016-04-12,108.74343279689671,110.55351008590112,108.39534392892212,110.00650787353516,26248100,0.0,0.0,2873495707.533241
2016-04-13,111.61766010037297,112.03536669809108,105.93880801540686,109.90704345703125,88227400,0.0,0.0,9615647351.058834
2016-04-14,110.0164514617056,111.42870201088857,109.65841504250879,110.23524475097656,28473300,0.0,0.0,3147539904.99825
2016-04-15,110.1855208387418,110.36453904627885,108.6041920742032,109.04179382324219,20922800,0.0,0.0,2290719483.743811
2016-04-18,109.14123352238894,110.20539507546886,108.60417896460558,109.84735870361328,21167200,0.0,0.0,2315793007.8105316
2016-04-19,110.49382040549011,111.8364530877216,108.5644104928884,111.67733001708984,30210500,0.0,0.0,3329210144.6010094
2016-04-20,111.81656529988602,112.65197849131593,110.95130941924727,111.8066177368164,21027900,0.0,0.0,2350953788.927266
2016-04-21,111.93591673444328,113.41778499113899,111.6972207400392,112.82106018066406,20875200,0.0,0.0,2349660383.8197455
2016-04-22,110.60323458147266,111.14028923866148,108.41524087094193,109.95677947998047,38458200,0.0,0.0,4221855244.030575
2016-04-25,109.27054198704928,110.06617256139651,108.4749038249342,109.49928283691406,21017900,0.0,0.0,2296637244.69013
2016-04-26,109.88714438652406,109.89709194928432,107.55991549325569,108.16658782958984,22521500,0.0,0.0,2448728996.5585823
2016-04-27,107.35106952177608,108.345613408136,105.72995813083809,108.29588317871094,52213100,0.0,0.0,5588774612.160804
2016-04-28,118.92755763907378,120.13095480965718,115.59583719651413,116.09310913085938,87110100,0.0,0.0,10267092212.168392
2016-04-29,116.18262105466682,117.19705251989535,115.20796466921605,116.9384765625,37140600,0.0,0.0,4315830890.706955
2016-05-02,117.18710485366648,118.08219584528722,115.93397746539746,117.92306518554688,28095200,0.0,0.0,3287365596.199174
2016-05-03,116.87878905615659,117.5153040962342,116.38151713480373,116.7892837524414,24117500,0.0,0.0,2820503293.0197787
2016-05-04,115.97376219069919,117.65454377217146,115.93397952505732,117.41584777832031,23448400,0.0,0.0,2738638564.8413696
2016-05-05,117.39596951791412,118.33084326496758,116.61027888186659,117.16722106933594,22056700,0.0,0.0,2591012924.4280386
2016-05-06,116.52075431480017,118.98721866985198,116.47102409009256,118.8380355834961,26395600,0.0,0.0,3107530796.297196
2016-05-09,118.88776742187873,119.62372771338556,118.25125999337006,118.58940124511719,21138100,0.0,0.0,2514112638.822086
2016-05-10,118.96734104794788,119.84253692626953,118.35072111390933,119.84253692626953,23220000,0.0,0.0,2765423725.8464766
2016-05-11,119.75303281313717,120.4193753949014,118.76842890397401,118.86788177490234,22038400,0.0,0.0,2635658253.1301675
2016-05-12,119.32537491702955,120.18067565054784,118.25126573386598,119.62373352050781,22035500,0.0,0.0,2626983522.188125
2016-05-13,119.72318546514877,119.98176898971661,119.02700780796695,119.15629577636719,18124300,0.0,0.0,2165933386.6571283
2016-05-16,118.72863955118142,118.95738797042424,116.7097167927494,118.02251434326172,31247800,0.0,0.0,3682039278.109349
2016-05-17,118.17170516427845,118.36067093219648,116.56054132463781,116.70972442626953,21328600,0.0,0.0,2505270283.870558
2016-05-18,116.16273396533369,117.62470716752836,116.09311619380061,117.00809478759766,21642300,0.0,0.0,2529095624.2664447
2016-05-19,116.41136445196292,116.848958600469,115.24774234303207,116.17266845703125,20544100,0.0,0.0,2384108916.92669
2016-05-20,116.3218529146877,117.34623191131497,116.31190535117419,116.70972442626953,18944800,0.0,0.0,2213303339.4052024
2016-05-23,116.77933528146329,116.9583534752691,115.30741465485296,115.33724975585938,20441000,0.0,0.0,2373872283.1739125
2016-05-24,115.60577481422158,117.0876506115401,115.4864344085839,117.05780792236328,20183600,0.0,0.0,2347091151.2060876
2016-05-25,117.48546880821849,118.02252342764338,116.73956087920078,117.24678039550781,20019800,0.0,0.0,2349944987.703079
2016-05-26,117.59486867446854,119.10657965242895,117.27661492980864,118.81816101074219,18481300,0.0,0.0,2184334367.0163536
2016-05-27,118.90767116700604,119.19608982045037,118.36067655207489,118.72865295410156,13493600,0.0,0.0,1602747991.3621535
2016-05-31,118.8082134759081,119.44472096538192,117.47552829099973,118.16175842285156,23547600,0.0,0.0,2789451630.694786
2016-06-01,117.85344879081997,118.43028605744263,117.17715865458557,118.13191986083984,15029500,0.0,0.0,1770531045.149714
2016-06-02,118.04240901868148,118.78831688743999,117.57497220688339,118.28109741210938,13228300,0.0,0.0,1563342248.5632188
2016-06-03,118.33082787478105,118.33082787478105,117.21693605694765,117.8236083984375,14135100,0.0,0.0,1664745598.9756892
2016-06-06,117.97279033404531,118.77836839793406,117.71420681698496,118.14186096191406,12744700,0.0,0.0,1507013461.6707892
2016-06-07,118.58942113506158,118.64909893308337,117.02798740202729,117.11750030517578,17103000,0.0,0.0,2015392603.7946987
2016-06-08,117.11748157212388,117.95289473312016,116.63014964044226,117.7440414428711,14505600,0.0,0.0,1701383904.2325735
2016-06-09,117.4854546942451,118.03245681158512,117.06774812524014,117.9131088256836,13859200,0.0,0.0,1629150380.1302245
2016-06-10,116.89868211129748,117.46557178808656,115.62566722922844,115.98370361328125,18510800,0.0,0.0,2157352653.6008573
2016-06-13,114.37255174765028,114.84993617182361,112.69177008083818,113.32827758789062,31718200,0.0,0.0,3608606673.631589
2016-06-14,113.44761037780074,114.32280618569402,112.96028604288709,114.3128662109375,17618500,0.0,0.0,2002193580.214628
2016-06-15,114.67091674032933,114.81015228177911,113.44762438300005,113.9747314453125,19819400,0.0,0.0,2261966089.414962
2016-06-16,113.24872487236777,113.875284843403,112.32379867449578,113.76588439941406,19236300,0.0,0.0,2175616715.137678
2016-06-17,113.79570611582177,113.80565367895083,111.94585393772357,112.4033432006836,24644300,0.0,0.0,2781743939.5788045
2016-06-20,113.14925343575885,114.09407467063492,112.13482202083995,112.7514419555664,20785400,0.0,0.0,2351129054.6454906
2016-06-21,113.4973520899048,114.58140129390803,113.34816898802119,113.75592803955078,19166300,0.0,0.0,2184283261.44727
2016-06-22,114.0244582773536,114.11396358514558,112.99013172329603,113.28849792480469,14846300,0.0,0.0,1685827765.0888584
2016-06-23,113.74597747159144,114.46204263596974,112.9205042941035,114.45210266113281,16176900,0.0,0.0,1839172361.7165508
2016-06-24,110.40432129370073,113.05975170560254,110.39437373005096,111.4684829711914,40643100,0.0,0.0,4540934182.746904
2016-06-27,110.96126275999816,110.96126275999816,107.63948977192038,108.37545013427734,36130400,0.0,0.0,3949066314.639615
2016-06-28,110.026392627836,112.13482849838212,109.94683487986237,112.08509826660156,26813800,0.0,0.0,2977426652.745786
2016-06-29,112.7514492690304,113.62664520509678,112.42324794759247,113.53713989257812,20968300,0.0,0.0,2369940987.296767
2016-06-30,114.04435040674828,114.55156993462134,113.04980647871294,113.65647888183594,23192700,0.0,0.0,2639345221.370769
2016-07-01,113.57691080104242,114.50183693526783,113.18903928550607,113.56697082519531,14980000,0.0,0.0,1705404662.8935964
2016-07-05,113.31833597186208,113.57691192626953,112.35362716138721,113.57691192626953,14207000,0.0,0.0,1604897584.4091697
2016-07-06,112.74149757141144,116.15278346585244,112.35362605584895,116.06327056884766,24337600,0.0,0.0,2780648796.18768
2016-07-07,115.99364612368831,116.3317949772481,114.73057877683729,115.21790313720703,16630200,0.0,0.0,1921306744.0025954
2016-07-08,115.79474839455143,116.85891008071188,115.21791110245043,116.60032653808594,18142600,0.0,0.0,2105238467.9988203
2016-07-11,117.06775990009055,118.05235622256781,116.85890659458128,117.22689056396484,17711600,0.0,0.0,2080327161.256109
2016-07-12,117.98274541408797,118.07225831473971,116.92853126091755,117.28656768798828,15217700,0.0,0.0,1788085757.76274
2016-07-13,117.74405383933852,117.75400140309307,116.04338465017243,116.14283752441406,16207700,0.0,0.0,1894658946.9677556
2016-07-14,116.85890824009077,116.99814377905754,116.06327008505113,116.65005493164062,14579700,0.0,0.0,1698982747.8572724
2016-07-15,117.09759272154257,117.63464732000489,115.94392578199826,116.22239685058594,16646000,0.0,0.0,1944074463.927972
2016-07-18,116.6798862596603,118.95739262731533,116.2522320930217,118.71870422363281,20868400,0.0,0.0,2454224266.256941
2016-07-19,118.34077856661105,120.19063085936747,118.01258484068427,119.95194244384766,21541300,0.0,0.0,2565603465.1797624
2016-07-20,120.58843348853695,121.5332470457115,119.9021958513209,121.25477600097656,20046500,0.0,0.0,2419967803.01768
2016-07-21,121.2547925471129,121.43381075569475,119.59390602668397,119.95194244384766,17801700,0.0,0.0,2145351552.9224355
2016-07-22,119.24580888782603,120.34975316608181,118.65902407189124,120.33980560302734,18422400,0.0,0.0,2201557648.8944173
2016-07-25,120.72767360747496,121.18516285378175,117.1373698130878,120.96636199951172,18487400,0.0,0.0,2202981995.2127423
2016-07-26,121.3343520125313,121.40396977984746,120.09117217633732,120.55860900878906,17612000,0.0,0.0,2126606220.0661633
2016-07-27,121.75205184697124,124.31797670727347,120.8470209221812,122.66703033447266,52654200,0.0,0.0,6454483409.090416
2016-07-28,126.82422500122618,127.62981065773405,122.95545013583545,124.31797790527344,78955800,0.0,0.0,9892579867.082457
2016-07-29,123.96989630220935,125.15339836108924,123.03502262584792,123.2637710571289,35058800,0.0,0.0,4350594106.848416
2016-08-01,123.17426272242834,123.90028312116078,122.18966636821787,123.63175201416016,25006900,0.0,0.0,3076973378.9429717
2016-08-02,123.3831047221121,124.11907261712093,121.4039646313968,122.41839599609375,23968400,0.0,0.0,2942397182.993686
2016-08-03,122.41840531931787,123.2438785794755,121.64266228939348,121.8415756225586,18525300,0.0,0.0,2268298317.7790294
2016-08-04,122.26922988624949,124.1091345895972,121.84157570436713,123.68148040771484,21066000,0.0,0.0,2590598831.526326
2016-08-05,124.29809245421201,125.15339317581372,123.94005606481252,124.4671630859375,20184000,0.0,0.0,2513851089.7364
2016-08-08,124.56662104013509,124.76552678114003,123.87044335885017,124.57656860351562,15233900,0.0,0.0,1893847752.7577984
2016-08-09,124.65611845478522,125.40202631797881,123.85054039062162,124.37764739990234,19621000,0.0,0.0,2445292305.6947246
2016-08-10,124.38759704320968,124.79536365737088,123.86049002511236,124.1986312866211,10670100,0.0,0.0,1326591412.1887321
2016-08-11,124.51689499849431,124.69591320652619,124.06935327229859,124.21853637695312,11729500,0.0,0.0,1458946096.5816877
2016-08-12,124.01961309294961,124.31797927832451,123.50245363776939,124.1986312866211,12159000,0.0,0.0,1506624321.913393
2016-08-15,124.22848286305101,124.23842283891196,123.02507806030641,123.22399139404297,19295100,0.0,0.0,2385486988.100254
2016-08-16,122.82617167510932,123.24387829213045,122.11009885292009,122.62726593017578,14222400,0.0,0.0,1744761202.2738833
2016-08-17,122.98530387078958,123.70136911411643,122.17971814192404,123.6914291381836,13794200,0.0,0.0,1695866446.9136367
2016-08-18,123.3333853628861,123.5820213261921,122.96540140559694,123.23393249511719,12400800,0.0,0.0,1528692639.9061847
2016-08-19,122.92563166786806,123.48258144392454,122.60737790487931,122.88584899902344,11688300,0.0,0.0,1438186635.928312
2016-08-22,122.65710004434023,124.14891588261894,122.4382991740165,123.47262573242188,14386400,0.0,0.0,1773751155.34539
2016-08-23,123.83066467892225,124.40749438151045,123.57208113707851,123.6914291381836,13309500,0.0,0.0,1650242080.18233
2016-08-24,123.79087836330865,124.00967923166849,122.41840294823972,122.80628204345703,12243700,0.0,0.0,1508595754.893071
2016-08-25,122.44824720230214,123.69142707225326,122.42835207523298,123.21404266357422,10730800,0.0,0.0,1320531063.0379226
2016-08-26,123.37315971299142,124.506939022236,123.23392418994503,124.27819061279297,17504800,0.0,0.0,2168327131.178293
2016-08-29,123.6715329095916,126.03855225660824,123.6715329095916,125.8495864868164,15925900,0.0,0.0,1988428922.6741912
2016-08-30,125.90924439462125,125.90924439462125,124.46715891019686,125.15338897705078,17804300,0.0,0.0,2228888298.6799865
2016-08-31,124.91471006841257,125.53133000688233,124.41743812738564,125.43187713623047,14200600,0.0,0.0,1774711238.3837428
2016-09-01,125.69044355987225,125.93907951154868,124.91470060468453,125.4815902709961,13536100,0.0,0.0,1697790926.5156722
2016-09-02,126.15788155074524,126.16782911348072,125.31252082464039,125.81974029541016,12118800,0.0,0.0,1523820032.415051
2016-09-06,125.9788692296375,129.23103190884805,125.77996349226372,129.0221710205078,26278400,0.0,0.0,3350640470.7742877
2016-09-07,129.33047718297152,131.25989470401927,129.24097187748825,130.33497619628906,27990800,0.0,0.0,3645813828.1548305
2016-09-08,130.20566673162344,130.36479737473243,129.10172255529656,129.55921936035156,15676600,0.0,0.0,2033776423.1675463
2016-09-09,129.00229235982707,129.2409731768487,126.40652465820312,126.40652465820312,27100700,0.0,0.0,3464113072.2891946
2016-09-12,125.27274588013043,128.05746418404223,125.06389257641962,127.98785400390625,21252800,0.0,0.0,2689768785.479372
2016-09-13,127.33146355894733,127.6497249143395,125.96894317307427,126.51593780517578,18016200,0.0,0.0,2284622323.998232
2016-09-14,126.19768004026078,128.09726260930498,126.19768004026078,127.0728759765625,15691100,0.0,0.0,1995083687.3043008
2016-09-15,127.28173525329805,128.3956271843354,126.97342147591343,127.64971923828125,15077200,0.0,0.0,1925125110.230152
2016-09-16,127.50052021116679,128.47516894783092,127.50052021116679,128.36578369140625,24119200,0.0,0.0,3086964420.9818487
2016-09-19,129.20119403410783,129.23102913529684,127.56018759103962,127.94805908203125,14958800,0.0,0.0,1920644226.382961
2016-09-20,127.94807321606224,128.4652403196925,127.33146082266146,127.9381332397461,11083800,0.0,0.0,1417599738.0608113
2016-09-21,128.42545521590478,129.3006435050483,127.68948728646721,129.2310333251953,14068300,0.0,0.0,1807707128.507139
2016-09-22,129.78797638406823,130.01671722739601,128.85310270846514,129.37026977539062,15538300,0.0,0.0,2011198461.5546958
2016-09-23,126.86401412381318,127.89834825094619,126.60543817979753,127.26183319091797,28326300,0.0,0.0,3604575302.786588
2016-09-26,126.67505712616605,127.46074770437274,126.10816741629131,126.6153793334961,15064900,0.0,0.0,1909995174.7006457
2016-09-27,126.91374479530695,128.30610015337905,126.73472659387375,127.98785400390625,15637100,0.0,0.0,1994049455.9647334
2016-09-28,128.50503764881262,128.7636136270913,127.69944425677521,128.52491760253906,12047600,0.0,0.0,1544882168.080835
2016-09-29,128.47516239457875,128.58456282095815,126.85406629981831,127.39111328125,14532200,0.0,0.0,1856042623.0544739
2016-09-30,127.3314410495778,127.8883831475224,126.75460382655402,127.57013702392578,18402900,0.0,0.0,2343084712.4926157
2016-10-03,127.67957226827242,128.38569005804234,127.10273488793834,128.06744384765625,13156900,0.0,0.0,1680717829.0858867
2016-10-04,128.46523410273582,128.5746345390645,126.8540778363822,127.49058532714844,14307500,0.0,0.0,1827273151.1558518
2016-10-05,127.55023450277395,128.09723659422775,127.13252795353644,127.76903533935547,12386800,0.0,0.0,1580740023.7501228
2016-10-06,127.72926105245347,128.35582854237168,127.38117980569281,128.03758239746094,11682700,0.0,0.0,1493849373.7139664
2016-10-07,128.3359241555845,128.5447850289981,127.62980656204144,128.2862091064453,12804400,0.0,0.0,1640080970.2841532
2016-10-10,128.9724159657611,129.98685475928866,128.49503925284955,129.5293731689453,15138700,0.0,0.0,1956539924.4407785
2016-10-11,129.51945938572797,129.92722606318125,127.53037140853564,128.1768341064453,17537900,0.0,0.0,2257632799.3496118
2016-10-12,128.30609597836988,128.95255858293123,127.75910900405573,128.34588623046875,11073000,0.0,0.0,1421284147.5953531
2016-10-13,127.51049113483684,127.55026621704452,126.0584502378978,127.12261199951172,17139300,0.0,0.0,2173337936.9680967
2016-10-14,127.78895385124466,128.24643555652852,126.88391524115646,127.1822738647461,13345300,0.0,0.0,1702395535.2501726
2016-10-17,127.50051883724956,127.76904992653611,126.62532297877038,126.84412384033203,11351700,0.0,0.0,1443904301.454584
2016-10-18,127.97789263793632,128.68402543379722,127.31155009353675,127.8685073852539,13504000,0.0,0.0,1728482125.9605591
2016-10-19,128.0375804920219,129.75813710041353,127.89834496028273,129.4001007080078,16752300,0.0,0.0,2158169342.212701
2016-10-20,129.3603205413271,129.94709774660163,128.7934232858511,129.2906951904297,13167500,0.0,0.0,1703482905.347411
2016-10-21,129.07191213424844,131.40909647822227,128.99234679748164,131.34942626953125,19088800,0.0,0.0,2485375535.2006283
2016-10-24,131.9958381199338,132.68207568564,131.4289409393827,132.5527801513672,17470200,0.0,0.0,2307036141.3212357
2016-10-25,132.77162699023745,132.77162699023745,131.49861185561,131.56822204589844,13336800,0.0,0.0,1762259660.7196488
2016-10-26,130.92174455418746,131.53835685085727,130.2255669328612,130.32501220703125,13084700,0.0,0.0,1712551206.7664106
2016-10-27,131.02120923796898,131.0808794395061,128.56468477112753,128.98239135742188,16741400,0.0,0.0,2173415124.337951
2016-10-28,129.78795605087316,132.24448026449937,129.22105884363654,130.57363891601562,24545500,0.0,0.0,3208901195.0893745
2016-10-31,131.28972283159177,131.3991232576604,130.165898646197,130.27529907226562,15669000,0.0,0.0,2049231164.105771
2016-11-01,130.6930088788976,131.2201158969185,127.948058184488,128.79342651367188,22077800,0.0,0.0,2860931556.867238
2016-11-02,129.51944471561742,129.51944471561742,125.59099944072805,126.47614288330078,39640900,0.0,0.0,5056403802.878637
2016-11-03,121.33434829711915,122.60736319635762,118.84798870086671,119.34526062011719,63766300,0.0,0.0,7698357202.841988
2016-11-04,118.93749674329028,121.26473332461698,118.599355472541,120.09117126464844,30545500,0.0,0.0,3663384262.1767945
2016-11-07,122.15983357652148,122.53775754090375,120.68790521145985,121.4835433959961,23008900,0.0,0.0,2798177475.8514295
2016-11-08,121.36418290261683,123.93010781653504,120.87685854831629,123.542236328125,19460800,0.0,0.0,2382069705.5165496
2016-11-09,120.8370852368367,123.134479244118,119.85248888911156,122.50791931152344,31916000,0.0,0.0,3877586037.470077
2016-11-10,123.25382699234473,123.50246296968845,114.64107309502933,120.14090728759766,67846700,0.0,0.0,8078626524.161044
2016-11-11,118.87783261797033,120.04144717424607,117.50536475065287,118.37061309814453,32840100,0.0,0.0,3900530529.147437
2016-11-14,118.48000051029982,118.48000051029982,112.93045185670748,114.45210266113281,51377000,0.0,0.0,5944587405.629867
2016-11-15,116.09310999755607,117.84350175632632,115.19801899149878,116.56053924560547,34681400,0.0,0.0,4041103098.831811
2016-11-16,113.85539359455484,117.23683692048105,113.58686248159354,115.70523834228516,32397900,0.0,0.0,3739101565.4292364
2016-11-17,116.17266727509602,117.14732360839844,115.37703673005478,117.14732360839844,18597800,0.0,0.0,2162220774.3512425
2016-11-18,117.74405099864279,118.4800113555966,116.2025049279011,116.38152313232422,22879300,0.0,0.0,2684685847.4025145
2016-11-21,117.5550772915743,121.28461664204008,117.15726583107174,121.10559844970703,35415400,0.0,0.0,4222257322.2691226
2016-11-22,121.73216943633608,122.30900669361672,120.24035365301766,120.80724334716797,26089200,0.0,0.0,3163959385.977707
2016-11-23,120.56855841686263,120.64811616089301,119.28559589574786,120.18067932128906,15672100,0.0,0.0,1880132564.3614407
2016-11-25,120.34975781219111,120.47904578582067,119.41488413093332,119.72319030761719,8658600,0.0,0.0,1038572790.7886031
2016-11-28,119.46460263097755,121.02603607573552,119.16623645925894,119.75302124023438,18101300,0.0,0.0,2173896191.4188476
2016-11-29,119.91216691410462,121.4338179837388,119.7430962592049,120.21053314208984,18891000,0.0,0.0,2278036543.4817247
2016-11-30,119.66352257494482,121.1255033321337,117.30645078399051,117.77388763427734,30188900,0.0,0.0,3598999209.808131
2016-12-01,117.73408717077756,117.80370493022657,113.37798824861115,114.47198486328125,43277000,0.0,0.0,5002425067.85028
2016-12-02,114.48193661412026,115.84446434206531,113.6763585699118,114.77035522460938,25070400,0.0,0.0,2877089419.3662157
2016-12-05,115.31735552661932,116.92851928339881,114.44215967663456,116.7892837524414,20201500,0.0,0.0,2337017385.505557
2016-12-06,117.04786865463939,117.15726908564686,115.69528840560837,116.66993713378906,19131200,0.0,0.0,2227374423.938351
2016-12-07,116.36162865294062,117.30644226074219,115.9339745005345,117.30644226074219,21913700,0.0,0.0,2555580260.3907943
2016-12-08,117.3362891074587,118.8479924510637,116.99814024605922,118.26121520996094,22442800,0.0,0.0,2646523793.447495
2016-12-09,118.56951879699858,119.28559158174869,118.30098770883359,119.02700805664062,17464700,0.0,0.0,2074689165.668116
2016-12-12,118.56951928596511,118.58940682439356,117.00808574135537,117.12742614746094,17805500,0.0,0.0,2097465576.9397216
2016-12-13,117.21694260535843,120.85696926988311,116.96830663471881,119.65357208251953,29768000,0.0,0.0,3539791406.564095
2016-12-14,119.34525438138024,121.02603580867009,118.20152750933863,119.55410766601562,25913100,0.0,0.0,3099563885.507946
2016-12-15,119.42483077537905,121.83162514076919,118.97728147730339,119.91215515136719,20139600,0.0,0.0,2424897527.862667
2016-12-16,120.2403518421321,120.83707662891896,118.6192405258364,119.21597290039062,25324300,0.0,0.0,3032031806.2610855
2016-12-19,119.19607357350314,119.70329303889092,117.86338851624029,118.58940124511719,15918100,0.0,0.0,1890805096.831367
2016-12-20,118.84799031530048,119.11651381672576,118.15181265399984,118.44022369384766,13684400,0.0,0.0,1623437343.3779986
2016-12-21,118.27115493395897,118.54962600289133,117.83356079182279,118.3905029296875,10767600,0.0,0.0,1272639801.0653818
2016-12-22,118.2114859714839,118.3407739440553,116.29201598302103,116.75945281982422,16258600,0.0,0.0,1907400339.1541815
2016-12-23,116.36164157354591,116.91858375470102,115.66546384710203,116.63016510009766,10890000,0.0,0.0,1266420139.1918175
2016-12-27,116.32185289072102,118.0324696018411,116.22240001890961,117.36612701416016,12051500,0.0,0.0,1411561280.6172385
2016-12-28,117.54514900942918,117.60481921688688,116.01355045328175,116.28207397460938,12087400,0.0,0.0,1411919340.7755983
2016-12-29,116.36163448583422,116.88874153057337,115.42676080632391,115.71517944335938,9934900,0.0,0.0,1154015642.0834205
2016-12-30,115.96381012652697,116.19255854814749,114.14379307983101,114.42227172851562,18684100,0.0,0.0,2151813713.7261567
2017-01-03,115.39692362029567,117.1970455906428,114.87976414831391,116.22239685058594,20663900,0.0,0.0,2397805994.382414
2017-01-04,116.90862486783784,119.00711285952157,116.65004135937106,118.04240417480469,19630900,0.0,0.0,2313081014.3778296
2017-01-05,118.2114823724078,120.29007537246065,117.67442778399158,120.01160430908203,19492200,0.0,0.0,2319225844.213099
2017-01-06,120.31992188752315,123.20409306802674,119.37510064928264,122.73666381835938,28545300,0.0,0.0,3462247929.209356
2017-01-09,122.87590361059807,124.74564343733365,122.36868408987979,124.21853637695312,22880400,0.0,0.0,2827037329.7768273
2017-01-10,124.13896852137785,124.81525867267676,123.60191390819037,123.6715316772461,17324600,0.0,0.0,2151864074.0472455
2017-01-11,123.67152676294104,125.43187363417746,123.38310813466593,125.40203094482422,18356500,0.0,0.0,2283686106.4198866
2017-01-12,124.92465439357682,126.0385462441998,124.11907629808061,125.92914581298828,18653900,0.0,0.0,2333207637.5707226
2017-01-13,126.79439448624751,128.56468892936795,126.67505407931337,127.63975524902344,24884300,0.0,0.0,3175731168.4754643
2017-01-17,127.3413881803488,127.63975437116709,126.70488830962019,127.17232513427734,15294500,0.0,0.0,1945037068.7406504
2017-01-18,127.70938550072589,127.72926545228728,126.14794429763074,127.22205352783203,13145900,0.0,0.0,1668722205.8257236
2017-01-19,127.53036278243952,127.64971837236301,126.75461973784837,126.85408020019531,12195500,0.0,0.0,1551294052.7115414
2017-01-20,127.401084526922,127.77900090399417,126.0882792445159,126.34686279296875,19097200,0.0,0.0,2424077111.2260633
2017-01-23,126.61536072590765,128.54477800371995,126.25732437357615,128.2265167236328,16593600,0.0,0.0,2114042083.0039504
2017-01-24,128.6740939452345,129.1912458440639,127.67955005059031,128.6641387939453,15162700,0.0,0.0,1947427408.4559364
2017-01-25,129.29069839368395,131.02121012768418,129.0619575610602,130.7626190185547,18731300,0.0,0.0,2435847919.4640894
2017-01-26,130.91182254133577,132.41357841449923,130.72285676629124,132.0555419921875,20020100,0.0,0.0,2634008872.981472
2017-01-27,131.9560732038397,132.22460429751612,130.36481211937368,131.45880126953125,19539500,0.0,0.0,2565432951.038909
2017-01-30,130.86206739844397,130.86206739844397,128.89287503835772,130.2653350830078,18956100,0.0,0.0,2461970332.1631284
2017-01-31,129.4597570872723,129.94708898409016,128.81330972512467,129.60894775390625,19790500,0.0,0.0,2560498835.327358
2017-02-01,131.5284334824777,132.76167340705643,129.96699224307878,132.50308227539062,50139800,0.0,0.0,6586581374.982325
2017-02-02,132.49314865075522,134.75076770760205,129.6885273763195,130.12612915039062,54366400,0.0,0.0,7188306246.1252575
2017-02-03,130.52392616827896,132.12514219998172,130.04653424571677,130.2653350830078,24804900,0.0,0.0,3251571108.533953
2017-02-06,130.26533793549885,131.33944702148438,129.5890554603599,131.33944702148438,17058500,0.0,0.0,2225524429.79327
2017-02-07,131.51847787133343,132.2743256978431,130.94164064497048,131.1206512451172,14596400,0.0,0.0,1921002765.5631218
2017-02-08,131.87652755742093,133.70648469611032,131.7173968908734,133.46778869628906,22390600,0.0,0.0,2971499981.530759
2017-02-09,133.7562232889488,133.76616326540363,132.58265351920753,133.4081268310547,16470600,0.0,0.0,2193462410.866308
2017-02-10,133.3683346625846,134.2037478438537,132.95061289641544,133.4578399658203,15061900,0.0,0.0,2011926133.0169296
2017-02-13,133.9650356024686,133.9650356024686,132.9704918857828,133.31858825683594,13526200,0.0,0.0,1805311665.9557931
2017-02-14,133.36832588438568,133.49760625537215,131.82678000280643,133.11968994140625,14364900,0.0,0.0,1905679138.080055
2017-02-15,132.72186929626318,132.9705052504246,131.93618635834815,132.71192932128906,13226500,0.0,0.0,1751894178.2817163
2017-02-16,132.34396856701716,133.1395915737004,132.29423833521543,133.10975646972656,12831100,0.0,0.0,1702904007.4721448
2017-02-17,132.77160227685405,133.35837949872084,132.44340098948757,132.8014373779297,12276500,0.0,0.0,1631557779.0817451
2017-02-21,132.77161659862287,133.17938325802075,132.174884161673,132.99041748046875,14759100,0.0,0.0,1958195084.1370013
2017-02-22,132.87106450021315,136.0436466359353,132.7318289681612,135.37730407714844,27360100,0.0,0.0,3676861945.037821
2017-02-23,135.14858232087815,135.37732318964242,133.59709612310843,134.62147521972656,18422500,0.0,0.0,2477590619.894576
2017-02-24,133.42800439380164,134.88002989294893,133.42800439380164,134.70101928710938,12625700,0.0,0.0,1693788374.2471132
2017-02-27,134.52200634338004,136.43152886557033,134.28332551281628,135.66574096679688,14306700,0.0,0.0,1936518103.5676317
2017-02-28,136.04367137220515,136.06356650198282,134.01480822547165,134.8004913330078,16112100,0.0,0.0,2175764890.7231097
2017-03-01,135.72539818518086,136.72988199392256,135.55632755453334,136.6702117919922,16257000,0.0,0.0,2213278454.3146234
2017-03-02,136.34201049021547,137.06803841504382,135.5662675141406,136.01380920410156,12294800,0.0,0.0,1675992132.2690682
2017-03-03,135.88453805368812,136.5807157493009,135.33753587301536,136.4215850830078,11160600,0.0,0.0,1517385419.5280113
2017-03-06,136.1331647990844,137.07797840589572,135.7651732612896,136.6702117919922,12748200,0.0,0.0,1739129533.041806
2017-03-07,136.28234171573135,137.61502682443054,136.24256663921057,136.55087280273438,13527100,0.0,0.0,1852249526.27101
2017-03-08,136.4017000622629,137.23712853443334,136.3022547701132,136.96859741210938,10184500,0.0,0.0,1392930924.632577
2017-03-09,136.9685964374814,137.8139648801904,136.6503350835789,137.4857635498047,15535300,0.0,0.0,2131942619.613573
2017-03-10,138.15211622427051,138.72895358847552,137.4658784086553,138.0327606201172,16314100,0.0,0.0,2252935054.3421955
2017-03-13,137.95317451319545,138.91786801908873,137.9133842636642,138.83831787109375,10955500,0.0,0.0,1516412392.19185
2017-03-14,138.69911103937463,138.69911103937463,137.76423726394606,138.55987548828125,12944000,0.0,0.0,1789270790.2190914
2017-03-15,138.53001035948844,139.33560364968878,137.73438739596534,138.95767211914062,19344800,0.0,0.0,2679931781.3899846
2017-03-16,139.43502671348148,139.48475693466102,138.96758995035302,139.22618103027344,13612900,0.0,0.0,1895271976.4555037
2017-03-17,139.5742677299431,139.5742677299431,138.93776033013725,139.07699584960938,20592800,0.0,0.0,2867671245.7178116
2017-03-20,138.9477422943501,139.42511914244574,138.49024539892017,139.17648315429688,12099500,0.0,0.0,1681318476.634128
2017-03-21,140.37985224480218,141.53352670269672,137.6448567763906,137.75425720214844,29894800,0.0,0.0,4172990969.2153096
2017-03-22,137.1774227460118,139.02727487087773,136.84923663763877,138.828369140625,17055400,0.0,0.0,2352592127.191176
2017-03-23,138.71897704595636,139.62401562483956,138.33110553722577,138.76870727539062,13022800,0.0,0.0,1809876975.934672
2017-03-24,139.3157038482412,140.25057749210023,138.99744253308293,139.57427978515625,16664700,0.0,0.0,2326792239.656835
2017-03-27,138.29132266909608,139.88258369260947,138.01285161059286,139.5543975830078,12800500,0.0,0.0,1778600259.799321
2017-03-28,139.59418631927895,141.1755075224231,139.24608987431895,140.98654174804688,14679400,0.0,0.0,2058210398.4128678
2017-03-29,141.2152709907353,142.08051918765972,140.65831374934123,141.8716583251953,16527600,0.0,0.0,2336497167.6247883
2017-03-30,141.62304045446587,142.17004261589713,141.07605346856965,141.63299560546875,12404000,0.0,0.0,1756692287.915863
2017-03-31,141.53353932852153,141.8518006593116,141.11583271351122,141.27496337890625,11478300,0.0,0.0,1623993693.0716362
2017-04-03,141.15559622187612,141.69265837967868,140.05166715696546,141.50369262695312,13564000,0.0,0.0,1910790015.7895207
2017-04-04,141.0859911132616,141.31473194952306,140.4992138841177,140.95669555664062,12948600,0.0,0.0,1824548029.5107405
2017-04-05,141.48380124576923,142.65737086850075,140.51909250671807,141.0760498046875,17158100,0.0,0.0,2429385038.119171
2017-04-06,141.3346233781243,141.44402380574112,140.14117382491705,140.39974975585938,15103400,0.0,0.0,2126446936.9474413
2017-04-07,140.42959320636203,140.77768963553163,139.47483957724106,140.0118865966797,11818300,0.0,0.0,1656054232.9976556
2017-04-10,140.23068695820288,140.6583335419745,139.86271057909377,140.2704620361328,9039400,0.0,0.0,1267870963.1139922
2017-04-11,140.03177385838683,140.26051468941725,138.05262617972335,139.1565704345703,16638100,0.0,0.0,2315300934.5474243
2017-04-12,138.95768647829232,139.63396910227746,138.67921537717643,138.81845092773438,11612500,0.0,0.0,1615955927.383829
2017-04-13,138.85822695241012,139.8129958595292,138.5698158727026,138.62948608398438,10965600,0.0,0.0,1526317280.1654806
2017-04-17,138.99744526376858,140.7776872823978,138.98750528830016,140.6483917236328,11519700,0.0,0.0,1611405544.4283347
2017-04-18,140.49922415658628,141.1357316598555,139.84282152572044,140.19091796875,14807500,0.0,0.0,2080294963.147708
2017-04-19,140.57878062550026,142.25954700078478,140.4992152956676,141.49375915527344,15563900,0.0,0.0,2200414550.252877
2017-04-20,142.1700581868033,143.46296838937118,141.9114822165044,143.0154266357422,15968200,0.0,0.0,2278458151.082371
2017-04-21,143.1148427139898,143.38337378156683,141.49374668506738,142.8960418701172,12382000,0.0,0.0,1763674252.8089323
2017-04-24,144.1691033363723,144.8752210703287,143.5524757437686,144.6763153076172,14407200,0.0,0.0,2077717756.7700315
2017-04-25,144.99452683809167,146.34710694700507,144.99452683809167,145.6907196044922,17767500,0.0,0.0,2588206239.1383533
2017-04-26,146.28746780386223,146.78473978511857,145.29292384134956,145.76036071777344,12395000,0.0,0.0,1810151320.3250365
2017-04-27,145.86975549393424,146.9438647527854,145.34264842832246,146.89413452148438,11275100,0.0,0.0,1647779832.3841546
2017-04-28,148.68431362970895,150.70323654053772,148.25666703529865,149.4302215576172,30652200,0.0,0.0,4581889378.193626
2017-05-01,150.91208579972246,151.7375589973473,150.59382449076782,151.62815856933594,25218300,0.0,0.0,3812141764.109166
2017-05-02,152.5033379567989,152.60279840395177,150.83251170847254,151.94639587402344,21870400,0.0,0.0,3318125803.141382
2017-05-03,152.76193790524397,152.76193790524397,150.5142591437667,150.9717559814453,29782500,0.0,0.0,4516161669.30608
2017-05-04,149.35066449689742,150.69330491171647,147.90857879150366,150.02696228027344,36225500,0.0,0.0,5408501269.0455
2017-05-05,150.623647000354,150.80267276555918,148.97270074311302,149.42025756835938,17148500,0.0,0.0,2570348996.3067327
2017-05-08,149.88769759594194,150.25567393305582,148.92298892923424,150.23577880859375,15827500,0.0,0.0,2367625143.2264476
2017-05-09,150.66346514426522,151.75745435994946,149.39045013022852,149.65896606445312,17453900,0.0,0.0,2628102705.090559
2017-05-10,149.41033101272612,149.69875725199648,148.04781067879736,149.47000122070312,12080700,0.0,0.0,1798493481.6007707
2017-05-11,149.48989035359352,149.82803163559362,148.5948069187614,149.2213592529297,11841900,0.0,0.0,1766946705.9384086
2017-05-12,149.57939106298508,149.63907644226956,148.81360321415377,149.50978088378906,9598200,0.0,0.0,1432304254.9391413
2017-05-15,149.35064930728763,150.65349933294206,148.9528378343749,149.37054443359375,15064700,0.0,0.0,2256739793.76224
2017-05-16,149.29096982844007,149.39043027825625,148.21686070766822,148.9627685546875,14550800,0.0,0.0,2165212084.838995
2017-05-17,147.19249964973787,147.8588422527636,143.63203060741637,144.0596923828125,28300100,0.0,0.0,4124610425.515189
2017-05-18,143.93037843039573,147.34165634412238,143.72151755736593,146.85433959960938,23031600,0.0,0.0,3351825298.014759
2017-05-19,147.64003826029258,148.57491195020162,147.1527214638125,147.25216674804688,16187900,0.0,0.0,2393604678.4713597
2017-05-22,147.27206744867723,147.779279391414,146.88419592175237,147.4311981201172,12586700,0.0,0.0,1854420382.3621156
2017-05-23,147.70964187173385,147.99805288175043,146.44656706117408,147.26210021972656,12817800,0.0,0.0,1887066124.752209
2017-05-24,147.6997083083938,149.4103250209696,147.6102030000177,149.2213592529297,17862400,0.0,0.0,2652749739.8610415
2017-05-25,149.47995855407225,151.75745751980654,149.13186210174436,151.1309051513672,19891400,0.0,0.0,2992554906.160059
2017-05-26,151.39941782159983,151.41931294929827,150.32530855892472,151.2999725341797,14996200,0.0,0.0,2262511346.5308065
2017-05-30,151.14084783347724,152.06576643825088,150.81264650340177,151.54861450195312,13226000,0.0,0.0,2002934944.783149
2017-05-31,151.86683051847126,152.51329307375752,150.2656144430723,150.63360595703125,18023900,0.0,0.0,2728628375.5962944
2017-06-01,150.92204795849625,151.4590950268785,149.47996223222094,150.7032470703125,14530600,0.0,0.0,2186412532.704535
2017-06-02,151.0214893941684,152.79177622962604,150.47448724264277,152.77188110351562,16854400,0.0,0.0,2555685455.5335035
2017-06-05,152.80171853989285,153.86588775780754,152.57297770049937,152.79177856445312,12520400,0.0,0.0,1918368585.5420928
2017-06-06,152.57300507823865,153.6769495715393,151.64807122818462,151.9762725830078,13457100,0.0,0.0,2054394668.7019823
2017-06-07,152.43375185151112,152.91112868704255,151.508818108662,152.28456115722656,12066700,0.0,0.0,1836672085.999864
2017-06-08,153.23930780509122,153.88575519340324,152.26465914754058,153.86587524414062,17799400,0.0,0.0,2724646842.510098
2017-06-09,153.92557342745835,154.74109158597074,145.81009104594213,148.78378295898438,35577700,0.0,0.0,5346459905.161703
2017-06-12,147.3615653379598,148.38594432351067,143.77126131294503,147.63009643554688,33170200,0.0,0.0,4845456471.201182
2017-06-13,149.3307725432567,150.35515162872673,148.08759256811956,149.85787963867188,20483400,0.0,0.0,3056561053.240841
2017-06-14,150.43470543734077,151.56848488073987,148.23677190807112,149.4302215576172,20808800,0.0,0.0,3119293813.7335052
2017-06-15,146.86429788253017,149.22136210130637,145.57138775989898,148.98268127441406,18994200,0.0,0.0,2799676224.7068534
2017-06-16,148.77379548843302,150.00703519804452,147.78920689113292,149.8180694580078,22882400,0.0,0.0,3407146364.990697
2017-06-19,150.88227495664128,152.73212737962538,150.88227495664128,152.0359344482422,19026500,0.0,0.0,2888359713.025489
2017-06-20,152.0458790479818,153.00063271101178,151.3795364439512,151.4193115234375,14743900,0.0,0.0,2243875388.0019293
2017-06-21,151.5286903181503,153.2393068269104,151.05131355482047,153.0702362060547,15039800,0.0,0.0,2288235036.2085776
2017-06-22,152.17514730872483,153.70675331874733,152.0757020301675,152.56301879882812,13005500,0.0,0.0,1988426861.520156
2017-06-23,151.88673860229557,154.35320311115305,151.81711324825636,154.2239227294922,18027000,0.0,0.0,2759666146.5055366
2017-06-26,155.39745835698633,155.6460942903575,152.36409693475133,152.75196838378906,18049700,0.0,0.0,2779745774.2779236
2017-06-27,152.00607112309999,152.47350792429043,149.569441842224,149.75840759277344,19360800,0.0,0.0,2923896570.9197664
2017-06-28,150.0965662320471,152.632656257185,149.04235210741422,152.40391540527344,16719100,0.0,0.0,2521867316.1742854
2017-06-29,151.44913644511297,151.66793730641749,148.10746849809445,150.2158966064453,23973500,0.0,0.0,3593332845.5272336
2017-06-30,151.07119796227875,151.09109308753528,149.24124100256503,150.15621948242188,17666000,0.0,0.0,2652835507.0178556
2017-07-03,150.89219012409043,151.31983668396336,146.99358015681165,147.62013244628906,13862700,0.0,0.0,2067714701.819306
2017-07-05,148.1870292779164,150.0269414163459,147.32178101011567,149.51971435546875,14334300,0.0,0.0,2131142895.938814
2017-07-06,148.21688711791577,149.22137106769497,147.1925080395215,148.00804138183594,14951800,0.0,0.0,2215960518.81764
2017-07-07,148.43565524729436,151.1607105957633,148.37598505015464,150.61370849609375,13615900,0.0,0.0,2039230847.1226268
2017-07-10,150.86238386679793,153.13988298094293,150.68335805305185,152.66250610351562,13378700,0.0,0.0,2032379997.4107533
2017-07-11,152.53319377980472,154.57201181917443,152.07571208202626,154.42283630371094,13667700,0.0,0.0,2095584547.9822206
2017-07-12,155.6361657208152,158.29159586273823,155.34773951867103,158.0330047607422,22739400,0.0,0.0,3565985151.486009
2017-07-13,157.87390035690188,158.90821931082084,157.55563903228975,158.39105224609375,13929200,0.0,0.0,2204044187.816428
2017-07-14,159.25629861394583,159.4452643581742,158.4606605635002,159.09716796875,16371200,0.0,0.0,2602250739.038858
2017-07-17,159.37565705791854,159.90276410122794,157.94351144004565,158.85848999023438,12858800,0.0,0.0,2043560843.9650645
2017-07-18,158.7888828406964,162.83666862559332,158.55018684131633,161.97142028808594,23722900,0.0,0.0,3812114116.7779756
2017-07-19,162.69742837728873,164.79591655421643,162.27972177211566,163.2444305419922,26273600,0.0,0.0,4296727245.565359
2017-07-20,163.90084006589686,164.09974581359404,161.9216922138006,163.63230895996094,18523100,0.0,0.0,3019463849.362617
2017-07-21,163.26433623641805,164.14947973276475,162.8565695803782,163.53285217285156,14744000,0.0,0.0,2410688595.53649
2017-07-24,163.74170377397917,165.26335469613002,163.41350247255943,165.0942840576172,17367000,0.0,0.0,2854065489.224315
2017-07-25,164.10967326026875,164.63678028041443,162.9659539166775,164.37820434570312,15383200,0.0,0.0,2519789190.3503523
2017-07-26,165.10423240032964,165.10423240032964,163.20466502692824,164.7064208984375,35236900,0.0,0.0,5784293893.877272
2017-07-27,173.74680686280135,174.53250499944852,166.58609420663788,169.5100555419922,68910700,0.0,0.0,11753360727.15543
2017-07-28,168.1475611016848,172.48375836639795,168.1276659725655,171.5091094970703,24557600,0.0,0.0,4182299557.1732645
2017-07-31,171.06154904161284,171.77762185629496,167.63037565698988,168.32655334472656,25478900,0.0,0.0,4323871213.920616
2017-08-01,168.89342194988697,169.53986929819143,168.1276190357246,168.93319702148438,14385000,0.0,0.0,2428673409.841691
2017-08-02,169.37082561721317,169.61946158694616,165.99932247465537,168.37628173828125,17433800,0.0,0.0,2925555378.786575
2017-08-03,168.37628359590357,168.77409508165113,167.332009476397,167.67015075683594,10793800,0.0,0.0,1813931035.6893299
2017-08-04,168.0480564254563,169.13210545646822,167.7695853931878,168.6945037841797,10777700,0.0,0.0,1815512676.7351687
2017-08-07,169.0227185028102,171.12120656169978,168.7343074733904,171.04164123535156,12787800,0.0,0.0,2173002171.1889634
2017-08-08,170.94222379943798,172.10583843266505,169.68908867478055,170.29576110839844,14393500,0.0,0.0,2459812641.660509
2017-08-09,169.05256781159426,170.51454855810735,168.63486119480987,170.2460174560547,10815000,0.0,0.0,1833950433.2389
2017-08-10,169.1321235661285,169.6592305890429,165.93964632738556,166.48663330078125,20832700,0.0,0.0,3495715361.56844
2017-08-11,167.03363779199418,167.8989012671756,165.93964865432727,167.16293334960938,13791200,0.0,0.0,2302017104.838715
2017-08-14,169.1619872031338,170.1465912373003,168.3663489591592,169.81838989257812,12954200,0.0,0.0,2192582164.946488
2017-08-15,170.55433330104185,170.56427327652423,169.08239745075423,170.06700134277344,8729200,0.0,0.0,1482421859.0562794
2017-08-16,170.31561312955967,170.44490867014974,168.3165857028805,169.0724334716797,15779900,0.0,0.0,2672811252.52849
2017-08-17,168.4160475632621,168.93321460104292,165.93964315312024,165.9993133544922,17216000,0.0,0.0,2882585559.547837
2017-08-18,165.92969998499885,167.7497171359459,165.3031476498132,166.49659729003906,15093600,0.0,0.0,2513483359.9651666
2017-08-21,166.24796587075946,167.08337912425208,164.9152806555875,166.8645782470703,11907500,0.0,0.0,1976637020.66422
2017-08-22,167.36183627373666,168.94315733808307,166.23799687774388,168.71441650390625,11391000,0.0,0.0,1909024263.8362424
2017-08-23,167.91877011962944,168.43593714037402,167.28226270007224,167.78948974609375,9856500,0.0,0.0,1654503218.3636792
2017-08-24,167.95857801844204,168.3663294824091,165.50205338119451,166.82479858398438,14030400,0.0,0.0,2342153479.464752
2017-08-25,166.94412743771818,167.46129447700224,165.27328591677525,165.41253662109375,12614500,0.0,0.0,2098640182.188653
2017-08-28,165.999313365336,166.78499630934184,165.42247612614557,166.3275146484375,8553700,0.0,0.0,1420801528.4857142
2017-08-29,164.34837651208878,167.51101877281482,164.09974054157124,167.1331024169922,11121000,0.0,0.0,1843921627.1676438
2017-08-30,167.2524376643935,169.25146534246142,166.71539066188723,168.99288940429688,11138300,0.0,0.0,1871049816.1166182
2017-08-31,169.47029686780945,171.2107489226307,169.13215553928748,171.03173828125,17226500,0.0,0.0,2931458521.856617
2017-09-01,171.45933720578526,171.97650420727518,170.375288155507,171.0814208984375,11677600,0.0,0.0,1998923645.2478127
2017-09-05,170.3355305987151,171.44941486213006,168.62491395102222,169.7885284423828,13210900,0.0,0.0,2246343975.2588367
2017-09-06,169.9774922993389,171.53891824570533,168.64480718831845,171.1510467529297,13906300,0.0,0.0,2365348470.5015826
2017-09-07,171.00187862567066,172.36439889681517,169.3409921528535,172.26495361328125,18049500,0.0,0.0,3083805727.8754973
2017-09-08,172.1455962416209,172.54342289823617,169.86809743769757,170.01727294921875,10998500,0.0,0.0,1883006553.2073836
2017-09-11,171.4593643664284,172.94124025856905,171.26045861912644,172.5633087158203,12372000,0.0,0.0,2129231709.2574244
2017-09-12,172.81194991755459,173.05064592685363,170.81292205710983,172.01632690429688,11186300,0.0,0.0,1923280515.269505
2017-09-13,172.0660294490572,172.2251601103519,171.12121580786436,172.10581970214844,9119300,0.0,0.0,1565539302.9554949
2017-09-14,171.32010115732461,171.33999628150247,169.56970961800815,170.02720642089844,15615700,0.0,0.0,2661771847.2074943
2017-09-15,169.94765860398456,171.39968413232248,169.33103109522685,170.70350646972656,15660500,0.0,0.0,2668006682.910518
2017-09-18,171.05162068159413,171.13118601924361,168.41607008939067,169.08241271972656,12954000,0.0,0.0,2199247577.815624
2017-09-19,169.68907755305082,171.6184951720514,169.4305015989046,171.57872009277344,13168600,0.0,0.0,2245568909.439006
2017-09-20,171.55882264575547,172.10582482553022,169.76864059173613,171.23062133789062,12264100,0.0,0.0,2096391315.6619482
2017-09-21,170.7532441418035,171.3300814232554,169.08240250319525,170.17640686035156,11161400,0.0,0.0,1899739949.0483432
2017-09-22,169.2813109628578,170.79300664897607,168.29670711389036,169.6094970703125,12097100,0.0,0.0,2051001088.1803858
2017-09-25,168.3166243282922,168.37629453747832,160.67851886620278,161.9813690185547,41251600,0.0,0.0,6787018770.301646
2017-09-26,163.6024674430086,164.5970113180421,161.8918507639082,163.31405639648438,23363300,0.0,0.0,3813928615.7396145
2017-09-27,164.99483445140896,167.42152410597313,164.66664830393913,166.76512145996094,19242500,0.0,0.0,3195103328.798868
2017-09-28,167.02368901962205,168.1475283753073,166.24794606585843,167.8093719482422,12178700,0.0,0.0,2036251082.2883124
2017-09-29,167.9088507169877,170.72341181291702,167.8889555895701,169.93771362304688,15340400,0.0,0.0,2597224580.4505568
2017-10-02,170.45485607903296,170.93223283933162,167.82926113408988,168.5453338623047,13392300,0.0,0.0,2268397777.8701262
2017-10-03,168.376281724004,169.79847218649914,168.27682126590514,169.03268432617188,8190300,0.0,0.0,1384469037.9816132
2017-10-04,168.90339392818782,169.7388071698253,167.37178780965013,167.50108337402344,12127900,0.0,0.0,2044221792.42579
2017-10-05,168.25692149870696,170.3753047583993,167.68009941935495,170.30569458007812,14580600,0.0,0.0,2464525313.0770817
2017-10-06,169.32110571072798,171.42953400643154,168.8238337409461,171.29029846191406,13124500,0.0,0.0,2232827662.500229
2017-10-09,171.7577131001117,173.92582649906043,171.06153546761774,171.55880737304688,14570400,0.0,0.0,2513301929.399644
2017-10-10,172.05608856731715,172.25499430512033,169.86809510041203,170.65377807617188,11341100,0.0,0.0,1940026084.6285415
2017-10-11,171.01181770301233,171.8372909472382,170.46481553207528,171.79751586914062,11283700,0.0,0.0,1931217139.4403148
2017-10-12,171.66822123062525,172.90146111577076,171.34995990199334,171.60855102539062,10351000,0.0,0.0,1781673229.477438
2017-10-13,172.50364224241014,173.69709192758555,172.25500625901793,172.7920684814453,13658300,0.0,0.0,2362558771.3310432
2017-10-16,173.53797495488345,174.04518689349442,173.11031317580932,173.56781005859375,11498800,0.0,0.0,1995935832.098455
2017-10-17,173.75675363962173,175.16900401182986,173.40865724008046,175.14910888671875,15990100,0.0,0.0,2786895830.5920854
2017-10-18,175.68616188031314,175.77568235861352,174.7910785015857,175.06954956054688,12752400,0.0,0.0,2235283780.596802
2017-10-19,173.97556612751202,175.06957054422486,171.68812717980833,173.6075897216797,14048400,0.0,0.0,2435695420.3531537
2017-10-20,174.54246618418384,174.92039774776288,173.67721778918607,174.02529907226562,12602200,0.0,0.0,2196548435.259869
2017-10-23,174.24407546885294,174.3833109976224,170.31563038700412,170.3355255126953,13852700,0.0,0.0,2387505512.659408
2017-10-24,171.35992762045328,172.2948013724522,170.56428941605822,170.86265563964844,12267900,0.0,0.0,2103080519.9421837
2017-10-25,170.96206896224052,171.31016535392786,167.96849766075732,169.66917419433594,15868200,0.0,0.0,2691870840.224814
2017-10-26,170.44494359208602,171.34996703504507,169.46033963812076,169.69903564453125,11833100,0.0,0.0,2016421219.9471192
2017-10-27,173.1998100188352,177.23767090479492,172.95117404971512,176.9094696044922,30285300,0.0,0.0,5302787113.050411
2017-10-30,178.2819232318489,179.70412881382148,176.64093196664595,178.8885955810547,24353200,0.0,0.0,4339071267.09944
2017-10-31,179.58478749277813,179.81352832557982,177.963676186256,179.0775604248047,20174200,0.0,0.0,3608934439.6313396
2017-11-01,181.36502491031393,181.9020719352267,179.58479801931696,181.66339111328125,40918300,0.0,0.0,7395714095.430501
2017-11-02,179.6444479039681,180.94729782816424,176.37239036825986,177.9437713623047,35529900,0.0,0.0,6347766394.825064
2017-11-03,178.3117477048699,178.87864494393563,175.74583810599123,177.9437713623047,17822100,0.0,0.0,3160076499.6820507
2017-11-06,177.58573459379227,179.46542172742588,177.33709864926118,179.18695068359375,13312700,0.0,0.0,2375002456.5093613
2017-11-07,179.51516122593134,179.76379718330796,177.98357040572643,179.2665252685547,12928200,0.0,0.0,2312514758.8322773
2017-11-08,178.8090325849993,179.3659898899148,178.13275004947562,178.58029174804688,10494100,0.0,0.0,1875813763.3989785
2017-11-09,177.33712760309132,178.42117685611143,176.12378278163416,178.3217315673828,12610300,0.0,0.0,2235459152.2599316
2017-11-10,177.3768971796994,178.12280504811605,176.98902569514408,177.48629760742188,11070200,0.0,0.0,1965579494.3470192
2017-11-13,176.53154170099688,178.06313262499808,176.33263595672258,177.79461669921875,9523400,0.0,0.0,1687526331.2555792
2017-11-14,177.1581046524351,177.99351786220618,176.21327583426347,177.0984344482422,9585900,0.0,0.0,1697695451.8474941
2017-11-15,175.6961252737582,177.59570772442518,175.4375341529235,176.9790802001953,10253700,0.0,0.0,1809948476.1188853
2017-11-16,177.784649481194,178.84881866291363,177.5260735487412,178.61012268066406,15607600,0.0,0.0,2781078383.841312
2017-11-17,178.32171213200482,178.99799465358143,177.92388549384106,178.02334594726562,13018000,0.0,0.0,2323204517.879573
2017-11-20,177.89406615686815,178.52063368278982,177.12827826467043,177.76478576660156,10052400,0.0,0.0,1787562561.2303247
2017-11-21,178.172531461532,180.8975871777919,178.013415972862,180.8677520751953,14504000,0.0,0.0,2602822594.8485417
2017-11-22,180.31082525160787,180.7384718755306,179.4555168282257,179.88316345214844,10376300,0.0,0.0,1868740442.4933932
2017-11-24,179.4157258599579,182.1507217735276,179.30632541639366,181.78274536132812,9426300,0.0,0.0,1703601281.9631772
2017-11-27,181.56393521487945,182.72754977770137,180.99705307298274,182.0313720703125,12344500,0.0,0.0,2244999179.945135
2017-11-28,182.5087470935661,183.24471504867765,181.09649656527284,181.42469787597656,14379700,0.0,0.0,2619558660.3225617
2017-11-29,180.8975957926607,180.97716112855255,173.05064474981964,174.1744842529297,41933500,0.0,0.0,7422812498.90036
2017-11-30,175.8851012090007,177.30729175368577,174.24409460874548,176.21328735351562,25307600,0.0,0.0,4448460932.752933
2017-12-01,175.06955657824838,176.51164215757538,171.39968726239616,174.14463806152344,20182500,0.0,0.0,3510860203.009288
2017-12-04,175.3281483503511,175.6066346211517,169.85815656039293,170.53445434570312,24459400,0.0,0.0,4224930756.7129364
2017-12-05,169.52001963809505,174.42312938785994,168.0878738679768,171.8870391845703,20184900,0.0,0.0,3456775174.8093696
2017-12-06,171.55885181380776,175.805559235393,170.96211930250098,175.09942626953125,20255800,0.0,0.0,3512028371.4639363
2017-12-07,174.8408032956599,179.4057557012902,174.8408032956599,179.15711975097656,20404500,0.0,0.0,3614111956.5266337
2017-12-08,180.53954062845517,181.2854485025359,177.76477001411007,178.02334594726562,19883800,0.0,0.0,3569641367.470642
2017-12-11,178.32171672570314,179.23669525374854,177.82444479683926,178.06312561035156,13168600,0.0,0.0,2350997664.4350853
2017-12-12,177.62551213195133,178.20233412751512,175.63642471804607,175.9944610595703,16854100,0.0,0.0,2981816912.7294865
2017-12-13,176.33261989000087,178.18247197671826,176.28288966457964,177.32716369628906,14615700,0.0,0.0,2590379693.070359
2017-12-14,177.31722655077698,179.3759397230928,176.71055416031797,177.41668701171875,13591000,0.0,0.0,2419785769.1847177
2017-12-15,178.04327042958178,179.50525131788032,177.38686775003202,179.19692993164062,28463100,0.0,0.0,5079128037.120948
2017-12-18,180.02238565190885,180.31081188085005,178.76926580266021,179.83343505859375,17265400,0.0,0.0,3099830586.6184387
2017-12-19,178.96816508222562,179.0974606405655,177.24760844866918,178.5305633544922,14920600,0.0,0.0,2658441118.926418
2017-12-20,178.8289254277522,178.8289254277522,176.39229605505756,176.91940307617188,11860500,0.0,0.0,2106550648.6984327
2017-12-21,176.96912819533517,177.7050809032909,176.08398481037693,176.48179626464844,11600700,0.0,0.0,2052100407.312273
2017-12-22,176.17349935194693,176.56137085164335,175.26846079414355,176.23316955566406,8509500,0.0,0.0,1496947976.1949117
2017-12-26,175.66629264061763,176.03426902478054,173.7169799335031,175.02978515625,8897300,0.0,0.0,1555920893.6782687
2017-12-27,175.58670968028298,177.46639684193556,175.2982834820287,176.65086364746094,9496100,0.0,0.0,1674944340.4121985
2017-12-28,176.97908437060283,177.96368829702493,176.71055326784486,176.94924926757812,12220800,0.0,0.0,2167201485.6579804
2017-12-29,177.02881382591855,177.87418220934643,175.49722290039062,175.49722290039062,10261500,0.0,0.0,1813060336.7667835
2018-01-02,176.71054576400638,180.5892759234034,176.58126538156765,180.43014526367188,18151900,0.0,0.0,3241661974.356852
2018-01-03,180.88767388876215,183.7718455191987,180.34067163456555,183.66244506835938,16886600,0.0,0.0,3074311216.084378
2018-01-04,183.89114661361708,185.19401176785783,183.09552369646175,183.3242645263672,13880900,0.0,0.0,2556095106.4133368
2018-01-05,184.57738569225208,185.8802356809349,183.92098312259165,185.8305206298828,13574500,0.0,0.0,2509933322.324236
2018-01-08,186.17863722102751,187.86935901730587,185.31338878113732,187.25274658203125,17994700,0.0,0.0,3357655795.9043226
2018-01-09,187.67039804031035,187.7698584831125,186.07913718420633,186.8449249267578,12393100,0.0,0.0,2316573994.1023245
2018-01-10,185.92002587677663,186.86483947950143,184.6171758884837,186.8151092529297,10529900,0.0,0.0,1955834236.8116734
2018-01-11,187.37205094891436,187.37205094891436,186.35762717169243,186.74549865722656,9588600,0.0,0.0,1791772195.813625
2018-01-12,177.08847687876028,180.48981505112198,176.43207429053217,178.39132690429688,77551300,0.0,0.0,13839878258.450712
2018-01-16,180.5097191703646,180.7583551471833,177.06859057395832,177.41668701171875,36183800,0.0,0.0,6473769319.292322
2018-01-17,178.28194338996633,178.34162877454278,174.8408298140062,176.63101196289062,27992400,0.0,0.0,4943212326.89705
2018-01-18,177.1580985980903,179.99253942913327,176.11382453379676,178.81898498535156,23304900,0.0,0.0,4149511600.759844
2018-01-19,179.86325575220656,181.37495143083498,179.18695806394913,180.30084228515625,26826500,0.0,0.0,4836307032.530913
2018-01-22,179.81353909678697,184.37849192879068,179.42566758509125,184.3585968017578,21059500,0.0,0.0,3830766848.6412983
2018-01-23,185.0348816159259,188.51578500228908,184.53760970358832,188.31687927246094,25678800,0.0,0.0,4789781755.986642
2018-01-24,188.85393847446247,189.61974151813945,185.5023304247167,185.53216552734375,24334500,0.0,0.0,4564204029.846716
2018-01-25,186.9245138506057,187.59085641003327,185.58188875642827,186.4570770263672,17377700,0.0,0.0,3242442006.839609
2018-01-26,186.7255943699887,188.96331787109375,185.7907207903305,188.96331787109375,17759200,0.0,0.0,3327665961.697983
2018-01-29,187.72016185901578,187.8096671682372,184.61718973505404,184.96527099609375,20453200,0.0,0.0,3808660494.8071985
2018-01-30,186.59631673667937,187.15325887789336,180.847854360451,186.0990447998047,20858600,0.0,0.0,3837994010.296665
2018-01-31,187.3422055683198,188.79424615339425,184.20939875518056,185.8702850341797,43275100,0.0,0.0,8070885016.891533
2018-02-01,187.1930596826512,194.25432765450796,186.86485836474998,192.03648376464844,54211300,0.0,0.0,10330483264.5229
2018-02-02,190.9921823752174,193.15035574970292,188.9434245999699,189.24179077148438,26677500,0.0,0.0,5096653412.639198
2018-02-05,185.91008885217784,189.5700183921062,179.62457912947124,180.27102661132812,33128200,0.0,0.0,6115376232.80716
2018-02-06,177.59570379516427,184.75641652910323,176.7702305729462,184.29891967773438,37758500,0.0,0.0,6825351952.301367
2018-02-07,183.14527081016973,184.0702046178148,178.96818906168977,179.19692993164062,27601900,0.0,0.0,5010274719.251159
2018-02-08,180.02237022298849,180.84784340927845,170.5443688941369,170.64382934570312,38478300,0.0,0.0,6760487481.337254
2018-02-09,173.80646868909847,175.9347918099662,166.26782487859535,175.14910888671875,39887600,0.0,0.0,6824820546.713333
2018-02-12,176.09392666201117,176.5812585978916,170.90240669810788,175.44747924804688,32092100,0.0,0.0,5575740267.522872
2018-02-13,174.66178574934946,175.00988216640278,172.15554617849097,172.20526123046875,21809400,0.0,0.0,3785734846.4725623
2018-02-14,172.50362377038257,178.8289231175764,172.26494296422754,178.54051208496094,28929700,0.0,0.0,5078520108.793383
2018-02-15,179.5151659011694,179.5151659011694,175.87513174824724,178.97811889648438,20922100,0.0,0.0,3717755673.22543
2018-02-16,178.01339945112957,178.89854282225932,175.33807421267736,176.3922882080078,20645300,0.0,0.0,3656660614.835689
2018-02-20,174.81098653340143,176.97908496331436,174.15458391358837,175.04966735839844,21204900,0.0,0.0,3722877167.583917
2018-02-21,175.74585094856405,180.28096849035714,175.43752960667126,176.93930053710938,23200800,0.0,0.0,4126476865.324768
2018-02-22,177.72498625543818,179.22675720912773,176.44203134238373,178.01341247558594,18464200,0.0,0.0,3283569822.786409
2018-02-23,178.91844424481403,182.38940797148356,178.5305727249713,182.28994750976562,19007300,0.0,0.0,3430057174.5458636
2018-02-26,183.57293920202153,184.64704857737922,182.22035871181603,183.9210205078125,17599700,0.0,0.0,3228378154.033825
2018-02-27,183.44361669159866,183.69225266303633,180.46994018554688,180.46994018554688,15849800,0.0,0.0,2885948962.105737
2018-02-28,181.30535690859062,181.8821941945294,177.168050621845,177.34707641601562,18783000,0.0,0.0,3372020374.1929803
2018-03-01,178.03329865433852,179.1372429939473,173.45840580479344,174.9800567626953,23201600,0.0,0.0,4090391602.5844316
2018-03-02,172.34449352095112,176.14365823354785,172.0461425125562,175.6563262939453,20025900,0.0,0.0,3486407065.380703
2018-03-05,175.23861427157473,180.16160303935143,174.93030812210586,179.4156951904297,16189300,0.0,0.0,2874344738.68309
2018-03-06,180.7881751730786,181.38490753789173,178.13274498317557,178.79908752441406,15086800,0.0,0.0,2711985460.027419
2018-03-07,177.7647875713311,182.81707255849895,177.09844495907078,182.70767211914062,19097300,0.0,0.0,3436707306.344142
2018-03-08,182.558468010918,183.39388120888967,180.45997986507388,181.34512329101562,17225900,0.0,0.0,3133855112.7369947
2018-03-09,182.906570309067,184.497831426502,182.21039262171823,184.2193603515625,18526300,0.0,0.0,3396873285.5922713
2018-03-12,184.2193441494993,185.08460757638733,183.21486037292138,183.7519073486328,15301200,0.0,0.0,2817711909.492981
2018-03-13,184.5972784653009,184.97520997190097,180.12183128916675,180.88763427734375,18067500,0.0,0.0,3298195396.4921703
2018-03-14,181.60373730345358,183.24472880462355,180.85782931646057,183.18505859375,16821700,0.0,0.0,3062412000.9727206
2018-03-15,182.24021447191964,182.99606230957116,181.19594042906795,182.85682678222656,15614300,0.0,0.0,2843301594.180966
2018-03-16,183.48340667611356,184.31881989678985,182.40929746001459,184.0801239013672,24403400,0.0,0.0,4474706469.552521
2018-03-19,176.04420159882557,176.20333225711076,169.13212486961962,171.6184844970703,88140100,0.0,0.0,15218950862.347864
2018-03-20,166.5562614049451,169.2713618928895,161.06637505002246,167.2325439453125,129851800,0.0,0.0,21447474874.981808
2018-03-21,163.90083695824458,172.45390535133942,162.40902111549758,168.46578979492188,106598800,0.0,0.0,17847993062.926533
2018-03-22,165.2235964451356,169.34100792008795,162.82674180842778,163.9903564453125,73743000,0.0,0.0,12247523184.114967
2018-03-23,164.53736482973648,165.6910395331923,158.15239405276787,158.52037048339844,53609700,0.0,0.0,8680574660.756624
2018-03-26,159.94255434664925,160.2210254194953,148.20693350693935,159.1866912841797,126116600,0.0,0.0,19448942762.370796
2018-03-27,155.45716168559227,161.96148758715185,149.92749977696226,151.3894805908203,79117000,0.0,0.0,12337860506.643307
2018-03-28,150.82254740833818,155.0294782240344,149.977194360959,152.1950225830078,60029200,0.0,0.0,9154653274.969543
2018-03-29,154.30346909311942,160.53926315389717,153.29898528841002,158.91815185546875,59434300,0.0,0.0,9326378304.69731
2018-04-02,156.94895420225072,158.33136947328632,153.2691451878534,154.5421600341797,36796000,0.0,0.0,5732826268.735649
2018-04-03,155.6958414645591,156.5312546495195,149.98715434959365,155.25823974609375,42543900,0.0,0.0,6520244270.308685
2018-04-04,151.2004968284839,154.7112353243018,149.68878596205712,154.25375366210938,49885600,0.0,0.0,7592588850.941394
2018-04-05,160.67850010760847,160.68845525833487,155.79528621882096,158.47061157226562,41449600,0.0,0.0,6559062245.365759
2018-04-06,156.86939216575317,160.53926128229992,155.954413674247,156.34228515625,41644800,0.0,0.0,6590157897.415202
2018-04-09,156.95894358439028,159.6541493642123,155.1886412778558,157.06832885742188,34915200,0.0,0.0,5496399501.912968
2018-04-10,157.0683036942039,165.0743847599359,156.15332516891092,164.13951110839844,57889300,0.0,0.0,9297823634.191996
2018-04-11,164.4577678697643,167.72981038395645,162.35927978738982,165.41253662109375,56144600,0.0,0.0,9266359966.017082
2018-04-12,166.0689230040336,166.53635981400998,162.21010329739175,162.97589111328125,38263000,0.0,0.0,6289412959.015782
2018-04-13,163.68203043305513,164.79591470099032,162.87645233388523,163.6223602294922,19990600,0.0,0.0,3275183610.2236915
2018-04-16,164.81580747898693,164.8754776816997,162.4985184952549,163.9306640625,18119400,0.0,0.0,2965910193.1643558
2018-04-17,164.9252155734796,168.07791789277087,164.75614493275822,167.73977661132812,22743000,0.0,0.0,3784822545.420504
2018-04-18,165.9694680313178,167.20269258513875,164.8655238473285,165.45230102539062,20969600,0.0,0.0,3481668835.6511326
2018-04-19,165.29320343636184,167.41158693142782,164.29865947443966,167.18284606933594,22235000,0.0,0.0,3687788664.4172316
2018-04-20,166.87449737265763,167.51100479705607,164.9053048996021,165.37274169921875,19119400,0.0,0.0,3177800195.807143
2018-04-23,166.35735575796105,167.53091022883308,164.1892422512754,164.93515014648438,23088100,0.0,0.0,3829394026.237996
2018-04-24,164.52738233151112,165.19374006754842,157.3268945475217,158.81871032714844,35079900,0.0,0.0,5656995805.116599
2018-04-25,159.2662520259295,160.18123054970303,155.33780684135272,158.81871032714844,41083600,0.0,0.0,6481328962.279589
2018-04-26,172.2749040917124,175.30826617183115,169.86810955575123,173.20977783203125,77556900,0.0,0.0,13385404827.333265
2018-04-27,175.84530054137903,176.13372676413522,171.65827931567307,172.6428680419922,29804700,0.0,0.0,5182918201.8034315
2018-04-30,172.84178089167716,174.76125854535871,170.77314289599428,171.06155395507812,20750500,0.0,0.0,3585005798.5543976
2018-05-01,171.06155516250575,173.0705381408899,169.30120816546244,172.91140747070312,26025900,0.0,0.0,4455266416.097248
2018-05-02,173.2992673753636,177.1083721751804,173.24953714732248,175.10934448242188,30424500,0.0,0.0,5329732106.091245
2018-05-03,174.1744704105649,175.1590591159628,171.18088369074968,173.07052612304688,24026100,0.0,0.0,4160599049.9341774
2018-05-04,172.1356691423127,176.01438448735624,172.11577401410992,175.6464080810547,17677800,0.0,0.0,3077087657.978609
2018-05-07,176.3823653043065,178.52062860174553,176.20333951248034,176.9989776611328,18697200,0.0,0.0,3316172488.3126516
2018-05-08,177.27742885052245,178.063111759778,176.14364954792475,177.9437713623047,15577200,0.0,0.0,2758774781.121174
2018-05-09,178.68969941041505,182.01147237046354,177.8045559527845,181.66339111328125,23282800,0.0,0.0,4188762312.1222596
2018-05-10,182.1507113470113,185.11446313009012,181.50426387465833,184.51773071289062,21071400,0.0,0.0,3862584922.103928
2018-05-11,183.8414338812268,187.29250220105382,183.175076157628,185.96975708007812,21207800,0.0,0.0,3928401154.1576266
2018-05-14,186.68584284522592,186.83501836057025,185.18407183826022,185.62167358398438,15646700,0.0,0.0,2910435549.30702
2018-05-15,183.87127318666833,184.27902463473896,182.20043161519092,183.3143310546875,15429400,0.0,0.0,2827279061.131334
2018-05-16,182.69769610271325,183.31432358846442,181.66337721052355,182.20042419433594,16975500,0.0,0.0,3097839479.9566097
2018-05-17,181.68327599937183,183.05575146497733,181.22579429452725,182.75738525390625,14840700,0.0,0.0,2703096568.07654
2018-05-18,182.48886662608166,183.1850443246059,181.61366313334509,181.6832733154297,13130500,0.0,0.0,2394994714.138313
2018-05-21,182.76732565891984,184.28897651951903,182.13081820857468,183.4833984375,13532900,0.0,0.0,2479361220.03791
2018-05-22,183.92097380937392,184.40830572439043,182.42915814052384,182.79714965820312,12731400,0.0,0.0,2335177243.724885
2018-05-23,181.5042619293282,185.8902041747901,181.18600059675668,185.8802490234375,16628100,0.0,0.0,3051889920.280879
2018-05-24,184.86581229259264,185.7807907966926,184.02044396543369,184.91552734375,12354700,0.0,0.0,2284391657.557821
2018-05-25,185.00503018174703,185.3133363120915,183.4435892306049,183.91102600097656,10965100,0.0,0.0,2021728282.1341102
2018-05-29,183.3341921378073,185.79071642647534,182.7076398915773,184.7265625,16398900,0.0,0.0,3021483847.7120566
2018-05-30,185.5222024672895,186.97424316055893,184.23924758241247,186.6460418701172,13736900,0.0,0.0,2549661300.493562
2018-05-31,186.84497198830937,191.66851634401795,186.45710044453855,190.733642578125,30782600,0.0,0.0,5819844805.67771
2018-06-01,192.01657063599498,193.48849114864484,191.02202687802256,192.93154907226562,17307200,0.0,0.0,3327400218.795569
2018-06-04,190.7933029283243,192.92162632078558,190.4253265322488,192.22544860839844,18939800,0.0,0.0,3630257308.8229504
2018-06-05,193.23986350109854,193.93604112644564,191.56902202473145,191.8872833251953,15544300,0.0,0.0,2996203176.5704207
2018-06-06,189.9877143360942,191.47953014159702,188.07819192611478,190.2960205078125,22558900,0.0,0.0,4281202348.1766515
2018-06-07,189.7092443225918,189.92804518932647,185.75096394577093,187.15325927734375,21503200,0.0,0.0,4039150434.6169133
2018-06-08,186.50682652980763,188.44618420552266,185.41282210989843,188.06826782226562,12677100,0.0,0.0,2369724004.4806123
2018-06-11,187.77981841218352,191.54914803216403,187.76987843706019,190.4949188232422,12928900,0.0,0.0,2452088880.6589766
2018-06-12,191.12150938439112,192.22545377784152,190.51483696680958,191.35025024414062,11562700,0.0,0.0,2212755579.896589
2018-06-13,191.68838500377453,193.4387766973291,190.8629117962899,191.3601837158203,15853800,0.0,0.0,3046321054.5200686
2018-06-14,192.0464262982469,196.20361236745035,191.85746053591308,195.73617553710938,19120900,0.0,0.0,3710038484.438961
2018-06-15,194.72173246861226,195.9947625499606,193.57801311864267,194.7814178466797,21860900,0.0,0.0,4258205745.806885
2018-06-18,193.73713823916728,198.49105646185663,193.07079570403673,197.2279815673828,16826000,0.0,0.0,3294209862.271661
2018-06-19,195.16931090282105,196.87992771692595,192.73266607625717,196.41249084472656,19994000,0.0,0.0,3894957100.1504517
2018-06-20,198.01368657171744,202.43940366836182,197.72526035696674,200.89785766601562,28230900,0.0,0.0,5648504306.816323
2018-06-21,201.6537241513677,202.2802916907962,198.9982936481527,200.40060424804688,19045700,0.0,0.0,3821315776.3950095
2018-06-22,200.06244497116325,201.13655415271342,198.22253277419094,200.6392822265625,17420200,0.0,0.0,3478457583.0420294
2018-06-25,198.90876542217848,198.90876542217848,192.0563590604058,195.2786865234375,25275100,0.0,0.0,4940841308.904883
2018-06-26,196.52187499736937,198.01369080400264,195.15933957461377,197.9142303466797,17897600,0.0,0.0,3518426814.252163
2018-06-27,198.09325754035294,199.65469883291766,194.7317092940626,194.771484375,18734400,0.0,0.0,3694296362.2070494
2018-06-28,194.11505821469757,196.26327653803165,192.20553587468993,195.15933227539062,18172400,0.0,0.0,3529705323.344471
2018-06-29,196.243397134995,196.52186819521845,192.9017292367792,193.259765625,15811600,0.0,0.0,3078705076.577887
2018-07-02,192.3149372279262,196.3726779107741,191.1712178836667,196.28317260742188,13961600,0.0,0.0,2705366427.761832
2018-07-03,193.48852881421166,194.3338820677294,191.46960580655534,191.67845153808594,13489500,0.0,0.0,2602148074.840082
2018-07-05,193.6774839176977,197.56613902061153,192.97135107376445,197.3672332763672,19684200,0.0,0.0,3843709031.257858
2018-07-06,197.36723610457733,202.52892143079842,196.62132817132078,202.12115478515625,19740100,0.0,0.0,3939632921.0853963
2018-07-09,203.811890672351,204.67715425489004,201.0172245147829,203.62294006347656,18149400,0.0,0.0,3681554779.021151
2018-07-10,203.38421210812015,203.79197871828916,201.1564284780711,202.429443359375,13190100,0.0,0.0,2670654992.8803554
2018-07-11,201.11665986307713,203.3842186417146,200.64922303650815,201.43490600585938,12927400,0.0,0.0,2611550956.9755282
2018-07-12,202.32005205777313,205.95014628622457,202.0813712414714,205.791015625,15454700,0.0,0.0,3153002346.967642
2018-07-13,206.67615955824772,207.2927719025554,205.3235792856596,206.1888427734375,11486800,0.0,0.0,2369820751.414394
2018-07-16,206.3678505488356,207.58119526971973,205.7114479603832,206.0993194580078,11078200,0.0,0.0,2289269280.1158633
2018-07-17,203.78201417335018,209.3116903300431,203.7223439747171,208.84425354003906,15349900,0.0,0.0,3170015561.5873194
2018-07-18,208.67522456785358,209.83883920004342,207.30274902322807,208.2177276611328,15334900,0.0,0.0,3198412270.622523
2018-07-19,207.63093336049135,208.84427812732358,206.62643431346234,206.9546356201172,11350400,0.0,0.0,2357879387.2439485
2018-07-20,207.7104760603899,210.34601102668086,207.3623796646003,208.79452514648438,16163900,0.0,0.0,3375898328.1473994
2018-07-23,209.43106076986535,210.4653797707887,207.660773803982,209.75926208496094,16732000,0.0,0.0,3498043400.8065314
2018-07-24,213.9363352570683,215.02038444729791,211.44003557418867,213.4987335205078,28468700,0.0,0.0,6070386879.732847
2018-07-25,214.54299143438666,217.42716240681622,213.10090594817189,216.3132781982422,58954200,0.0,0.0,12690718923.706821
2018-07-26,173.93577384493778,179.147189097874,172.80199445953403,175.2982940673828,169803700,0.0,0.0,29881136790.01352
2018-07-27,178.88858425680664,178.94825445532254,172.05607336712677,173.93576049804688,60073700,0.0,0.0,10543064344.153738
2018-07-30,174.3435500997214,174.3435500997214,165.65123088099674,170.12667846679688,65280800,0.0,0.0,11097565649.123032
2018-07-31,169.73878444475275,173.28931300966144,169.0724419358344,171.63836669921875,40356500,0.0,0.0,6908261081.728951
2018-08-01,172.98099862778002,174.12473312146858,169.96753207942714,170.71343994140625,34042100,0.0,0.0,5856811650.597706
2018-08-02,169.74872770265904,175.82539089914636,169.3409762799796,175.40768432617188,32400000,0.0,0.0,5591695148.30184
2018-08-03,176.7204922577051,177.8741667209395,175.18888629000634,176.80999755859375,24763400,0.0,0.0,4371520803.465629
2018-08-06,177.99351349979605,184.7762946446069,177.40673627223342,184.67684936523438,49716200,0.0,0.0,9003182000.833908
2018-08-07,185.4824237110345,187.27260563450525,182.71759308638195,182.80709838867188,33398600,0.0,0.0,6178577325.499711
2018-08-08,183.74197014227803,185.8305182276408,182.75736630051543,184.16961669921875,22205200,0.0,0.0,4092283846.762307
2018-08-09,184.83598473541127,185.55205753750326,181.48436156642825,182.09103393554688,19732100,0.0,0.0,3621199662.7003436
2018-08-10,181.04676088795824,181.10644626809247,178.44106078356697,179.27647399902344,21500400,0.0,0.0,3865207610.306749
2018-08-13,179.11737244479332,181.61367230975227,177.92390755783725,179.06764221191406,17423300,0.0,0.0,3132165557.6534867
2018-08-14,179.7240299517121,180.99704489500056,177.64542172391296,180.12184143066406,19102000,0.0,0.0,3425394198.677243
2018-08-15,178.36151029357472,179.88316133960555,173.8263922602643,178.55047607421875,33020200,0.0,0.0,5839780100.889212
2018-08-16,179.43560305891845,179.51516838951818,173.06057321525645,173.74681091308594,31351800,0.0,0.0,5526942067.822287
2018-08-17,173.54790803146963,175.25852472868797,171.10132339573886,172.8517303466797,24893200,0.0,0.0,4311002485.665491
2018-08-20,173.0903981645335,173.61752034577987,169.9774863559105,171.55880737304688,21518000,0.0,0.0,3696738677.1034865
2018-08-21,171.86714266406793,173.21972308316816,170.45489203428542,171.6781768798828,19578500,0.0,0.0,3364316726.0385327
2018-08-22,171.27040599018568,173.28932882588035,171.19084065977222,172.69259643554688,16894100,0.0,0.0,2909841215.653782
2018-08-23,172.14560029087963,174.59218496612326,171.88702433964883,171.95663452148438,18053600,0.0,0.0,3127598526.5613437
2018-08-24,172.75226886892256,173.86616833355143,171.97652585679876,173.69708251953125,14631600,0.0,0.0,2530115982.157764
2018-08-27,175.02976443177164,177.69513446461184,174.83084353633748,176.4917449951172,17921900,0.0,0.0,3158967662.5676064
2018-08-28,177.1282662903176,177.26750182271684,174.87064749484762,175.2982940673828,15910700,0.0,0.0,2801382226.173486
2018-08-29,175.33810379030896,175.8254206200532,173.79655761186322,174.94027709960938,18494100,0.0,0.0,3232971913.8094425
2018-08-30,174.94024942259395,178.80902422129753,174.74134369648098,176.67076110839844,24216500,0.0,0.0,4280876242.340442
2018-08-31,176.18344496815715,176.65088181295377,174.02528653659218,174.7711944580078,18065200,0.0,0.0,3167517558.234109
2018-09-04,172.5533488387684,172.94122031271024,167.87899602636963,170.2261199951172,29809000,0.0,0.0,5079754914.425816
2018-09-05,168.56524662015903,170.19629796604002,165.76062561200902,166.26783752441406,31226700,0.0,0.0,5245413032.747332
2018-09-06,166.06893631789904,166.06893631789904,159.12702413898575,161.64321899414062,41514800,0.0,0.0,6750222629.58774
2018-09-07,159.43530570278875,163.73174197541334,159.28613021090592,162.15040588378906,24300600,0.0,0.0,3924764052.425435
2018-09-10,162.61786761319408,164.10968346307837,161.27524245361957,163.28421020507812,20197700,0.0,0.0,3286013559.0938454
2018-09-11,163.0455343321406,166.2778021050342,162.82673345347106,165.0346221923828,20457100,0.0,0.0,3366262197.1869493
2018-09-12,162.3592839417634,163.59252378221655,160.91719839055764,161.11610412597656,24078100,0.0,0.0,3906788770.7241373
2018-09-13,161.11610646693313,162.42891165573533,159.98232706548353,160.47959899902344,25453800,0.0,0.0,4103295594.0810804
2018-09-14,160.8376395424046,161.9515238460636,159.46516411429943,161.4343719482422,21770400,0.0,0.0,3498684931.7861433
2018-09-17,161.0365579596454,161.17579350856082,158.898294492258,159.70387268066406,21005300,0.0,0.0,3361626120.3418
2018-09-18,158.52034596262106,160.87741006541876,158.00317890390846,159.42538452148438,22465200,0.0,0.0,3581858103.656865
2018-09-19,159.20658216412025,162.54825012466907,158.6098497807764,162.17031860351562,19629000,0.0,0.0,3152006171.5219946
2018-09-20,163.6024554315525,165.54181281037594,163.57262033153475,165.11416625976562,18936000,0.0,0.0,3116055452.9876103
2018-09-21,165.73079544234466,166.33746783039172,161.921690471562,162.04103088378906,45994800,0.0,0.0,7549107167.133349
2018-09-24,160.15138540589712,164.79590308750412,160.00220990750242,164.5074920654297,19222800,0.0,0.0,3121764583.240206
2018-09-25,161.1061722724451,164.6865212170855,160.27074386071362,164.01023864746094,27622800,0.0,0.0,4488114770.8955145
2018-09-26,163.40354286401995,168.3762616658737,163.31403756771462,166.03907775878906,25252200,0.0,0.0,4187954887.1532097
2018-09-27,166.63583773806238,170.8328143173483,166.29769644555057,167.91879272460938,27266900,0.0,0.0,4596251961.9604435
2018-09-28,167.41156282778044,167.86904448609673,161.67304074456231,163.56268310546875,34265600,0.0,0.0,5645978637.839835
2018-10-01,162.14048818690412,164.97494432638587,160.38014126315645,161.5537109375,26407700,0.0,0.0,4295939746.861479
2018-10-02,160.69840182887893,161.3945795092408,157.80427549815818,158.46067810058594,36031000,0.0,0.0,5750526972.385796
2018-10-03,159.12701272671183,162.76704678496364,158.65957591278433,161.5437469482422,23109500,0.0,0.0,3714004268.616803
2018-10-04,160.57905159906994,160.57905159906994,156.49147589834897,157.98329162597656,25739600,0.0,0.0,4080634274.7862816
2018-10-05,158.34135089865717,160.0221174473198,155.34776386010014,156.4716033935547,25744000,0.0,0.0,4059441112.18911
2018-10-08,154.69133696369738,157.47606265660676,153.54761765659927,156.3920135498047,24046000,0.0,0.0,3739437708.405676
2018-10-09,156.82962169760796,159.71379278435782,156.56109060970644,157.03846740722656,18844400,0.0,0.0,2980005206.315552
2018-10-10,155.96436737876454,156.82961563624124,150.48442127998763,150.55404663085938,30610000,0.0,0.0,4703441335.002883
2018-10-11,149.31085831050763,153.96531578456975,148.34614965724091,152.51329040527344,35338900,0.0,0.0,5341677323.050802
2018-10-12,155.87486061965814,156.0339912851964,150.47449454694697,152.90118408203125,25293500,0.0,0.0,3876336193.1976595
2018-10-15,152.4834825548717,154.7212063962419,151.71767948000823,152.68238830566406,15433500,0.0,0.0,2364712272.585553
2018-10-16,154.55211775373553,158.58997878127073,154.16424623533004,157.91368103027344,19180100,0.0,0.0,2999328655.6204524
2018-10-17,158.6894216957136,159.61435541072694,157.08820541534476,158.55018615722656,17592000,0.0,0.0,2785715725.026127
2018-10-18,157.6451464702028,157.79433715895735,152.443686176979,154.07473754882812,21675100,0.0,0.0,3362220089.804377
2018-10-19,155.00960991170302,156.49148575770067,152.7122159745005,153.20948791503906,19761300,0.0,0.0,3055133555.5202737
2018-10-22,153.91560597180975,156.48153101271313,153.61725494714042,153.9355010986328,15424700,0.0,0.0,2391590371.8974767
2018-10-23,150.394920532417,153.92555419561694,150.02694416819526,153.54762268066406,19095000,0.0,0.0,2901986478.128497
2018-10-24,153.43822622948196,153.80620260324403,144.80559276827734,145.24317932128906,27744600,0.0,0.0,4142432408.9323554
2018-10-25,146.92397112693433,151.3795388778303,146.19795830423348,150.12640380859375,22105700,0.0,0.0,3289079439.7287736
2018-10-26,145.02440016140338,148.18704250922224,143.0154172151485,144.57684326171875,31303300,0.0,0.0,4557798978.744947
2018-10-29,147.68974136625712,148.0179426125794,138.2714111910128,141.31471252441406,31336800,0.0,0.0,4485696111.136204
2018-10-30,139.17647619730712,145.83991731150527,138.97757045183795,145.42221069335938,50528300,0.0,0.0,7195671733.476269
2018-10-31,154.15433091177073,155.5466865401134,148.14729140380047,150.9618377685547,60101300,0.0,0.0,9126201438.300276
2018-11-01,150.69328675404057,151.91657142702007,148.53512844419387,150.92202758789062,25640800,0.0,0.0,3851910973.028911
2018-11-02,150.97176393481433,153.28905299498476,148.14726295931982,149.52967834472656,24708700,0.0,0.0,3724049750.0100627
2018-11-05,149.28104005540186,149.37054536103273,146.63554973505495,147.8687744140625,15971200,0.0,0.0,2363786272.9993176
2018-11-06,148.49535019912477,150.14629674769748,147.19250009260702,149.12191772460938,16667100,0.0,0.0,2477887730.4085197
2018-11-07,150.74303732754774,152.1751679017459,149.01252535069534,150.7032470703125,21877400,0.0,0.0,3294601820.180479
2018-11-08,149.66891724640016,150.116458967107,145.93937761461714,147.06320190429688,24145800,0.0,0.0,3574252509.467498
2018-11-09,145.9492940020941,146.95377771738333,143.2839240602811,144.1690673828125,17326900,0.0,0.0,2514459817.465707
2018-11-12,143.69168552452987,144.2486276304509,139.7234654320754,140.77767944335938,18542100,0.0,0.0,2632719473.387334
2018-11-13,141.22522298375438,144.08951405255362,140.84729147452825,141.3843536376953,15141700,0.0,0.0,2157213814.124708
2018-11-14,142.91593845290765,144.78568561942964,140.77767539160251,143.43310546875,22068400,0.0,0.0,3150963238.067931
2018-11-15,141.5534137625271,144.049713111905,140.06159813748533,143.06512451171875,30320300,0.0,0.0,4307170095.237445
2018-11-16,140.30031335896763,140.99649104444111,137.01831549826656,138.76870727539062,37250600,0.0,0.0,5178109176.299893
2018-11-19,136.859194062596,136.99842960907924,130.494118829739,130.83226013183594,44362700,0.0,0.0,5933345839.313381
2018-11-20,126.33689753571127,133.4279996766633,126.15787934843333,131.70742797851562,41939500,0.0,0.0,5443450986.68652
2018-11-21,133.66668984189752,136.44147573301555,133.3981739238165,134.08441162109375,25469700,0.0,0.0,3436367462.432308
2018-11-23,132.92078341374273,133.76615178146048,130.54382414895974,131.01126098632812,11886100,0.0,0.0,1570807402.453284
2018-11-26,132.27431683412027,136.25249177649982,132.05551599824673,135.63587951660156,24263600,0.0,0.0,3255059088.72167
2018-11-27,135.00933566623263,135.8646440351175,132.9804727688156,134.263427734375,20750300,0.0,0.0,2789308413.6083264
2018-11-28,135.53643241317886,136.0436443050633,131.13061051510059,136.01380920410156,29847500,0.0,0.0,3987241785.3724213
2018-11-29,135.17838920622177,139.2261896885434,134.91981328575372,137.92332458496094,24238700,0.0,0.0,3322471361.146548
2018-11-30,137.50561996104733,140.20084032915233,136.61053661362882,139.84280395507812,25732600,0.0,0.0,3561538219.1589055
2018-12-03,142.2197883214726,142.89607093972268,139.99200435590106,140.32020568847656,24819200,0.0,0.0,3510527859.188572
2018-12-04,139.96217064890683,142.60766128903776,136.41165651655166,137.1774444580078,30307400,0.0,0.0,4228175036.2305603
2018-12-06,133.08988128642048,138.93778950787694,132.94069058566936,138.86817932128906,28218100,0.0,0.0,3835947069.563849
2018-12-07,138.49022882854095,140.10138498279886,135.91436394165007,136.6702117919922,21195500,0.0,0.0,2925145903.1640787
2018-12-10,138.83832616420415,142.26949937783837,138.25153376507103,141.0760498046875,26422200,0.0,0.0,3705991420.9542904
2018-12-11,143.09497630554674,143.09497630554674,140.33014557192993,141.30479431152344,20300300,0.0,0.0,2876807500.82467
2018-12-12,142.29932800138684,146.38690360562043,141.7324307540135,143.71157836914062,23696900,0.0,0.0,3413767527.193405
2018-12-13,144.7757530703589,145.05422412958745,142.40873389138147,144.2187957763672,18148600,0.0,0.0,2608525119.9696784
2018-12-14,142.55789883677383,145.213328853429,141.73242569537015,143.2739715576172,21785800,0.0,0.0,3125671409.7246146
2018-12-17,142.2993410879719,144.12929819682964,137.6647629351935,139.42510986328125,24334000,0.0,0.0,3428588341.793325
2018-12-18,140.3102349557265,145.13376306831907,139.06705526038817,142.87615966796875,24709100,0.0,0.0,3511173220.0829296
2018-12-19,140.43954688197854,144.11935617430973,131.77706307717906,132.51303100585938,57404900,0.0,0.0,7918903178.744895
2018-12-20,129.98688417406942,134.8303232670272,129.2907064819659,132.67214965820312,40297900,0.0,0.0,5321761422.360975
2018-12-21,132.6622100765003,134.1639659007512,122.74660618973301,124.26825714111328,56901500,0.0,0.0,7309298458.903343
2018-12-24,122.42834127165389,129.03211913883615,122.34877594593394,123.38310241699219,22066000,0.0,0.0,2773485415.4702682
2018-12-26,125.31252953846084,133.50757661591481,125.20312910406457,133.44789123535156,39723400,0.0,0.0,5138434423.798514
2018-12-27,131.7173882568543,134.25347807739885,128.96249757803312,133.78604125976562,31202500,0.0,0.0,4106498240.1943083
2018-12-28,134.60157479257379,135.17841210567397,131.47870739098755,132.47325134277344,22627600,0.0,0.0,3016905318.561329
2018-12-31,133.71642396143838,133.90538973001753,129.24097642343574,130.374755859375,24625300,0.0,0.0,3240029105.219317
2019-01-02,128.2862264104255,136.75972972910066,127.85856463119185,134.93971252441406,28146200,0.0,0.0,3723999718.3618326
2019-01-03,133.95511098219197,136.42157543312533,130.40458222241264,131.02120971679688,22717900,0.0,0.0,3030864983.501373
2019-01-04,133.27882130347805,137.24705688978864,133.02024535513934,137.19732666015625,29002100,0.0,0.0,3919159663.218813
2019-01-07,136.8094666953876,138.11231687381346,135.16847520778222,137.2967987060547,20089300,0.0,0.0,2745009908.1824
2019-01-08,139.126754397825,142.3590222780577,138.7786579405084,141.75234985351562,26263800,0.0,0.0,3691871902.862188
2019-01-09,142.17005441783758,143.9105063278946,140.49922786844027,143.4430694580078,22205900,0.0,0.0,3157787058.295196
2019-01-10,142.29935412672359,143.7712749643246,140.0715701538527,143.41323852539062,16125000,0.0,0.0,2288482938.765304
2019-01-11,142.3689639466899,144.56691280860895,141.7921417956798,143.0154266357422,12908000,0.0,0.0,1848161338.4160798
2019-01-14,141.22520761619177,145.7702796807714,140.49919495294782,144.59671020507812,20520300,0.0,0.0,2937167750.1631546
2019-01-15,145.2133522900085,149.85787057515233,145.19347233799516,148.13731384277344,24069000,0.0,0.0,3550795386.2882733
2019-01-16,148.18702597458875,148.8334733733918,146.1979383776144,146.7349853515625,18025700,0.0,0.0,2659073859.4000564
2019-01-17,146.14821968126807,148.18703766410272,145.700677971752,147.49085998535156,15787900,0.0,0.0,2319934932.843655
2019-01-18,148.9329482007615,151.59831855375347,147.73949856247353,149.2213592529297,31029600,0.0,0.0,4644166364.994839
2019-01-22,148.3859584246904,150.70324771359213,145.57139714698235,146.76486206054688,22378700,0.0,0.0,3315120697.4706693
2019-01-23,147.47096031276664,147.9881273619834,142.2794402211278,143.51268005371094,20098400,0.0,0.0,2916956840.156201
2019-01-24,143.85083779347912,145.64101995691124,141.74240945406825,145.0343475341797,20955500,0.0,0.0,3011131727.5108905
2019-01-25,146.67533991228143,149.01252430348444,145.74046615580022,148.19699096679688,22237200,0.0,0.0,3277240599.7206025
2019-01-28,147.242227297192,148.14726588750355,145.41227016497243,146.66539001464844,15508500,0.0,0.0,2276334032.434912
2019-01-29,147.28197365731526,147.2919288067079,142.64739634906948,143.40325927734375,17632100,0.0,0.0,2556119587.5395913
2019-01-30,145.42220767026967,150.1263959839563,144.90504060237242,149.5992889404297,44613200,0.0,0.0,6581148243.3566
2019-01-31,164.69648357757524,170.74329741661026,164.09975113958043,165.78053283691406,77233600,0.0,0.0,12930567037.484705
2019-02-01,164.93515807423327,168.1773809269243,164.7561474550356,164.80587768554688,30806500,0.0,0.0,5128258371.049423
2019-02-04,164.79591950091176,168.37628357432249,162.72726638911175,168.32655334472656,20036000,0.0,0.0,3316995363.5336843
2019-02-05,168.22707725011878,171.0416380176596,167.7695956016407,170.2261199951172,22557000,0.0,0.0,3821282498.3752785
2019-02-06,170.26593220494345,171.52900735219475,168.3464695416938,169.559814453125,13281200,0.0,0.0,2256977091.8615565
2019-02-07,167.28227569503306,168.31660981687224,164.34837431721553,165.4722137451172,17517600,0.0,0.0,2913746063.033648
2019-02-08,163.5726267133183,166.45679778147556,163.31405077789822,166.41702270507812,12561400,0.0,0.0,2071191768.546859
2019-02-11,166.9839099284875,167.38173658234626,164.17930410257495,164.8854217529297,12811200,0.0,0.0,2123847402.2113311
2019-02-12,165.94958820827475,167.4215088641343,163.60246410407635,164.13951110839844,16292300,0.0,0.0,2696570937.394989
2019-02-13,164.47766998719388,165.31308319541048,162.83666349726653,163.17481994628906,14205100,0.0,0.0,2330699983.372073
2019-02-14,162.29961781445505,163.97044424457462,161.36474414142066,163.0554656982422,12755200,0.0,0.0,2074857697.4505234
2019-02-15,163.6124158906607,163.80138166478764,159.98233662903166,161.61338806152344,15504400,0.0,0.0,2510036140.9573464
2019-02-19,159.62428373056113,163.2543626174598,159.45521310156798,161.40451049804688,14345400,0.0,0.0,2314698973.7598705
2019-02-20,161.364743753527,162.8267244641349,160.37019987831266,161.6730499267578,11770700,0.0,0.0,1902127018.6788237
2019-02-21,161.04648112515542,161.35480247142488,158.71925211812666,159.1667938232422,15607800,0.0,0.0,2497825914.6114016
2019-02-22,159.703848630701,161.5238656445764,159.4353175498251,161.00669860839844,15858500,0.0,0.0,2544965603.344208
2019-02-25,162.1802709493174,165.16390246336158,162.01118514238442,163.7218017578125,18737100,0.0,0.0,3065156166.9888115
2019-02-26,163.44332751514114,165.33296987590055,162.90628053030417,163.23448181152344,13784100,0.0,0.0,2262241325.7620835
2019-02-27,162.01119720448816,163.0355762198679,159.53479257579966,161.92169189453125,12697500,0.0,0.0,2047918628.8914943
2019-02-28,161.48408560798794,162.60792505321203,159.98232980616322,160.56910705566406,11114200,0.0,0.0,1792666305.2790341
2019-03-01,161.71286892484238,162.23997605835748,160.8078301953965,161.3946075439453,11097800,0.0,0.0,1792559972.1214552
2019-03-04,163.00571898895456,166.5860826565628,162.93610881583828,166.456787109375,18894700,0.0,0.0,3113111475.6067886
2019-03-05,166.45680175608973,170.94220429762075,165.64128367842457,170.32557678222656,28187900,0.0,0.0,4743790850.359984
2019-03-06,171.95662760252296,172.62298534427387,170.335531427459,171.56875610351562,21531700,0.0,0.0,3692239947.7869606
2019-03-07,170.5642785379856,170.80297453674174,166.69550338108417,168.20721435546875,18306500,0.0,0.0,3089207943.00134
2019-03-08,165.29317876957958,168.69451679070576,165.0644379416228,168.6746368408203,13184800,0.0,0.0,2200272533.177403
2019-03-11,170.66374295255133,173.34900850475367,170.64384782497677,171.1311798095703,18884000,0.0,0.0,3247980549.465315
2019-03-12,171.15105000602426,172.85172669161776,170.28580170004838,170.9819793701172,12155300,0.0,0.0,2085469799.4296098
2019-03-13,171.37979813753762,173.08045956936323,171.18087723335287,172.42405700683594,11973300,0.0,0.0,2060972131.9699802
2019-03-14,168.83376473641073,170.21618013184838,167.24250362307407,169.2415313720703,18037400,0.0,0.0,3043438631.180519
2019-03-15,166.24795624960439,166.66566285217706,161.62331816830365,165.0743865966797,37135400,0.0,0.0,6095571312.89398
2019-03-18,162.67754389175255,163.0057300058916,158.41094230152817,159.59445190429688,37524200,0.0,0.0,6030451747.49904
2019-03-19,160.59894082147858,162.92618502435073,159.94255339683102,160.68846130371094,25611500,0.0,0.0,4134576347.0370483
2019-03-20,160.61883302915365,165.2136207958598,160.36025708932718,164.53733825683594,20211500,0.0,0.0,3290168216.4382286
2019-03-21,163.99033378169312,165.48214954725242,162.85655440688947,165.17384338378906,16223000,0.0,0.0,2663319397.124022
2019-03-22,164.7461788424702,166.50652566509072,163.19469290071694,163.44332885742188,16389200,0.0,0.0,2701769605.6593676
2019-03-25,162.1106478346769,165.63132639262412,161.1161039829304,165.3826904296875,12631200,0.0,0.0,2063606071.2798522
2019-03-26,166.4369353124911,168.5254684922532,165.44239136721308,166.76512145996094,15437900,0.0,0.0,2577881211.862227
2019-03-27,166.93421968094114,168.01826901966228,163.89090223495637,164.9650115966797,10620300,0.0,0.0,1762487485.737713
2019-03-28,163.67211018130763,165.81037366950974,162.43887018209722,164.64675903320312,10443000,0.0,0.0,1713953426.7711656
2019-03-29,165.48216661791665,166.2778048100643,163.91078536169755,165.78053283691406,13455500,0.0,0.0,2221426287.528071
2019-04-01,166.91430792015709,167.97846202331343,166.3673057290319,167.77955627441406,10381500,0.0,0.0,1735505293.9604864
2019-04-02,169.21168157639752,173.9457046026438,168.6249043763474,173.24952697753906,23946500,0.0,0.0,4101683543.957706
2019-04-03,173.54790845816498,176.9890369879235,172.00636239663868,172.5931396484375,27391100,0.0,0.0,4779683942.041241
2019-04-04,175.0596160888672,177.02880870054364,174.5722841298135,175.0596160888672,17847700,0.0,0.0,3137635412.254183
2019-04-05,175.91493558984905,176.03427600554568,174.14464860451415,174.76126098632812,9594100,0.0,0.0,1679825810.3006876
2019-04-08,174.25402638744274,174.54243741305552,173.27936253419327,173.9755401611328,7297400,0.0,0.0,1269097401.4675267
2019-04-09,174.66178661397853,178.21231545357313,174.59217643554416,176.61109924316406,19751000,0.0,0.0,3484120759.6509776
2019-04-10,177.20781369347972,177.81448604141713,175.57676240689077,176.84979248046875,11701500,0.0,0.0,2067603846.8589375
2019-04-11,177.2675013257147,177.42661680834283,176.03426148825417,176.54147338867188,8071000,0.0,0.0,1426391374.3659172
2019-04-12,177.02882880150437,178.64994034838656,176.97909856729547,178.12283325195312,12329800,0.0,0.0,2192417462.011288
2019-04-15,177.52608042677386,179.51516816264808,175.90496906586515,178.6697998046875,10834800,0.0,0.0,1925453051.4217474
2019-04-16,178.0233537875784,179.18696830132683,177.32717610954967,177.89405822753906,11215200,0.0,0.0,1999188716.198431
2019-04-17,178.620083420787,179.7538628147659,177.38684357054146,177.80455017089844,9973700,0.0,0.0,1781007131.63757
2019-04-18,177.82446386354965,177.90402920176325,176.37242299834085,177.3072967529297,11655600,0.0,0.0,2064652308.1317668
2019-04-22,177.27746033253126,180.67879884435473,177.27746033253126,180.45005798339844,13389900,0.0,0.0,2396499257.3762927
2019-04-23,181.74291818487706,183.21483858729906,180.48978343133402,182.77723693847656,19954800,0.0,0.0,3628826495.7287097
2019-04-24,183.4834143274478,184.12986180898022,180.65889804486986,181.58383178710938,37289900,0.0,0.0,6801468188.037042
2019-04-25,195.9052557175611,197.39707158693903,191.07177169375515,192.20555114746094,54148800,0.0,0.0,10517560850.518826
2019-04-26,191.44970484455584,191.84751634284964,188.05830643089507,190.44522094726562,22075000,0.0,0.0,4193210518.865207
2019-04-29,189.908149778713,194.3438221357057,189.6097835812905,193.71725463867188,19641300,0.0,0.0,3770673977.9846187
2019-04-30,193.1304857908768,196.31302329215632,191.23090326609238,192.34478759765625,23494700,0.0,0.0,4552614145.654043
2019-05-01,193.71725845508735,195.10961383644303,191.9569115135955,191.976806640625,15996600,0.0,0.0,3095874189.7072134
2019-05-02,191.94697481606315,192.94151872702722,188.71470710542997,191.4795379638672,13209500,0.0,0.0,2520743957.566921
2019-05-03,193.31943900154235,195.08972584583253,192.6530964410992,194.4034881591797,14575400,0.0,0.0,2825753365.9804726
2019-05-06,190.19659386311386,193.22000084795556,189.51035609725375,192.8221893310547,13994900,0.0,0.0,2678136536.206255
2019-05-07,191.48946413137602,191.84750052052632,186.82506627275686,188.73458862304688,16253000,0.0,0.0,3077282614.0456157
2019-05-08,188.3566533547212,189.67939845562648,187.5212401885287,188.50582885742188,12505700,0.0,0.0,2358579013.346106
2019-05-09,186.17861142959455,188.73459648721837,185.24373775366263,187.62069702148438,12967000,0.0,0.0,2424688530.050752
2019-05-10,187.2229031317219,188.96335508646567,183.58286854424327,187.31240844726562,12578500,0.0,0.0,2343036336.969436
2019-05-13,182.4987968804962,184.41825923100436,179.8533065914898,180.5494842529297,16833300,0.0,0.0,3065946274.4798956
2019-05-14,181.52413838229234,182.48884708104438,177.12825661323757,179.743896484375,17628100,0.0,0.0,3169683132.8165855
2019-05-15,179.43560486344356,186.2581764817482,179.03779338197933,185.25369262695312,16746900,0.0,0.0,3058787538.855429
2019-05-16,184.0403396130239,187.55107813483656,184.0403396130239,185.96975708007812,12953100,0.0,0.0,2406630396.6149054
2019-05-17,183.83148933854042,186.55654506556695,183.27454718715643,184.2889862060547,10485400,0.0,0.0,1938913467.3533528
2019-05-20,180.88763978897717,183.2248087246289,180.3804127145515,181.72305297851562,10352000,0.0,0.0,1882020626.1691978
2019-05-21,183.56296377152867,184.6867879909884,182.8866660692773,183.8115997314453,7502800,0.0,0.0,1378915055.5616808
2019-05-22,183.72206080950963,185.72110343890765,182.60817667707144,184.30885314941406,9213800,0.0,0.0,1696856160.566304
2019-05-23,181.42470964465002,182.89663047481812,178.6897137202409,179.88316345214844,12768800,0.0,0.0,2308511855.878935
2019-05-24,181.33520338355228,182.62811357618295,179.8433874325638,180.07212829589844,8807700,0.0,0.0,1596270119.7173693
2019-05-28,180.5495065234255,183.70222427828392,180.46000120781463,183.3043975830078,14843300,0.0,0.0,2702684580.7789035
2019-05-29,182.49878806573264,183.5530020700705,180.3605249569745,181.19593811035156,12797700,0.0,0.0,2328628072.417007
2019-05-30,182.08108470236317,182.47889616083916,179.90303130470127,182.01145935058594,8581500,0.0,0.0,1554890255.2727678
2019-05-31,179.29637494438097,179.55495089787988,176.1934028002513,176.501708984375,15226500,0.0,0.0,2708401153.792297
2019-06-03,174.04518693248968,174.09491716386333,160.13151195395085,163.25437927246094,56059600,0.0,0.0,9368299962.886507
2019-06-04,162.81677568194303,167.36183305455566,159.96242459510356,166.58609008789062,46044300,0.0,0.0,7535708158.249102
2019-06-05,166.56620370536396,167.79944357185013,163.73176277085724,167.25244140625,19758300,0.0,0.0,3275246517.140558
2019-06-06,167.38174021463786,168.77409559452076,166.31757096494945,167.4115753173828,12446400,0.0,0.0,2085342459.3328953
2019-06-07,169.2415026321081,172.921311352756,167.91875766640808,172.40415954589844,16917300,0.0,0.0,2883046849.808952
2019-06-10,173.79655505924586,176.88958734715,172.85174134295806,173.86618041992188,14767900,0.0,0.0,2582472483.9813232
2019-06-11,177.50616643235216,178.99798207568617,175.82538504611048,177.1282501220703,15266600,0.0,0.0,2708473208.25081
2019-06-12,177.4067491609965,178.29189264205272,171.93675760546034,174.0849609375,17699800,0.0,0.0,3099488531.825466
2019-06-13,174.57229137020462,177.0586511460869,173.65731279374424,176.501708984375,12253600,0.0,0.0,2148766567.866557
2019-06-14,179.52510397000066,180.84784910471032,179.0178920723216,180.34063720703125,16773700,0.0,0.0,3018139991.39059
2019-06-17,184.0005388778362,188.4660459035991,183.4038217164432,187.9787139892578,29459900,0.0,0.0,5477624556.549843
2019-06-18,192.94152289951802,193.46862996968517,186.25818645926503,187.4416961669922,37571400,0.0,0.0,7133434055.38933
2019-06-19,185.97970022680641,187.07370453364862,183.5430708257868,186.4570770263672,21417100,0.0,0.0,3968768269.7752824
2019-06-20,189.9081612101032,190.1170221135318,186.61622321581848,188.49591064453125,14635700,0.0,0.0,2756877379.333386
2019-06-21,187.72013272049105,190.9523999064068,187.72013272049105,190.0970916748047,22751200,0.0,0.0,4307627262.150539
2019-06-24,191.37012277811536,192.92160873156357,190.5247696242671,191.5491485595703,15509000,0.0,0.0,2973434940.960289
2019-06-25,191.8276276217937,192.08620356631081,187.10354421171124,187.80966186523438,16750300,0.0,0.0,3175771016.1031013
2019-06-26,188.50584057583285,189.71918532500675,186.28801196978415,186.6361083984375,12808600,0.0,0.0,2408062893.6350293
2019-06-27,188.84399598207827,197.79489086375702,187.2427797351121,188.466064453125,11159000,0.0,0.0,2148317683.10639
2019-06-28,189.51034614993043,192.14588145601775,188.9036737544018,191.9469757080078,16378900,0.0,0.0,3120586279.9179707
2019-07-01,194.14492443868758,194.21453462149995,190.8828064340741,191.9469757080078,14181800,0.0,0.0,2730686735.69097
2019-07-02,191.94697782076324,193.93606567382812,191.65856675930465,193.93606567382812,9050000,0.0,0.0,1744815711.7599258
2019-07-03,193.10063215413552,196.32294442561565,193.10063215413552,196.12403869628906,10246100,0.0,0.0,1995036453.9968941
2019-07-05,195.1095988043424,195.99475737030082,193.11057119465227,195.32839965820312,11164100,0.0,0.0,2172005399.315996
2019-07-08,194.12501243991233,195.60687303300404,192.5834664696226,194.69189453125,9723900,0.0,0.0,1887362021.1447957
2019-07-09,193.90623607867047,198.37174389885277,193.82667074122324,198.12310791015625,14698600,0.0,0.0,2882383808.7143106
2019-07-10,198.90877038303077,201.85262686193497,198.5805690908346,201.62387084960938,20571700,0.0,0.0,4118795788.5907946
2019-07-11,202.1509568975762,202.68801902017287,199.11761060446776,200.1320343017578,13678500,0.0,0.0,2748049152.4103236
2019-07-12,198.59052703777778,204.1798743107173,198.07337511436688,203.75221252441406,15366300,0.0,0.0,3090572053.3203354
2019-07-15,203.13556555696786,204.20967465245798,200.71883147376536,202.79742431640625,16030300,0.0,0.0,3245562715.8775992
2019-07-16,202.7775439480596,204.3489250442085,201.99186098775252,202.72781372070312,12132700,0.0,0.0,2465005427.3449864
2019-07-17,203.06596348132516,203.2449892721912,200.49009845716478,200.69895935058594,12083700,0.0,0.0,2439306839.7976093
2019-07-18,199.0579570182291,201.3653061679131,198.29216913583087,199.6845245361328,11937900,0.0,0.0,2385535487.2142825
2019-07-19,201.07685940849802,201.2260500847153,196.98929893443872,197.2777099609375,12098300,0.0,0.0,2408864378.5192156
2019-07-22,198.81930124461675,201.46479201406618,197.72529673829177,201.21615600585938,13589000,0.0,0.0,2712297058.027896
2019-07-23,201.73328197644773,203.12565254827476,199.8635497550758,201.2559051513672,14583700,0.0,0.0,2938536814.8156867
2019-07-24,196.55170809144298,203.69252572865182,196.14394146633396,203.54335021972656,32532500,0.0,0.0,6503839934.510437
2019-07-25,205.57220650756963,207.52151909048283,197.1782541591155,199.61489868164062,39889900,0.0,0.0,8071716742.474577
2019-07-26,199.09772743621332,201.77305270895567,195.17922240294266,198.66012573242188,24434000,0.0,0.0,4849565945.042062
2019-07-29,197.9142431768434,198.54081071241905,194.23443365037113,194.87094116210938,16530800,0.0,0.0,3246444504.756206
2019-07-30,194.323928707085,197.62582168315237,192.44424137509387,195.9649200439453,11903600,0.0,0.0,2321619001.3100696
2019-07-31,195.87541819208985,197.67554022412716,191.62871148729056,193.17025756835938,14593500,0.0,0.0,2840655798.6752872
2019-08-01,193.11059725644114,197.38713928332507,189.8385543329922,191.67845153808594,17777000,0.0,0.0,3441855577.708636
2019-08-02,190.05736180818369,191.56905774062346,187.04389474443465,187.98870849609375,15297000,0.0,0.0,2895821167.0819674
2019-08-05,183.6823055615321,184.65695428260693,178.3614899089697,180.7384490966797,23086700,0.0,0.0,4190448957.7588363
2019-08-06,182.68777776339502,184.7763109206034,182.0910453324577,183.5032958984375,18035700,0.0,0.0,3308354788.5866666
2019-08-07,182.5982549561945,185.35313046452723,180.23123576261253,184.13978576660156,15833200,0.0,0.0,2894185193.6737747
2019-08-08,185.60177322281655,189.30147765438073,183.04580335360296,189.12246704101562,14828900,0.0,0.0,2760750297.669645
2019-08-09,188.96333650612164,189.93798525579282,186.0990452860681,186.8250732421875,11058800,0.0,0.0,2079259156.678166
2019-08-12,185.83053269148013,186.5664854608058,183.45357339149152,184.3585968017578,10930900,0.0,0.0,2022326130.6542885
2019-08-13,184.50779230444508,190.33582028320018,184.3586016111099,187.4217987060547,13577000,0.0,0.0,2543613083.029524
2019-08-14,184.7862451625578,184.97521091682316,178.33165029459062,178.72947692871094,18903700,0.0,0.0,3433921956.1411014
2019-08-15,179.96269876424196,182.20042232903077,179.04772028325908,181.59375,12925900,0.0,0.0,2334728683.2960987
2019-08-16,182.7474230961587,184.09006329524206,181.3650078223438,182.69769287109375,12654600,0.0,0.0,2312343871.482301
2019-08-19,184.99508992821399,186.47696567866615,183.84143063395473,185.1542205810547,9691200,0.0,0.0,1794414821.1724355
2019-08-20,184.43814965771534,184.98515179760008,181.39484797558228,182.80709838867188,10083400,0.0,0.0,1847178044.8564534
2019-08-21,183.9906238462905,184.8857072974906,182.14077156167934,182.5485382080078,8398200,0.0,0.0,1541180887.3775406
2019-08-22,182.42918362772704,183.10548138336893,178.92839996211492,181.04676818847656,10821400,0.0,0.0,1958856721.7960095
2019-08-23,179.8533034332112,182.13081731307733,175.6961174882325,176.78016662597656,17323400,0.0,0.0,3099389561.168505
2019-08-26,178.42114682791163,179.51515104855952,177.26748758449543,179.37591552734375,8773600,0.0,0.0,1565134079.1554854
2019-08-27,180.9373739036001,183.03586224934733,180.02239528882197,180.31082153320312,14399600,0.0,0.0,2613946842.6233115
2019-08-28,179.54501053017128,180.95726105872635,177.94379423097578,180.76829528808594,9386100,0.0,0.0,1684340597.5273366
2019-08-29,182.76732840265169,185.0647222786124,182.46896221117504,184.55751037597656,10128700,0.0,0.0,1861319215.045855
2019-08-30,185.7608961674563,185.78079129329316,182.45901852866373,184.65695190429688,10774500,0.0,0.0,1983799915.4633372
2019-09-03,182.99606788559063,184.65695428935763,181.1163806213959,181.3948516845703,9779400,0.0,0.0,1788521875.7131116
2019-09-04,183.6425225208543,186.72561463835962,182.8866746305176,186.1189422607422,11308000,0.0,0.0,2089787883.526232
2019-09-05,187.50134964283936,190.31591054163638,186.9145724171718,189.85841369628906,13876700,0.0,0.0,2617357121.437247
2019-09-06,189.1722016339167,189.1722016339167,185.3332615782186,186.467041015625,15226800,0.0,0.0,2851259893.619271
2019-09-09,186.70572352825727,187.94890341278165,184.8359913012969,187.7301025390625,14722400,0.0,0.0,2744144166.969275
2019-09-10,186.41729547773446,187.0736980390516,183.54306445376199,185.1542205810547,15455900,0.0,0.0,2864107809.7063384
2019-09-11,185.4426555394725,188.40639200473578,185.06472401502043,187.46157836914062,11761700,0.0,0.0,2196327612.6447835
2019-09-12,188.82408738229807,189.8882413621335,186.20843231955928,186.44712829589844,11419800,0.0,0.0,2147474397.0550976
2019-09-13,186.30790618997364,186.9444136638581,185.5222080293057,186.16867065429688,11441100,0.0,0.0,2130713932.726828
2019-09-16,185.9100665793604,186.7653748604989,184.7564072965154,185.20394897460938,8444800,0.0,0.0,1568713572.979777
2019-09-17,185.64156723800718,187.29251374721574,184.52766775531194,187.05381774902344,9671100,0.0,0.0,1797955078.664548
2019-09-18,187.0637646413095,188.04836859778018,184.99511144042935,187.11349487304688,9681900,0.0,0.0,1805884834.6909704
2019-09-19,187.6306489113942,190.05733836617867,187.12342182871717,189.10256958007812,10392700,0.0,0.0,1959963243.238747
2019-09-20,189.6197505340531,192.04644016667206,187.09360043759128,188.8937225341797,19934200,0.0,0.0,3778926698.7067533
2019-09-23,188.3069292776827,189.06279231747328,184.19947348867618,185.80068969726562,13327600,0.0,0.0,2487345086.879019
2019-09-24,186.9543496066153,187.01401980982743,179.40576538958175,180.29090881347656,18546600,0.0,0.0,3397920594.0896807
2019-09-25,180.45998723115457,182.4192399239769,176.89951825576009,181.80262756347656,18068300,0.0,0.0,3246139559.2094707
2019-09-26,180.340633498161,180.4102436745906,176.7005994587561,179.12728881835938,16083300,0.0,0.0,2871760411.6832776
2019-09-27,179.5052156381419,179.773731537328,174.7015672707594,176.1337127685547,14656200,0.0,0.0,2597630437.195545
2019-09-30,176.8995070373814,177.69514514031786,175.8850832522836,177.10836791992188,10740000,0.0,0.0,1898725826.46827
2019-10-01,178.1725266379785,178.8587643301928,173.92583527765433,174.8507537841797,17073000,0.0,0.0,3011545734.5523868
2019-10-02,173.88605020618866,175.56683180954116,172.14559839748037,173.64736938476562,16151700,0.0,0.0,2808073429.487375
2019-10-03,174.61206610128102,178.8587572945562,172.68264865864276,178.40127563476562,16086300,0.0,0.0,2827500259.292472
2019-10-04,178.5703554273123,179.99254588140604,177.12826984660927,179.46543884277344,10430200,0.0,0.0,1862420766.1031728
2019-10-07,179.0178920518758,180.19144650440364,177.1183096663081,178.6996307373047,9178300,0.0,0.0,1639748067.5308218
2019-10-08,177.2873785185042,179.38586661683817,176.75033152497696,176.78016662597656,9466900,0.0,0.0,1685752887.094375
2019-10-09,178.18246050985542,179.73394631973426,176.96911593022543,178.8686981201172,7556900,0.0,0.0,1347784685.55836
2019-10-10,179.3361557092273,180.61911060845716,178.1924211675226,179.0477294921875,8605000,0.0,0.0,1543786615.4661531
2019-10-11,181.1561803708283,185.47251278896937,181.146240394195,183.18505859375,14930500,0.0,0.0,2736900647.200618
2019-10-14,183.19497731612154,183.61268391931094,181.57388113183447,182.27999877929688,7006000,0.0,0.0,1279248537.3741624
2019-10-15,182.79718047012977,189.34128146161007,182.6579449245892,187.85940551757812,15039100,0.0,0.0,2797266782.7723446
2019-10-16,187.29252330035067,188.66498362723817,185.88025754176417,188.51580810546875,10516900,0.0,0.0,1969527423.4251404
2019-10-17,189.2617062394368,189.79875326546096,187.74005529424355,189.35121154785156,9603000,0.0,0.0,1812752589.2994213
2019-10-18,189.19209070164817,190.44522578663506,182.91652082705016,184.83599853515625,16874200,0.0,0.0,3150090392.354324
2019-10-21,186.01947934375613,188.87383057886132,185.73106829779823,188.72463989257812,8122600,0.0,0.0,1521382875.8077774
2019-10-22,188.96333287977055,189.60978031677683,180.50971009304396,181.34512329101562,19537600,0.0,0.0,3615623277.9154572
2019-10-23,181.01695713518927,185.36312495444477,181.00701715787974,185.13436889648438,12300400,0.0,0.0,2253249648.0192184
2019-10-24,183.61269115679667,185.71117940647522,181.80262913829512,185.36309814453125,11413500,0.0,0.0,2097309426.912868
2019-10-25,184.816079806316,187.96878189319597,184.0801119166635,186.86483764648438,8061200,0.0,0.0,1499580271.3900197
2019-10-28,186.1786141318529,188.49590322855295,184.07018593036426,188.36660766601562,13657900,0.0,0.0,2544235194.5617876
2019-10-29,190.6441189013878,191.4795321189681,187.44168639179472,188.277099609375,13574900,0.0,0.0,2571908824.5808773
2019-10-30,188.5257198196424,189.41086319236612,184.96525120364865,187.22286987304688,28734600,0.0,0.0,5378773948.361863
2019-10-31,195.62677385949485,197.00918921527722,187.22288129338483,190.6043243408203,42286500,0.0,0.0,8123914724.782269
2019-11-01,191.79779550412113,193.0509153439448,188.87383403566372,192.56358337402344,21711800,0.0,0.0,4146136886.7900925
2019-11-04,193.48852212857585,196.29312808383324,192.75255416664655,193.6575927734375,16371300,0.0,0.0,3184591788.91364
2019-11-05,194.30402451307057,194.68195602717435,192.54369284855844,193.259765625,9942000,0.0,0.0,1924898700.5612676
2019-11-06,192.9713628364418,193.30950413982234,190.3059923149203,190.50489807128906,10973000,0.0,0.0,2104706421.2989454
2019-11-07,190.86290293628295,192.384553725367,188.43621365353783,189.3810272216797,13473000,0.0,0.0,2565399099.447993
2019-11-08,188.9633386077594,191.29056766216857,188.66497240642954,189.7987518310547,10760800,0.0,0.0,2044312787.7850852
2019-11-11,188.8937161282426,189.0429068189474,187.51130071071088,188.57546997070312,8631200,0.0,0.0,1625057338.0149932
2019-11-12,188.96332351127745,193.9957127514397,188.7047475844017,193.408935546875,17615500,0.0,0.0,3370729979.523007
2019-11-13,193.63768101578995,194.63222484758705,191.68838360376697,192.13592529296875,10860700,0.0,0.0,2097856116.1038103
2019-11-14,191.87732951937517,192.97133377796803,190.40540893325095,192.09613037109375,9040500,0.0,0.0,1732958721.2403877
2019-11-15,193.2001092381607,194.23444348179962,192.32492084993189,194.03553771972656,11524300,0.0,0.0,2227413041.184087
2019-11-18,193.49843630555566,197.5462367931729,191.99668065398734,196.32293701171875,16167200,0.0,0.0,3148909127.4758644
2019-11-19,196.3229605193776,198.9087807392015,195.78591348861744,198.2324981689453,19056800,0.0,0.0,3760808924.4803495
2019-11-20,197.4965116906834,198.50099547599706,194.36368958259672,196.43234252929688,12355400,0.0,0.0,2427000164.8864746
2019-11-21,196.34285521210217,198.00374170653475,195.78591305535062,196.85006713867188,12131000,0.0,0.0,2388531150.9582157
2019-11-22,197.29761251420726,198.21259102909121,196.54174948086438,197.73521423339844,9959800,0.0,0.0,1965837140.3055277
2019-11-25,198.43138948741827,199.87347500782204,198.1628584037942,198.6999053955078,15272300,0.0,0.0,3039465147.381113
2019-11-26,198.9087784088251,199.05795392241754,196.959465703183,197.8843994140625,11735500,0.0,0.0,2323731214.0081177
2019-11-27,198.809309511155,202.03163704780243,198.3319327123855,200.89785766601562,12736600,0.0,0.0,2549635321.303805
2019-11-29,200.50006561763144,202.68805926409323,200.11219408564747,200.5398406982422,7985200,0.0,0.0,1608220291.524175
2019-12-02,201.02716215136644,201.07687720563828,196.9694212427625,198.61041259765625,11503400,0.0,0.0,2289442894.7856665
2019-12-03,196.52186953038094,197.84459948766153,194.01561479580803,197.73521423339844,11595300,0.0,0.0,2271868371.340557
2019-12-04,198.90879427926356,198.9386293843625,196.96943657014808,197.62583923339844,8456300,0.0,0.0,1673958689.065564
2019-12-05,198.769534498318,200.19172491977804,197.1285432157818,198.2722625732422,9740400,0.0,0.0,1935029169.8738036
2019-12-06,199.4060465407859,200.47021576917564,198.96844480857087,199.9530487060547,12270600,0.0,0.0,2450676014.242648
2019-12-09,199.55524780666505,202.0316678332944,199.11766119350906,200.24148559570312,11954800,0.0,0.0,2397829999.324815
2019-12-10,200.55971547001084,200.94758696262681,199.05794455138027,199.77401733398438,9475700,0.0,0.0,1895166207.4836385
2019-12-11,199.18724053682976,201.52442464835858,199.18724053682976,201.15643310546875,8036800,0.0,0.0,1610219755.3801608
2019-12-12,201.2459813135178,202.54883150499566,193.0409934422193,195.67652893066406,23734800,0.0,0.0,4694622688.578579
2019-12-13,195.32840201226713,195.72622864932404,192.11602969264686,193.0509033203125,18798000,0.0,0.0,3645329386.1561847
2019-12-16,194.20458325667317,198.03356800181035,193.74708640509735,196.84011840820312,14911500,0.0,0.0,2921018614.094302
2019-12-17,197.75511314848472,197.9142438208211,195.05990757264215,197.3075714111328,10175700,0.0,0.0,1999393536.1672318
2019-12-18,198.9982720612077,203.185308278705,198.9982720612077,201.39512634277344,23274400,0.0,0.0,4680290761.131633
2019-12-19,201.6735969100577,205.17439544561054,201.4050658264396,204.93569946289062,16514600,0.0,0.0,3357248585.5616994
2019-12-20,206.34796246731182,206.57671848886213,202.32005666952077,205.17440795898438,27306900,0.0,0.0,5582851674.786222
2019-12-23,205.57222078731368,207.45190814847984,204.55778176168153,205.0550537109375,13348900,0.0,0.0,2749938074.8208766
2019-12-24,205.1744089227741,205.66172571981068,203.88149882196672,204.00083923339844,6046300,0.0,0.0,1238110599.2734742
2019-12-26,204.4483918161813,206.68611553655307,204.18980069615134,206.65626525878906,9350700,0.0,0.0,1920988714.9585745
2019-12-27,207.53146646228615,207.79004240396088,205.4628134022831,206.96458435058594,10284200,0.0,0.0,2124987509.8412871
2019-12-30,206.72588143573913,206.76565651176645,202.78748118551383,203.29470825195312,10524300,0.0,0.0,2155130043.5337434
2019-12-31,202.88696229588535,204.4384484030034,202.4891507929706,204.13014221191406,8953500,0.0,0.0,1821713129.7005768
2020-01-02,205.62190978242734,208.6453159503615,205.1445330560235,208.6353759765625,12077100,0.0,0.0,2498690692.717506
2020-01-03,206.0794532505236,209.2520356218842,205.82086211783866,207.53147888183594,11188400,0.0,0.0,2322000804.5355577
2020-01-06,205.5722150171452,211.61904357143484,205.39320440469473,211.44003295898438,17058900,0.0,0.0,3556885118.4999986
2020-01-07,211.65884114779743,213.40923295741652,210.5946718851831,211.89752197265625,14912400,0.0,0.0,3161457915.287391
2020-01-08,211.83784200935605,215.06016957635293,211.4499705112899,214.0457305908203,13475000,0.0,0.0,2873612068.8404937
2020-01-09,216.353069432387,217.18849782674852,215.0999496041477,217.1089324951172,12642800,0.0,0.0,2732668191.5896673
2020-01-10,218.00400335222818,218.6803010443427,216.23371655819858,216.87022399902344,12119400,0.0,0.0,2635448472.46612
2020-01-13,218.4018400953534,220.75890421295074,218.01396859276733,220.69923400878906,14463400,0.0,0.0,3173073784.269111
2020-01-14,220.40086650186518,221.16666952696838,217.4371300336889,217.86477661132812,13288900,0.0,0.0,2914281015.9908094
2020-01-15,219.40632761181521,220.4704816800814,218.93889077068272,219.94337463378906,10036500,0.0,0.0,2205066083.301047
2020-01-16,221.3556510008626,221.41532120890477,219.18753733026855,220.5600128173828,10015300,0.0,0.0,2206384904.563691
2020-01-17,220.81857808100168,221.07715402850437,219.32676225006637,220.927978515625,15905900,0.0,0.0,3502510325.967659
2020-01-21,220.94788437109966,221.15673009927173,217.92446230862916,220.2318115234375,14275800,0.0,0.0,3134117643.2883554
2020-01-22,221.0970459974021,221.53464772964506,220.07266702216754,220.11245727539062,12212800,0.0,0.0,2696630906.8004684
2020-01-23,219.54554744482977,220.28151533207273,218.07362684587812,218.56094360351562,11195000,0.0,0.0,2453692908.3410797
2020-01-24,219.59529643317794,220.56994520726215,214.93088310818575,216.7509002685547,11905800,0.0,0.0,2592492880.8790298
2020-01-27,211.93730015076656,214.88114144354375,211.34056777155064,213.6976318359375,13810700,0.0,0.0,2943210079.728452
2020-01-28,214.96070853609658,217.546528633201,212.35500848824736,216.60169982910156,13413800,0.0,0.0,2883306619.319842
2020-01-29,220.23179707511665,222.97673269404922,217.2581054396217,222.01202392578125,33181300,0.0,0.0,7303782117.282387
2020-01-30,205.40314811905785,210.27640710347106,203.63286121121564,208.38677978515625,48775500,0.0,0.0,10094315758.341501
2020-01-31,207.29276449501748,207.55135560477174,199.9629812783907,200.808349609375,31359900,0.0,0.0,6389804426.611143
2020-02-03,202.33001978599498,204.02074143388248,201.39514606260624,203.075927734375,15495600,0.0,0.0,3141081213.145295
2020-02-04,205.49265752288923,209.45095320519724,204.0804069938506,208.68515014648438,19628900,0.0,0.0,4058582858.1055455
2020-02-05,211.35052237790595,211.56932325372964,207.57126763302958,208.963623046875,12538200,0.0,0.0,2627634278.328182
2020-02-06,209.32165342713526,210.0377262408998,208.19781397695627,209.6995849609375,10567500,0.0,0.0,2209852035.6260967
2020-02-07,209.15258587959462,211.6588407648269,208.7845943160437,211.1715087890625,12242500,0.0,0.0,2573639376.988779
2020-02-10,210.3659310361815,212.6334899255541,209.51062267085427,211.89752197265625,11856400,0.0,0.0,2502554728.2940283
2020-02-11,209.04317130271912,209.70951385172967,205.38324209520982,206.05953979492188,25030800,0.0,0.0,5195051877.778327
2020-02-12,206.71592040625714,210.06752792108713,206.26836358721047,209.6100311279297,13813700,0.0,0.0,2875569552.2640853
2020-02-13,208.37683732090363,213.16059094033199,208.03868086937734,211.97708129882812,15396600,0.0,0.0,3242518354.172685
2020-02-14,212.83238770348734,213.75730621625965,211.48974741177932,213.0113983154297,10741700,0.0,0.0,2283938137.978153
2020-02-18,212.38483729474493,216.79065916417696,212.23564661537156,216.6116485595703,15609200,0.0,0.0,3348378706.0870643
2020-02-19,216.80063193928544,217.1288332499461,214.93088453632265,216.30335998535156,12135100,0.0,0.0,2621543940.6540747
2020-02-20,215.33864299991737,217.57636670760826,211.78811409945766,213.4092254638672,13109200,0.0,0.0,2814312425.897994
2020-02-21,212.31521611251364,213.0710791482345,207.69059329626637,209.03321838378906,14092300,0.0,0.0,2964749858.29482
2020-02-24,200.69895661606475,202.53885367588126,197.08875750073156,199.62484741210938,23080100,0.0,0.0,4611722614.358671
2020-02-25,201.14650755816808,202.38968745654984,194.88087783521686,195.6964111328125,21433500,0.0,0.0,4257449330.590541
2020-02-26,196.11409872125975,200.11216913552204,194.4233772586822,196.12403869628906,16524500,0.0,0.0,3259751318.1955137
2020-02-27,190.7734041681344,194.81124967743048,188.46605520537403,188.71469116210938,21682600,0.0,0.0,4155224245.4259486
2020-02-28,181.70317741594783,191.68840721544467,180.82798905552644,191.4198760986328,32568900,0.0,0.0,6066224629.254815
2020-03-02,192.9713402808214,195.4974901355964,187.81961046801368,195.36819458007812,24949000,0.0,0.0,4781689171.479733
2020-03-03,195.14940313501347,196.16384215105458,182.96624049342807,184.87576293945312,27984100,0.0,0.0,5304807072.865733
2020-03-04,188.13786483926847,190.78335521458132,185.37303405396824,190.71372985839844,23062500,0.0,0.0,4337553363.752962
2020-03-05,185.76091482751224,187.95886359946832,182.886683464515,184.15969848632812,19333400,0.0,0.0,3584852649.803407
2020-03-06,177.35700837925125,182.77726938127833,175.29829530474356,180.10194396972656,24559600,0.0,0.0,4397096319.231412
2020-03-09,168.6746405074373,174.04517114689918,164.2886985524071,168.57518005371094,29949000,0.0,0.0,5066380531.812263
2020-03-10,173.71700470410363,177.31724925321646,168.5752138662392,177.21780395507812,24517800,0.0,0.0,4240261116.135095
2020-03-11,173.06056116722462,174.9203683925063,166.7452171428218,169.31114196777344,20373900,0.0,0.0,3480530236.5691104
2020-03-12,158.6695111817812,165.69100315754028,153.49788645665933,153.62718200683594,43266300,0.0,0.0,6905061127.357423
2020-03-13,162.6377507992697,169.85813351938708,156.74011318999635,169.35092163085938,35028600,0.0,0.0,5720139672.3421545
2020-03-16,151.48893310246143,158.26177458733514,142.31923719275258,145.21334838867188,39120400,0.0,0.0,5879424706.620872
2020-03-17,149.91754145977094,153.10007866075966,139.2361353291827,148.604736328125,34255600,0.0,0.0,5007076205.976935
2020-03-18,138.987519196783,147.3715175427858,136.35198375807835,146.15818786621094,37553100,0.0,0.0,5327348508.35074
2020-03-19,145.82000487724827,159.05738022539944,144.00994308011485,152.29449462890625,39862300,0.0,0.0,6040480280.900701
2020-03-20,155.16874511316252,158.40101282120023,147.19249870448567,148.91305541992188,32568400,0.0,0.0,4976345860.386575
2020-03-23,148.84346318758816,151.4789987971504,141.47388828238383,147.29197692871094,29830800,0.0,0.0,4369509491.946085
2020-03-24,154.36316205897302,160.42987061249212,151.73756682675864,160.10166931152344,30440400,0.0,0.0,4751250831.312884
2020-03-25,158.0529173059896,162.10071832827293,152.22488935134336,155.3577117919922,35184300,0.0,0.0,5529663239.140962
2020-03-26,157.3865668658013,163.10519409789205,156.16328215921695,162.44879150390625,26556800,0.0,0.0,4239374535.132396
2020-03-27,157.33685041151162,159.21653787664005,153.90567680698024,155.93453979492188,24879900,0.0,0.0,3895224694.5535026
2020-03-30,158.3115039096435,165.8402091442582,157.19761950499628,165.04457092285156,22515200,0.0,0.0,3636630659.8018475
2020-03-31,164.57713302094444,169.9973946590424,163.3041179447667,165.8899383544922,23676300,0.0,0.0,3945673301.430783
2020-04-01,160.73818534443564,163.25438027695589,157.17771624878787,158.72921752929688,19507600,0.0,0.0,3125430583.0927997
2020-04-02,158.23195824796113,160.4696822731021,155.06930040114918,157.32691955566406,20886300,0.0,0.0,3295220926.9146075
2020-04-03,156.29258786961677,157.04845104294884,150.00707750636408,153.3387908935547,25983300,0.0,0.0,3989157957.4776816
2020-04-06,159.2762124323225,165.29320655041676,157.64516091106324,164.64675903320312,28453600,0.0,0.0,4594379566.200983
2020-04-07,170.85266983526557,172.44394595856716,165.1042079825276,167.90882873535156,31411900,0.0,0.0,5301514428.391137
2020-04-08,170.31563490063664,174.04517435101553,166.82479143827453,173.3291015625,21664200,0.0,0.0,3692337556.426169
2020-04-09,174.94024845951884,176.1138180355327,170.63388715728763,174.234130859375,23534300,0.0,0.0,4080232259.1596956
2020-04-13,172.72243467477597,174.04517986279745,168.52545826632738,173.83631896972656,19355400,0.0,0.0,3315295864.6222315
2020-04-14,178.00346939533165,180.2411932510702,175.65634509962445,177.19789123535156,21011800,0.0,0.0,3739023948.1585627
2020-04-15,174.23415332825687,177.21778511489146,171.87708907298708,176.0044403076172,17423000,0.0,0.0,3041139996.487704
2020-04-16,176.9790975793998,177.07855804726245,171.56877591926605,175.2883758544922,23593200,0.0,0.0,4112853139.86955
2020-04-17,178.2222489335995,179.29635807679645,175.69611431618887,178.2620391845703,20974800,0.0,0.0,3722948054.974194
2020-04-20,176.44202861195794,179.51516547575804,175.8055211530265,177.2675018310547,16110700,0.0,0.0,2862232493.0351796
2020-04-21,174.2938047396764,174.42310029265857,167.42150329012352,169.8680877685547,24850500,0.0,0.0,4247504660.666963
2020-04-22,177.4763564562063,183.77182118329475,177.16805027436033,181.28546142578125,33242000,0.0,0.0,5999181603.4976845
2020-04-23,183.07564468315246,186.02944130843176,182.15071095603219,184.1199188232422,21426600,0.0,0.0,3944424425.2548814
2020-04-24,182.2302674402944,189.37110025505788,179.84336824360523,189.032958984375,28792000,0.0,0.0,5315211488.506754
2020-04-27,191.60882446732373,192.6928736368815,186.3874691816792,186.4769744873047,29197800,0.0,0.0,5534156016.773886
2020-04-28,187.63066065348826,188.16770769609835,181.56393663686606,181.9120330810547,21731000,0.0,0.0,4017319181.4998245
2020-04-29,189.88824015123936,195.8356229922746,188.96332170294968,193.13046264648438,45954500,0.0,0.0,8841621551.998343
2020-04-30,205.79102745134617,208.54591837691504,200.4702265498661,203.5930938720703,46230100,0.0,0.0,9454428640.789793
2020-05-01,200.50005450877774,206.14905652576596,197.96396455145666,201.16639709472656,30415600,0.0,0.0,6145670001.938186
2020-05-04,199.1076562066714,204.7865077104323,197.6755107750488,204.14004516601562,19250700,0.0,0.0,3873837789.6292253
2020-05-05,205.89047057841884,209.2321384971316,205.37330353103118,205.94020080566406,21071200,0.0,0.0,4368117095.031912
2020-05-06,206.9844536438316,210.4454770417712,205.53242817417959,207.33255004882812,21857000,0.0,0.0,4546014537.152518
2020-05-07,210.0078850416236,210.44548676794645,207.89944173984398,210.10733032226562,15152000,0.0,0.0,3169381178.3750205
2020-05-08,211.0819905615321,212.04669930264512,209.69957522770025,211.19139099121094,12506000,0.0,0.0,2637179454.6382494
2020-05-11,209.7393772068502,213.82695353019304,209.22221009334785,212.01687622070312,12911900,0.0,0.0,2731184247.8953986
2020-05-12,212.12625653185697,214.10540430732914,208.85421385864043,208.95367431640625,14704600,0.0,0.0,3109726000.6416583
2020-05-13,208.2873187019436,209.62995901787886,201.00726534975644,203.98095703125,20684600,0.0,0.0,4246933365.577395
2020-05-14,201.45481371239458,205.80096578026485,199.59502144088685,205.68162536621094,17178900,0.0,0.0,3482128562.4367213
2020-05-15,204.1500241829686,210.18689757486996,203.0062896286102,209.7294158935547,19383200,0.0,0.0,4004503093.1012487
2020-05-18,210.9924755711418,213.4688952661844,209.7890859889039,212.0268096923828,20151900,0.0,0.0,4264726256.227207
2020-05-19,212.1063667018072,219.28697436264596,211.66876498887535,215.69667053222656,31843200,0.0,0.0,6861504899.659182
2020-05-20,222.2805556635606,230.07777598743803,221.97224949094957,228.7152557373047,50162900,0.0,0.0,11338070111.534904
2020-05-21,233.43931982756948,235.90578417999438,229.93852143424985,230.1274871826172,47782600,0.0,0.0,11129626058.721594
2020-05-22,230.2468377544575,234.70240506119345,227.49196225816996,233.6282958984375,33925600,0.0,0.0,7840110613.964898
2020-05-26,238.46179480629883,239.5856190923047,230.40598315776828,230.93309020996094,33178300,0.0,0.0,7796761188.466799
2020-05-27,227.8201908398856,229.3020516190859,219.92350941659447,227.88980102539062,34697600,0.0,0.0,7793524413.295812
2020-05-28,223.07618391448983,230.3661920032574,222.77781773063654,224.2298583984375,29377200,0.0,0.0,6656051101.3772745
2020-05-29,223.97129314105058,226.24880727098233,221.66395908237968,223.8618927001953,23241500,0.0,0.0,5205082279.600832
2020-06-01,223.36461506843236,231.1717909007817,222.28056583913073,230.64468383789062,18223800,0.0,0.0,4131812529.378408
2020-06-02,229.67995428736688,231.72871214693234,225.32384746036507,231.4502410888672,20919000,0.0,0.0,4780541247.212527
2020-06-03,230.8435627028534,231.38060967919537,227.28309406733462,228.90420532226562,15380300,0.0,0.0,3527192681.366378
2020-06-04,228.30749111226572,230.36620423215834,223.38450193172224,225.05532836914062,17041500,0.0,0.0,3866296329.5458856
2020-06-05,225.47304906231173,230.08773204519264,224.08067852900282,229.51089477539062,16750400,0.0,0.0,3803751272.241002
2020-06-08,227.78038699752022,230.28664186140682,226.169230744218,230.137451171875,15466500,0.0,0.0,3529887376.827448
2020-06-09,230.25678522194386,238.46177158608324,229.1528409950201,237.36776733398438,27462900,0.0,0.0,6421026671.926792
2020-06-10,239.6452857813309,239.8939217365767,233.99626898686884,235.4383544921875,20720700,0.0,0.0,4909668237.461649
2020-06-11,228.68542132377434,231.6193227234863,222.33028656181494,223.20547485351562,26708200,0.0,0.0,6062088477.356841
2020-06-12,228.64561463800163,230.39602144667433,223.27508416265476,227.33282470703125,22091400,0.0,0.0,5011114931.228966
2020-06-15,223.8618569634194,232.49450491003554,223.57344594295287,231.23143005371094,15340300,0.0,0.0,3498109593.2350492
2020-06-16,235.84613364779216,237.15893884558685,231.72872261689955,234.3642578125,15236700,0.0,0.0,3572150315.702733
2020-06-17,233.71781178092803,236.29367678778937,230.46564904444352,234.2449188232422,19578100,0.0,0.0,4569130378.538019
2020-06-18,233.70786581675358,234.85158517913928,230.8833497367531,234.65267944335938,15782500,0.0,0.0,3675230805.155036
2020-06-19,236.49257772232494,239.51599955413167,234.26480918892523,237.48712158203125,30081300,0.0,0.0,7125971321.021259
2020-06-22,237.25837708367658,239.3867003035967,235.6173858106879,237.91477966308594,18917800,0.0,0.0,4493016150.146407
2020-06-23,239.96356607961525,243.85223661547,238.55131547380216,240.9183349609375,24017900,0.0,0.0,5793160136.862465
2020-06-24,239.8839818678074,241.89296476332498,231.41046372407695,232.7431640625,20834900,0.0,0.0,4930614801.096085
2020-06-25,233.33987468563006,236.005260111526,231.47014255533657,234.3940887451172,18704300,0.0,0.0,4371900087.050899
2020-06-26,231.37070766192443,231.8182494115533,214.22476422350505,214.90106201171875,76343900,0.0,0.0,17026331614.326765
2020-06-29,208.60556066471722,219.54554239206828,205.97996565717432,219.43614196777344,58514300,0.0,0.0,12449663617.822899
2020-06-30,219.38642996228407,226.2587317874965,217.27800180135867,225.83108520507812,33927100,0.0,0.0,7523957557.071224
2020-07-01,227.25326625118825,237.69597651656014,226.31839261839323,236.25389099121094,43399700,0.0,0.0,10069042208.073118
2020-07-02,237.6959954601474,238.6905393742066,231.3408604563306,232.1464385986328,30633600,0.0,0.0,7199376944.924373
2020-07-06,232.4845788592713,239.088349812402,231.00271814621857,238.96900939941406,26206200,0.0,0.0,6159650272.568601
2020-07-07,238.10376699127258,246.29879929888244,237.51698971206966,239.5458526611328,27887800,0.0,0.0,6746278980.389815
2020-07-08,236.81083576981618,245.64238997815906,235.2991248747992,242.25099182128906,29791300,0.0,0.0,7163936475.719467
2020-07-09,243.66325706060678,245.18490802330976,237.93468962310945,243.16598510742188,22174900,0.0,0.0,5356564382.92479
2020-07-10,242.36041938022828,244.1506015384586,238.0142671430401,243.73289489746094,22982700,0.0,0.0,5540725263.72314
2020-07-13,245.6622747872609,248.7851419183328,237.11914662358635,237.69598388671875,24674900,0.0,0.0,5994819864.671501
2020-07-14,235.46820057024456,239.01872946093565,230.76401232683585,238.4219970703125,23378100,0.0,0.0,5491313957.89435
2020-07-15,240.23208441383412,243.48424724757712,236.751180730019,238.96900939941406,19133600,0.0,0.0,4594316292.376067
2020-07-16,236.70144173489518,240.44092123356472,235.0405552883238,239.61544799804688,18880700,0.0,0.0,4488711556.88341
2020-07-17,239.68507840091067,242.82784074738308,236.5622111814638,240.70945739746094,18152400,0.0,0.0,4351039989.3166
2020-07-20,238.75019227597932,244.70751535259072,234.35431031552233,244.08094787597656,20872200,0.0,0.0,4999537118.854995
2020-07-21,244.8765813416523,245.5628190076878,238.77008287474172,240.43096923828125,19364200,0.0,0.0,4689359589.31587
2020-07-22,238.9490897396433,240.5801409770099,236.8207665984999,238.56121826171875,15427900,0.0,0.0,3682646730.9921036
2020-07-23,238.32255976583426,241.09733057137603,230.4855489726427,231.33091735839844,21771800,0.0,0.0,5133604068.428233
2020-07-24,228.9340506017036,232.2160483323792,225.66199284630693,229.4512176513672,18325800,0.0,0.0,4195490703.516183
2020-07-27,230.19713506984925,233.66808352777457,229.5705675640307,232.2259979248047,13163100,0.0,0.0,3048828344.0932713
2020-07-28,233.349828130188,233.6780294213985,228.57601462022583,228.8644256591797,14170100,0.0,0.0,3275093014.73711
2020-07-29,229.878842107098,232.4248716827686,229.05336897231626,232.01710510253906,13588300,0.0,0.0,3135352388.7467446
2020-07-30,228.9638887695861,233.60840677687906,227.75054404577975,233.2205352783203,20615300,0.0,0.0,4755526589.447179
2020-07-31,254.42419742463744,254.4540325240347,247.64140155169622,252.28591918945312,53005100,0.0,0.0,13306809346.363762
2020-08-03,251.27150389823336,254.00649955393584,248.9641699999736,250.5852813720703,23124900,0.0,0.0,5815573218.1836
2020-08-04,250.18746037972326,251.42070027558296,246.0799892276533,248.46690368652344,17183500,0.0,0.0,4274401549.0394297
2020-08-05,248.82494196746038,250.89359511048758,246.4181475389332,247.76077270507812,13050100,0.0,0.0,3244983986.3746033
2020-08-06,247.68118363716113,265.1453856791842,247.31320728382224,263.83258056640625,45241600,0.0,0.0,11592223339.697575
2020-08-07,262.63911501876026,277.36833671335603,261.9926676148653,266.975341796875,72766400,0.0,0.0,19623679292.67454
2020-08-10,266.57754246912145,272.36576461835904,258.2730952384226,261.5650329589844,30248800,0.0,0.0,8025594372.017909
2020-08-11,258.77037440879593,264.4691217641351,253.7379848071249,254.73252868652344,28238300,0.0,0.0,7316643868.7456045
2020-08-12,257.55702168567785,262.4601155750133,256.70169819332665,258.4720153808594,21415700,0.0,0.0,5559106827.559319
2020-08-13,260.1229340603378,263.7132531722184,258.1537566451161,259.8742980957031,17374000,0.0,0.0,4533458714.283185
2020-08-14,260.87877483493963,261.21691607584853,257.26857608046237,259.8146057128906,14792700,0.0,0.0,3834900169.9103303
2020-08-17,261.06776202833214,262.6590382670998,257.9846700065455,259.7350769042969,13351100,0.0,0.0,3475583106.766133
2020-08-18,259.52623020000823,263.7032961658379,257.8454486628186,260.90863037109375,18690400,0.0,0.0,4873977330.172761
2020-08-19,259.9638530892785,266.448268602907,259.92406283367757,261.15728759765625,23291500,0.0,0.0,6130000578.827604
2020-08-20,260.07323237193305,268.15887921351106,260.03344211724726,267.5422668457031,20299700,0.0,0.0,5361072832.658998
2020-08-21,267.22401870511743,269.0141856904416,264.966414845137,265.5531921386719,15538600,0.0,0.0,4148655479.7410703
2020-08-24,269.59100992253883,275.73728365906857,267.30354084655573,269.9092712402344,23685600,0.0,0.0,6431123876.455208
2020-08-25,270.92366425389224,281.5453841284545,268.78540127996143,279.28778076171875,42127200,0.0,0.0,11591947531.528711
2020-08-26,282.45043045037903,303.0076635140364,282.45043045037903,302.2518005371094,69015200,0.0,0.0,20202753723.28646
2020-08-27,298.5222219438694,299.5863909204982,290.4266221642178,291.6200866699219,30301300,0.0,0.0,8939080656.691954
2020-08-28,293.3904549796101,295.6082988368587,289.3923993669517,292.0577697753906,17157400,0.0,0.0,5018545489.681027
2020-08-31,292.3461886794062,295.2601949935816,289.9592590619496,291.60028076171875,17345100,0.0,0.0,5075344976.269297
2020-09-01,293.1020055203256,299.84501151691796,291.11291784757185,293.8280334472656,17295900,0.0,0.0,5110574625.24764
2020-09-02,297.2492739031753,301.94352213910605,291.45106619945614,300.8495178222656,24341400,0.0,0.0,7222027516.292139
2020-09-03,294.37500913471604,295.97624043247043,282.08246235673175,289.5315856933594,32294100,0.0,0.0,9333942776.872389
2020-09-04,285.68270495419233,287.42315659447024,269.6606189942035,281.1873779296875,30333700,0.0,0.0,8449206061.787076
2020-09-08,269.79982134823416,277.7760511213103,267.94998458245715,269.68048095703125,24864000,0.0,0.0,6784466075.869236
2020-09-09,274.265334645718,276.9605702146289,269.8694680167272,272.2265319824219,22918800,0.0,0.0,6266344140.108401
2020-09-10,274.0068184175883,277.6368978316542,265.5730746400514,266.6272888183594,24814700,0.0,0.0,6739796251.946817
2020-09-11,268.5865539787858,269.9093145139388,261.2070543918914,265.1553649902344,18913900,0.0,0.0,5022740944.923991
2020-09-14,269.4716431871986,275.130599594454,264.2502884612508,264.69781494140625,24093800,0.0,0.0,6497867620.318271
2020-09-15,269.1932030103097,273.0221726341159,267.8306524116736,270.93365478515625,18478500,0.0,0.0,4997074463.804312
2020-09-16,265.831633568667,270.9535283144671,260.36164240593354,262.0821838378906,29183400,0.0,0.0,7752791576.600869
2020-09-17,256.8708009448224,260.0732335625804,248.82494432109527,253.4296875,31281400,0.0,0.0,7959523730.825206
2020-09-18,256.99012826731234,257.7857815687826,248.68569611211348,251.15216064453125,28130800,0.0,0.0,7123723922.172876
2020-09-21,246.189393889384,248.58624836517808,242.79801067474173,246.7960662841797,24709400,0.0,0.0,6070905105.160498
2020-09-22,251.92790081124605,253.92694366681624,246.8656762449018,253.36004638671875,30293100,0.0,0.0,7585280457.123833
2020-09-23,253.86727552444327,256.5823761765556,246.796067647101,247.6613311767578,19641300,0.0,0.0,4943503514.336794
2020-09-24,245.15505150735655,250.86373849449305,244.2798480900234,248.16851806640625,20006800,0.0,0.0,4953119354.039552
2020-09-25,248.03924613057941,254.35460605594625,245.26447528720485,253.4296875,18351300,0.0,0.0,4584329823.726284
2020-09-28,257.9846874314501,258.1836083563828,253.4296896207805,255.4187774658203,18826300,0.0,0.0,4815892715.853735
2020-09-29,256.4033680523163,261.8932396171131,255.49832943428618,260.3616638183594,20200200,0.0,0.0,5225706586.576038
2020-09-30,260.55061932618884,264.6282249958597,258.68087195611713,260.4710388183594,20142500,0.0,0.0,5270376742.677596
2020-10-01,263.90221701794707,266.8659382701957,263.3551996890793,265.17523193359375,20009800,0.0,0.0,5304809463.16875
2020-10-02,259.7848189342713,263.70332455934164,257.7658959123044,258.5217590332031,16367600,0.0,0.0,4267599806.495857
2020-10-05,260.7694401800014,263.42485557419246,259.4168446028827,263.2060546875,12822300,0.0,0.0,3352016566.0902553
2020-10-06,260.35169024623855,264.2403603778226,256.83099648638574,257.24871826171875,18696900,0.0,0.0,4871209526.0772085
2020-10-07,257.7957191447242,258.760427954206,253.4296871499855,256.711669921875,23133400,0.0,0.0,5924349404.375653
2020-10-08,258.3327618326189,263.17618546586016,257.7360294598081,262.3208923339844,16312800,0.0,0.0,4248768389.8197203
2020-10-09,263.07676664369643,263.30552268894417,260.739612536193,263.0071716308594,14107800,0.0,0.0,3696561979.3645954
2020-10-12,268.72580673737434,278.6513366468001,266.408502170784,274.2455139160156,31019300,0.0,0.0,8453687329.117142
2020-10-13,276.065477081793,277.577203205315,271.8983661441686,274.63336181640625,18063300,0.0,0.0,4962671025.915264
2020-10-14,276.10525619811455,277.2290955942732,270.01865274922034,270.3369140625,15577800,0.0,0.0,4262457987.0726366
2020-10-15,266.1399128263808,267.57205825046344,262.23136318406074,265.26470947265625,15416100,0.0,0.0,4083751262.5883837
2020-10-16,265.9211351231875,269.8893553074921,263.85246695239704,264.4790344238281,16622700,0.0,0.0,4436115094.43973
2020-10-19,264.08119481703767,267.0847059484774,258.46202882542883,259.9737243652344,13587000,0.0,0.0,3570301742.686532
2020-10-20,261.62471122153886,268.22849716781263,261.44570060700113,266.10015869140625,18763200,0.0,0.0,4969191453.844193
2020-10-21,278.03468658726183,281.50563504012007,274.86208916003835,277.209228515625,28998600,0.0,0.0,8066942543.495357
2020-10-22,278.34299085258226,280.90893105970304,273.5393572664263,276.6025390625,16720000,0.0,0.0,4635187690.406442
2020-10-23,277.2788367321439,283.6837020968845,275.309659166989,283.2361755371094,17535200,0.0,0.0,4901030194.217137
2020-10-26,281.6150307622581,283.6737437469619,272.7635968643649,275.5980224609375,21322900,0.0,0.0,5932428885.06063
2020-10-27,277.2390114668672,282.9576377406817,274.8023672619463,281.7442932128906,16287200,0.0,0.0,4542174376.739402
2020-10-28,277.2688869035369,277.2688869035369,265.8017975906153,266.2095642089844,23121800,0.0,0.0,6278385876.3684435
2020-10-29,275.04111318051207,282.0526661353704,272.2862374059796,279.2977600097656,32368100,0.0,0.0,8971448531.858385
2020-10-30,273.002276552765,275.19028508086484,257.68630790927165,261.6744079589844,47247800,0.0,0.0,12588623345.139685
2020-11-02,263.15630259796336,268.9942700041426,255.93590470424766,259.9339599609375,27165700,0.0,0.0,7130047823.537859
2020-11-03,261.7242001877643,268.57659249989894,259.4566411034183,263.8525085449219,17961900,0.0,0.0,4742240069.329712
2020-11-04,279.466817205041,287.3634976708775,277.0997980252116,285.81201171875,35364400,0.0,0.0,9980952887.157387
2020-11-05,290.3073736163951,295.7574854015776,287.3734871676503,293.07220458984375,23823600,0.0,0.0,6946139519.050129
2020-11-06,292.34620529596697,292.99265279115843,286.48832688092676,291.80914306640625,13891000,0.0,0.0,4024785144.3124676
2020-11-09,288.2884363137147,290.98364179261284,277.01031209553867,277.2489929199219,25117700,0.0,0.0,7133350867.788212
2020-11-10,271.60990013748295,272.5049834288975,262.5595460774779,270.94354248046875,29067700,0.0,0.0,7776547612.166234
2020-11-11,271.9779400446683,276.88103452087796,270.9933512290477,274.9715270996094,14957000,0.0,0.0,4097278593.8308187
2020-11-12,275.6676189111169,278.2236035361696,272.93262370209294,273.5790710449219,12899500,0.0,0.0,3554819876.629984
2020-11-13,276.20472217242803,276.24451242515056,271.60993439275114,275.4389343261719,10391200,0.0,0.0,2846432563.88709
2020-11-16,273.5492874736931,277.885514658968,273.13159603241644,277.4379577636719,12970400,0.0,0.0,3573456166.2557664
2020-11-17,276.16491230913863,276.16491230913863,271.79888085381214,273.4995422363281,15040300,0.0,0.0,4120769919.154364
2020-11-18,273.0221585853688,275.8765248441407,270.3567884315825,270.486083984375,12152900,0.0,0.0,3319159416.454269
2020-11-19,269.54132868950717,271.9779738535486,267.72132635695766,271.45086669921875,12963700,0.0,0.0,3498249909.0694695
2020-11-20,271.0728967552833,271.51049852164573,267.9400893810173,268.228515625,18114700,0.0,0.0,4885992782.340185
2020-11-23,269.4119927415603,269.47166294328906,263.0866781986937,266.96539306640625,20990800,0.0,0.0,5589412813.621566
2020-11-24,267.0250902494714,276.30420211978674,266.40847786859007,275.40911865234375,16930400,0.0,0.0,4594171378.637607
2020-11-25,276.62247004041234,278.6513178545799,271.16240309212395,274.08636474609375,12467000,0.0,0.0,3427263829.5212784
2020-11-27,275.876589500096,277.6070864404102,273.32060399898006,276.2942810058594,7808400,0.0,0.0,2150931889.013468
2020-11-30,274.5239580706578,276.18485977786446,269.5313584996007,275.4588317871094,16693300,0.0,0.0,4554902273.2856045
2020-12-01,277.63690785708,287.7215682771994,277.4379869158085,284.986572265625,20738900,0.0,0.0,5860393749.596136
2020-12-02,283.80298429312916,290.18796839574696,279.29770240917895,285.9512023925781,17361600,0.0,0.0,4943591211.123401
2020-12-03,284.6881817663078,285.0859932426668,279.5364518224442,280.31219482421875,12921700,0.0,0.0,3647940924.1989217
2020-12-04,278.77065227424356,281.9134147445933,277.7761083412622,278.1739501953125,10880300,0.0,0.0,3044794959.0155168
2020-12-07,277.6667304675948,286.9159771500727,276.6821416600803,284.0218505859375,13007700,0.0,0.0,3665557625.0234137
2020-12-08,284.44950455488254,284.8671959874774,280.0138170016197,281.8537292480469,10747700,0.0,0.0,3035585831.6514597
2020-12-09,282.1123283200672,286.06066884515644,270.2673067447995,276.4036560058594,25189700,0.0,0.0,7006867403.359157
2020-12-10,274.0366053521869,277.20920248145507,270.3766611253901,275.60797119140625,20065100,0.0,0.0,5493682555.928854
2020-12-11,273.03215914945037,274.9715320617766,268.77551210517635,272.0574951171875,14391400,0.0,0.0,3912640605.7121434
2020-12-14,271.8784669443133,275.7074671120214,270.0783448746163,272.6940002441406,16376900,0.0,0.0,4469139832.1619835
2020-12-15,273.3304969752111,274.57367689702494,266.01066816408576,274.04656982421875,23979500,0.0,0.0,6481471151.196453
2020-12-16,273.26088550158784,276.3439472410643,271.02316177715267,274.1659240722656,15885000,0.0,0.0,4347463263.377189
2020-12-17,275.5582869459176,278.90989504842014,272.1171431830537,272.982421875,16377800,0.0,0.0,4512305313.373716
2020-12-18,274.26536972133965,276.48321362029134,269.6606568023484,274.8919372558594,26693200,0.0,0.0,7289163780.982804
2020-12-21,271.4906015090185,273.1713831080495,266.3289163015209,271.3016357421875,16553700,0.0,0.0,4465363053.168103
2020-12-22,270.01869411637676,270.01869411637676,263.18618174021157,265.63275146484375,17312900,0.0,0.0,4615661347.608765
2020-12-23,265.4338109379099,270.68500101927134,264.7774083838562,266.6471252441406,14329000,0.0,0.0,3836320432.168708
2020-12-24,267.4129452910841,268.92464096043386,264.7475751565457,265.9410095214844,6702000,0.0,0.0,1788335596.2079988
2020-12-28,267.2737055174495,275.7869984766045,264.21052380267946,275.4886474609375,23299700,0.0,0.0,6290890134.925315
2020-12-29,275.4389527654471,278.9795267180259,274.7725949797829,275.2698669433594,16383000,0.0,0.0,4536060504.887602
2020-12-30,276.4335019024981,276.56276712056376,270.22752704137156,270.38665771484375,11803800,0.0,0.0,3227101637.114326
2020-12-31,270.51594212742907,275.57816696114105,268.3378885476556,271.66961669921875,12900400,0.0,0.0,3508367341.242841
2021-01-04,273.28075818048956,273.4995590417658,263.75304144179614,267.4726257324219,15106100,0.0,0.0,4057895754.082368
2021-01-05,266.8261461973675,270.9137063649368,266.746565702258,269.49151611328125,9871600,0.0,0.0,2653783570.8692603
2021-01-06,260.57050196902185,266.2891293977313,258.59136931908085,261.87335205078125,24354100,0.0,0.0,6391496076.899557
2021-01-07,264.44921118578833,270.1280482329259,263.3353268981961,267.2737121582031,15789800,0.0,0.0,4211640000.3226953
2021-01-08,266.8460907665754,267.48261347733126,261.7440753327561,266.1101379394531,18528300,0.0,0.0,4902835429.139971
2021-01-11,259.058783196262,262.03245948317897,254.5037555385917,255.43862915039062,30412300,0.0,0.0,7854527166.053298
2021-01-12,255.22979801325235,258.30293492700355,248.93433350004645,249.7200164794922,26383500,0.0,0.0,6691347235.772537
2021-01-13,250.1775234988569,252.56442281171957,247.84033924104648,250.26702880859375,19528900,0.0,0.0,4886177278.826132
2021-01-14,252.0174297239454,253.6385412113107,243.27539512008167,244.29977416992188,29739400,0.0,0.0,7388961159.066905
2021-01-15,246.54741227999753,252.47490025359124,245.8114595495033,249.98854064941406,24942900,0.0,0.0,6214353421.966304
2021-01-19,255.49831857205754,260.76941938528483,251.34113240748349,259.6754150390625,28028500,0.0,0.0,7176845300.461803
2021-01-20,267.4626697340615,268.8451002511692,262.16176437917414,266.0205993652344,25199900,0.0,0.0,6690659943.999094
2021-01-21,267.7909060794012,272.1072230576137,266.03054391323974,271.3811950683594,20838700,0.0,0.0,5607045742.287761
2021-01-22,270.52588432611986,276.95062914573145,270.5159291752049,273.0022888183594,21954000,0.0,0.0,6009540410.688919
2021-01-25,276.62245962787443,278.5717572067885,270.028628602351,276.4931640625,19087000,0.0,0.0,5235567781.969522
2021-01-26,276.6224381761034,283.83288101479985,276.29422171236394,280.5110778808594,19373600,0.0,0.0,5425839218.69749
2021-01-27,280.9884768555562,281.9034705654726,266.65709612432954,270.6551818847656,35346200,0.0,0.0,9694765751.165543
2021-01-28,275.66767581660514,285.22525864800895,263.25578714872023,263.55413818359375,37758800,0.0,0.0,10354993056.014769
2021-01-29,263.8524736193934,265.1056085939196,253.4595085047804,256.9205017089844,30389500,0.0,0.0,7879467313.035473
2021-02-01,258.1040095061,262.72866269806497,253.51917691757833,260.5804443359375,22914300,0.0,0.0,5914728935.652368
2021-02-02,262.5595903505122,267.3831343495143,261.8335623750513,265.6227722167969,17320800,0.0,0.0,4583228280.313428
2021-02-03,264.1707503740769,267.7312345934927,262.4004634158818,265.19512939453125,14223400,0.0,0.0,3770137596.7332687
2021-02-04,265.55319302715554,266.69691251333217,262.55960598895325,265.0360107421875,16060000,0.0,0.0,4249929843.573352
2021-02-05,265.344251471341,267.7013455747814,264.22044256638117,266.6371765136719,12454400,0.0,0.0,3312383359.1126475
2021-02-08,267.2836925733344,268.3876218141453,263.5541526769623,265.1255187988281,13755200,0.0,0.0,3658482748.2400417
2021-02-09,264.98624145529215,271.89833271761904,264.3000038338095,267.9798278808594,14613400,0.0,0.0,3917840385.6803236
2021-02-10,270.96351020006466,272.30612024616755,266.25930640958575,270.38665771484375,14687200,0.0,0.0,3955009067.18919
2021-02-11,270.4065497045275,272.08730093627383,267.0250762366379,268.91473388671875,12828600,0.0,0.0,3458028520.9002075
2021-02-12,269.0440193569794,269.70042200837554,266.8759208227475,269.0241394042969,9097600,0.0,0.0,2440778468.2702127
2021-02-16,269.3224717411287,275.0908444809921,268.5765638278674,272.4751892089844,15417200,0.0,0.0,4190914583.689674
2021-02-17,269.7600579468347,272.475173521168,268.1091115517414,272.0773620605469,12763200,0.0,0.0,3449792673.621279
2021-02-18,268.09920715144295,270.4662264961847,264.5785132373703,267.9201965332031,15249100,0.0,0.0,4079475370.3354764
2021-02-19,268.38757492315426,268.79534152271066,258.7305631369944,260.13287353515625,25622600,0.0,0.0,6758292622.3668785
2021-02-22,256.5425876457352,261.6346470911234,256.1248658915278,258.9095764160156,17434900,0.0,0.0,4513542666.450612
2021-02-23,258.08416904852095,266.0007308223829,253.56894594741325,264.4094543457031,21924600,0.0,0.0,5695678667.653537
2021-02-24,260.8986816036801,264.92660251161396,256.9802066557194,262.8678894042969,15736100,0.0,0.0,4106388869.869038
2021-02-25,260.8688332037876,265.48353112112704,252.65390667100888,253.3003692626953,19053100,0.0,0.0,4936062207.998672
2021-02-26,255.07066661026906,264.101111562024,255.07066661026906,256.2143859863281,26619500,0.0,0.0,6910046574.528678
2021-03-01,259.39694918819407,265.1951268133253,256.4928676243848,263.4646301269531,22157300,0.0,0.0,5779598699.577337
2021-03-02,264.32985900837974,265.2547774898198,257.23875661520105,257.58685302734375,15191700,0.0,0.0,3968782511.031623
2021-03-03,258.8698278303205,259.565990316334,253.70814280846187,254.01644897460938,15513500,0.0,0.0,3981339132.1157603
2021-03-04,255.07065382751,265.0359719422878,252.11685747851192,256.2342834472656,31626500,0.0,0.0,8177866979.83846
2021-03-05,259.247694339538,264.0016115476716,254.21529096108543,262.8379821777344,26820100,0.0,0.0,6949314573.487557
2021-03-08,264.1011116705028,264.130946772462,253.65841624534207,253.9169921875,18391800,0.0,0.0,4761539203.375424
2021-03-09,259.75498210452736,267.0648862220946,258.3924617464305,264.29010009765625,22039700,0.0,0.0,5790461156.01095
2021-03-10,267.17426539075376,267.50245149567655,261.4357281457738,263.45465087890625,14210300,0.0,0.0,3758185107.079451
2021-03-11,266.6471136982437,276.3837056351741,266.3587178597756,272.3856506347656,21834000,0.0,0.0,5925119037.294366
2021-03-12,267.6715605192442,268.26826257995833,262.57947024293793,266.9355773925781,20600200,0.0,0.0,5467784732.849113
2021-03-15,267.61184505288526,274.4543115778635,267.0350229759739,272.2563781738281,16844800,0.0,0.0,4560639771.34624
2021-03-16,274.5736427241806,280.6006061580178,273.30062785672277,277.7561950683594,22437700,0.0,0.0,6214134859.226273
2021-03-17,274.2056566131723,284.66827658543326,273.9073056201132,282.46038818359375,21315000,0.0,0.0,5953019267.355611
2021-03-18,278.3430029019223,283.6339838570734,276.7616817063214,277.0998229980469,18728300,0.0,0.0,5247629071.685463
2021-03-19,279.68559104876744,291.2023941735178,279.66571110040303,288.5270690917969,38930500,0.0,0.0,11112090386.183187
2021-03-22,288.86524842085043,298.07470303761363,285.1854243532845,291.9383850097656,28273100,0.0,0.0,8245285953.867801
2021-03-23,291.55048977348235,296.3740329572617,288.2287173415255,289.04425048828125,23000900,0.0,0.0,6723194699.673687
2021-03-24,289.41226039905837,290.1283331852225,279.6259525555279,280.6006164550781,18675000,0.0,0.0,5320080643.104258
2021-03-25,279.4469763837362,286.48833435618417,276.2345884254357,277.21917724609375,24505600,0.0,0.0,6894931428.258633
2021-03-26,276.7815211981037,282.9477047603736,276.25441420995656,281.47576904296875,17629200,0.0,0.0,4929142997.875873
2021-03-29,284.21078126404507,291.58035473551547,283.146642425676,289.2332458496094,21718800,0.0,0.0,6241190352.972243
2021-03-30,288.2486212159694,290.87423146217606,285.1357245626924,286.4286193847656,17474500,0.0,0.0,5032742988.278281
2021-03-31,288.40779653973465,294.8822875055732,287.0353210030985,292.92303466796875,19498200,0.0,0.0,5673172957.111892
2021-04-01,296.77186544124027,300.7500406625734,294.9816987320676,297.03045654296875,17616000,0.0,0.0,5247205160.587997
2021-04-05,299.24828776025606,309.07435465505176,299.0394117170186,307.2245178222656,28237000,0.0,0.0,8585654210.5240755
2021-04-06,307.15489886823303,309.65121348052617,303.5844903227812,304.5889892578125,17335200,0.0,0.0,5315281786.285547
2021-04-07,304.66851337549895,312.5353576835843,303.83310030973746,311.3816833496094,22855200,0.0,0.0,7043612190.564484
2021-04-08,313.13213550347433,314.1565144492418,308.35830683934796,311.3121032714844,20894100,0.0,0.0,6503443463.742961
2021-04-09,309.700973850164,313.0227469355051,308.6368045604,310.75518798828125,15988600,0.0,0.0,4969732952.523714
2021-04-12,309.352832349722,310.44683658402226,306.2498605950288,309.8401794433594,10881900,0.0,0.0,3355415894.516358
2021-04-13,310.50653001772804,312.71441860086725,307.6323140450193,308.0699157714844,14036900,0.0,0.0,4353872525.738523
2021-04-14,305.6233228113989,306.34935077167574,300.3025373233251,301.16778564453125,17421400,0.0,0.0,5284362601.629125
2021-04-15,304.66853669724736,308.447821256682,302.44076835135235,306.1404724121094,14558300,0.0,0.0,4446749677.045323
2021-04-16,306.4885314079612,307.2642742445457,302.9479280744286,304.5093688964844,13059200,0.0,0.0,3984441596.2619743
2021-04-19,303.3458176476799,306.0211429286097,298.9200855462274,300.5909118652344,14553500,0.0,0.0,4402006084.304271
2021-04-20,300.34231561724715,303.43536306235995,295.5883967840188,300.99871826171875,16796400,0.0,0.0,5030721339.941858
2021-04-21,300.3025262495058,300.33236135082404,295.7674087427101,299.82513427734375,14863500,0.0,0.0,4430064466.392622
2021-04-22,299.6858835954902,301.2672350186996,294.4247685058208,294.9021301269531,16375400,0.0,0.0,4877347417.257715
2021-04-23,297.12993540321145,300.93902505917043,295.5287039948607,299.48699951171875,17536800,0.0,0.0,5230067635.4373665
2021-04-26,301.6849171661485,304.13148645247503,299.9146303896897,301.3865661621094,16172600,0.0,0.0,4884498114.620797
2021-04-27,302.61981395340524,303.6740280498282,299.46709646431856,301.9136962890625,15309300,0.0,0.0,4616834208.762214
2021-04-28,305.68299925244054,309.22360346773024,303.7038665991414,305.4244384765625,33907200,0.0,0.0,10391327156.525715
2021-04-29,328.3187848173279,329.99956621835713,319.855207614009,327.7121276855469,56526800,0.0,0.0,18367105414.733696
2021-04-30,324.3605493471292,328.0204634708117,322.72948284681667,323.3063049316406,26332400,0.0,0.0,8567903943.207159
2021-05-03,324.390385469702,326.7573743710819,320.0839935420577,320.8199462890625,18719500,0.0,0.0,6054273493.325008
2021-05-04,318.2739323789376,320.43210602643006,311.41158544369375,316.62298583984375,24032600,0.0,0.0,7592423349.8124485
2021-05-05,316.45392601401267,319.3082621512465,312.7741014430618,313.30120849609375,15577600,0.0,0.0,4923163113.563349
2021-05-06,312.8039343685508,318.4927266518008,311.56075450202826,318.27392578125,19012200,0.0,0.0,5989351397.196415
2021-05-07,320.621032499409,321.17797459480585,317.0108336785227,317.3390197753906,15916700,0.0,0.0,5078929902.322044
2021-05-10,312.6348808785256,312.8636065507254,303.16680353058536,304.30059814453125,24239200,0.0,0.0,7466042158.021454
2021-05-11,299.1090813515027,305.16585012975867,298.0548672335117,304.8575439453125,18920100,0.0,0.0,5706498147.292405
2021-05-12,299.4870260549704,303.2961160485254,296.56306439889505,300.8992614746094,24645500,0.0,0.0,7391914715.85845
2021-05-13,304.4099547583308,307.17478532471665,301.1180171888556,303.5944519042969,18079200,0.0,0.0,5498723617.601687
2021-05-14,307.8510820517081,315.1211944639517,307.3935700721889,314.2161560058594,19245700,0.0,0.0,5990366201.9166
2021-05-17,311.83921761913547,313.9576009137946,309.87996498545834,313.7388000488281,15401300,0.0,0.0,4803954751.842082
2021-05-18,313.8681165514093,314.7731551736581,308.11965382578785,308.2688293457031,14522400,0.0,0.0,4522949264.706777
2021-05-19,302.5303214199381,312.9431976129241,301.913709037624,311.8790283203125,19106200,0.0,0.0,5873789514.923351
2021-05-20,311.8690880584108,317.5081657824573,311.4513965831917,316.87164306640625,17320200,0.0,0.0,5446852706.042756
2021-05-21,317.5479098640775,318.18440213650007,314.0868863887468,314.5046081542969,13600900,0.0,0.0,4299729284.051515
2021-05-24,316.4737799793434,324.17156977308395,316.29476937627396,322.8587646484375,16445400,0.0,0.0,5266362566.923426
2021-05-25,325.29543881986865,327.3839872942847,323.0278797093504,326.0015869140625,16437000,0.0,0.0,5345409928.969375
2021-05-26,326.55846054573846,328.0303659348932,324.0422659631523,325.8722229003906,9686900,0.0,0.0,3158281188.9665885
2021-05-27,326.21033512748875,331.95879652636347,324.97711064605494,330.9344177246094,20477700,0.0,0.0,6726268213.152316
2021-05-28,329.19403564391365,331.0538279075431,326.5385900381755,326.9364318847656,12037400,0.0,0.0,3957851485.8898964
2021-06-01,328.34865233579166,329.6117424743207,324.8578239937377,327.334228515625,11765900,0.0,0.0,3850211736.0532646
2021-06-02,328.5774259274586,330.05928665944094,325.33520302820233,327.3541259765625,11654300,0.0,0.0,3819082000.5833507
2021-06-03,324.0024867734754,325.593762967024,321.7150481116091,324.2610778808594,12610800,0.0,0.0,4081540977.3752136
2021-06-04,324.12181439035567,330.6460192105714,323.4057416490604,328.54754638671875,13289400,0.0,0.0,4345977735.383996
2021-06-07,327.68229375520013,335.84748964570963,327.13527646857375,334.7435302734375,20136700,0.0,0.0,6675142533.206744
2021-06-08,334.8629167649455,336.4541625981363,330.42722946927324,331.859375,14580500,0.0,0.0,4861732068.519432
2021-06-09,333.9081253434428,334.96233934223267,328.1994536498746,328.4480895996094,13727900,0.0,0.0,4551909389.008175
2021-06-10,328.9852161736104,332.1180236835438,326.7574169889969,330.6460876464844,13240200,0.0,0.0,4361821304.796287
2021-06-11,330.76541165848096,331.01404764456925,327.1353323318067,329.45263671875,13587900,0.0,0.0,4471433980.090499
2021-06-14,330.0890718044828,334.98224051642,328.010478963459,334.9324951171875,12250800,0.0,0.0,4061095603.902051
2021-06-15,335.1513700546516,338.06540701718365,333.20207232919694,334.9126892089844,15795200,0.0,0.0,5301402044.885975
2021-06-16,334.86289038286174,335.70822828349384,326.9264203879461,329.2735290527344,17232200,0.0,0.0,5709326396.417994
2021-06-17,328.6867769811201,336.1359308230724,328.34863572483755,334.6739501953125,17794100,0.0,0.0,5911952412.805082
2021-06-18,332.7047518019587,334.3159079773421,327.2049255440902,327.861328125,23039500,0.0,0.0,7620554621.958519
2021-06-21,329.28352496641276,331.10355723787274,325.8622916391355,330.47698974609375,11337500,0.0,0.0,3724175155.821541
2021-06-22,330.87483176575546,338.0653955074092,330.7853264516776,337.18023681640625,15345300,0.0,0.0,5131857491.839387
2021-06-23,337.4984647797305,341.54626557201067,336.3547454115595,338.731689453125,14817800,0.0,0.0,5022500800.276173
2021-06-24,339.9848261669618,343.01817281341425,339.92515596317435,341.30755615234375,12329100,0.0,0.0,4210038297.4097195
2021-06-25,340.72076043447026,342.2424112506596,337.82663430346935,339.5074157714844,14594400,0.0,0.0,4962599839.217589
2021-06-28,340.5914741149882,356.18594455485567,339.90523643898126,353.6995849609375,29156100,0.0,0.0,10147652041.087204
2021-06-29,354.326138977194,354.7935758171797,347.14553091356,349.9700622558594,21417300,0.0,0.0,7516820215.292135
2021-06-30,350.2485540531929,350.99446201106565,345.27583433404135,345.8128662109375,15107500,0.0,0.0,5259451751.016852
2021-07-01,344.92774629340033,352.7349225130348,344.6094849393575,352.4564514160156,17137000,0.0,0.0,5975195555.255823
2021-07-02,353.16255148737247,354.49523669587467,350.69607164340135,352.7647399902344,11521300,0.0,0.0,4062360310.38465
2021-07-06,354.55486775615174,356.8323815760823,347.2747997931435,350.85516357421875,13488500,0.0,0.0,4748674857.949401
2021-07-07,353.32159900000784,354.5448683070267,348.09028950820107,348.5776062011719,14218900,0.0,0.0,4995349522.729471
2021-07-08,343.84364910647594,346.4294387823738,340.69093181242584,343.7640686035156,14406500,0.0,0.0,4949499809.48699
2021-07-09,343.43590719266604,348.79648303673457,343.3861617869712,348.5080871582031,13018700,0.0,0.0,4505659099.083189
2021-07-12,349.31363100535384,352.25747216520966,347.7323100000272,351.23309326171875,10018600,0.0,0.0,3506458815.800321
2021-07-13,349.5821680750714,356.53401996968415,346.89688750277224,350.1689453125,11456000,0.0,0.0,4029252238.00223
2021-07-14,352.62545782260054,353.2619804421077,344.83819299069097,345.7332763671875,13894200,0.0,0.0,4849771714.854996
2021-07-15,347.3245909402335,347.3245909402335,338.363740332421,342.5805969238281,14781600,0.0,0.0,5067785318.769935
2021-07-16,343.02812342710985,344.10221743214686,338.2841601823362,339.298583984375,11026100,0.0,0.0,3762030219.107526
2021-07-19,335.72818461461065,337.93607324066693,332.71471787441885,335.111572265625,14372300,0.0,0.0,4819397182.571673
2021-07-20,336.9514868839567,341.5761406526059,332.6749599281498,339.7958984375,11024300,0.0,0.0,3716573204.0662127
2021-07-21,339.63670875030243,344.6293077153572,339.3880727995336,344.3409118652344,9279700,0.0,0.0,3173738042.982016
2021-07-22,344.7884922978518,349.62199171941126,343.3265114646047,349.2738952636719,12385400,0.0,0.0,4291222195.667656
2021-07-23,358.9408451511835,373.28215129486944,355.2411406027535,367.77239990234375,33694300,0.0,0.0,12273541177.093039
2021-07-26,367.56350425409687,372.3970031677145,366.2109391809965,370.42779541015625,14925200,0.0,0.0,5511935630.571491
2021-07-27,369.88079737130977,371.11402200121233,362.5609390412377,365.80316162109375,15705400,0.0,0.0,5761329366.578048
2021-07-28,372.5163621506923,375.4900387104836,364.9279873091085,371.24334716796875,29676900,0.0,0.0,10986655858.190418
2021-07-29,359.0303299512922,363.5256572281753,354.79356343675454,356.3649597167969,33413200,0.0,0.0,12000671891.960716
2021-07-30,352.0685486668452,358.76184019359226,351.01433453677595,354.3559875488281,15976200,0.0,0.0,5669763061.363654
2021-08-02,356.14619384865114,357.43908884062074,348.8263346088208,350.0297546386719,13180400,0.0,0.0,4654430393.616509
2021-08-03,350.8054688803486,351.8397726485123,345.80291444698844,349.3235778808594,12406100,0.0,0.0,4327512470.187746
2021-08-04,350.49719522646,358.5132171042825,349.59215658205125,356.96173095703125,14180600,0.0,0.0,5020679531.048212
2021-08-05,357.6777455007857,361.91448143466397,354.95267485996175,360.98956298828125,10247200,0.0,0.0,3672940561.991144
2021-08-06,359.4281385557844,363.15767796460426,359.4281385557844,361.5266418457031,8925000,0.0,0.0,3224539206.2222342
2021-08-09,361.7753177035083,363.78428556022675,358.7817306955486,359.63702392578125,7798900,0.0,0.0,2817610052.0885835
2021-08-10,359.8558611123373,362.1134955358918,357.0811050590168,359.1596984863281,7469900,0.0,0.0,2686155873.491954
2021-08-11,360.12434064312265,360.3829014100535,355.8577389514572,357.9960021972656,8400300,0.0,0.0,3008318125.6143994
2021-08-12,356.4942295073823,361.01939155866864,355.16151413538887,360.6712951660156,7170700,0.0,0.0,2567759210.2301893
2021-08-13,360.98961008435805,362.67039174761703,359.5077493467554,361.1984558105469,7195700,0.0,0.0,2598288624.936388
2021-08-16,360.54203183652123,364.94788423534294,355.4300921413073,364.55999755859375,11222100,0.0,0.0,4042076844.3482027
2021-08-17,360.9995452168357,362.6803267868874,353.13269955520906,356.4942626953125,12328700,0.0,0.0,4412522028.931902
2021-08-18,354.3062736351315,357.89656263945295,353.2122692463244,353.5106506347656,10042400,0.0,0.0,3570619666.6648655
2021-08-19,349.43298421446457,355.61904811260365,349.08488780029035,353.1824035644531,12004500,0.0,0.0,4229809199.3331676
2021-08-20,352.66530730233114,358.02588366202053,351.38233704827906,357.4092712402344,8697700,0.0,0.0,3085109940.6359863
2021-08-23,357.47888318763296,363.69478293375795,357.1407418835725,361.3675537109375,10942000,0.0,0.0,3943691156.2756147
2021-08-24,361.67583480297037,365.9523613910016,359.8657576382956,363.5157470703125,9235100,0.0,0.0,3351501455.5237308
2021-08-25,363.60524947023623,368.8365296528542,363.4063285533309,366.3800354003906,9684500,0.0,0.0,3545702980.1489
2021-08-26,366.37005143739486,367.4242654417327,362.1432402696599,362.3918762207031,7888700,0.0,0.0,2877669591.1527314
2021-08-27,363.10794915779354,371.70079184764745,362.0934950523393,370.59686279296875,11219100,0.0,0.0,4116255742.07982
2021-08-30,370.5272575229769,379.40852689580356,368.4983795531824,378.58306884765625,13547300,0.0,0.0,5066059616.868174
2021-08-31,377.8769558844131,380.67162173352347,376.73320615203545,377.31005859375,12345400,0.0,0.0,4675232781.08919
2021-09-01,377.5189151249565,382.2330434956928,376.74317209748,379.9654846191406,11567200,0.0,0.0,4389614840.504674
2021-09-02,379.4184859530746,379.6671219202785,372.0190771410024,373.232421875,14832900,0.0,0.0,5574843111.028036
2021-09-03,372.7052909097427,375.1021451218308,371.07422450109124,374.2070617675781,7509600,0.0,0.0,2801743032.6601477
2021-09-07,373.8291730497285,380.870530640267,371.1140572250549,380.09478759765625,10793800,0.0,0.0,4058385622.250356
2021-09-08,378.08578307012715,378.7919006855534,372.74508760136035,375.5099182128906,11067200,0.0,0.0,4158705078.384466
2021-09-09,375.57960080828457,377.75762418776793,374.5154314721348,375.9376220703125,9098900,0.0,0.0,3422428653.0719447
2021-09-10,379.27925560774753,381.6960204055468,376.1961937297356,376.62384033203125,11549600,0.0,0.0,4376675958.188429
2021-09-13,379.5974937613376,379.66711911589726,372.3075006112386,374.4557189941406,13026300,0.0,0.0,4897723494.475795
2021-09-14,375.3408342107525,376.5243437928771,373.0633203487982,374.4755859375,8711600,0.0,0.0,3265053947.4683094
2021-09-15,374.9430340194429,375.499976151174,365.663953189825,371.8798522949219,17940300,0.0,0.0,6648351620.778162
2021-09-16,370.75598971705523,371.5217775125744,367.6927778328428,371.0245056152344,11934200,0.0,0.0,4410967173.201639
2021-09-17,369.38354242272226,369.38354242272226,359.61711433443367,362.73004150390625,26299000,0.0,0.0,9585994136.028221
2021-09-20,357.33961110262305,359.0601829758789,347.8914440533356,353.75927734375,19822800,0.0,0.0,7006880356.137357
2021-09-21,356.5439954054604,358.07560154092766,353.2520574575571,355.5295715332031,11751900,0.0,0.0,4179725757.892147
2021-09-22,345.3354573587906,347.93120212901175,338.8311323565375,341.3373718261719,43692900,0.0,0.0,15003319002.221827
2021-09-23,343.47568576960776,347.7621981391355,341.128576604054,344.0724182128906,21806300,0.0,0.0,7511079450.641206
2021-09-24,341.3672125023388,352.41661017163597,340.50196423146525,351.0341796875,18801900,0.0,0.0,6514092872.034835
2021-09-27,347.90136811227455,353.2122284211069,345.1862525817471,351.6507873535156,15205800,0.0,0.0,5309853811.2165985
2021-09-28,346.07138830137563,347.6924994625506,337.0707795459193,338.79132080078125,21710300,0.0,0.0,7433208108.128792
2021-09-29,341.2777127360052,343.34638092047214,337.03102146421867,337.75701904296875,14452200,0.0,0.0,4916475147.372015
2021-09-30,338.59248314967465,340.9296370355727,336.3050139673143,337.53826904296875,16547100,0.0,0.0,5603134746.804935
2021-10-01,339.7461335199843,343.13753192509347,336.7923672182882,341.1385192871094,14905300,0.0,0.0,5067279562.850923
2021-10-04,333.69935092519495,334.1071176119908,320.9393646136277,324.4501037597656,42885000,0.0,0.0,14045834195.122826
2021-10-05,326.78723376028523,333.35122982063115,324.38045442717083,331.1433410644531,35377900,0.0,0.0,11634582876.075155
2021-10-06,327.94089562536107,332.55559388638125,324.0223902342422,331.81964111328125,26443000,0.0,0.0,8680945817.050823
2021-10-07,335.1612867253541,336.99124381786856,327.1850557540026,327.4237365722656,28307500,0.0,0.0,9400585300.06537
2021-10-08,329.7012318570182,331.58090389640876,326.91649094719713,328.2491760253906,15946100,0.0,0.0,5250232653.957812
2021-10-11,325.8424147704783,328.65696058353615,323.53506569517293,323.67431640625,14708200,0.0,0.0,4796285380.456255
2021-10-12,321.2674653084737,322.6101054368407,315.6383440595679,322.00341796875,31658700,0.0,0.0,10103058094.035975
2021-10-13,325.18599076581125,325.21582586606814,320.8995093728485,322.7692565917969,14761500,0.0,0.0,4768815760.564634
2021-10-14,326.5684019850504,328.7166203298091,325.3152973805766,326.73748779296875,14302200,0.0,0.0,4677047646.738739
2021-10-15,326.8866624884195,327.27454915505666,320.750343983931,322.9880676269531,21596400,0.0,0.0,6997502401.093416
2021-10-18,327.1551958287843,334.05733224318135,325.7130951753669,333.51031494140625,21585000,0.0,0.0,7120572337.914682
2021-10-19,337.79686844283583,340.5915346953966,335.43980398472564,338.135009765625,18786300,0.0,0.0,6350063768.92319
2021-10-20,341.57613050561173,342.10323758312086,337.59795472031334,338.9206848144531,13639500,0.0,0.0,4635392206.211346
2021-10-21,338.4233722440555,340.4422949988617,335.95689262666303,340.0146484375,16354400,0.0,0.0,5531051437.051441
2021-10-22,324.5693634580417,327.8314657899836,319.35793349585293,322.8388366699219,35224500,0.0,0.0,11398461497.571974
2021-10-25,318.5523693336602,327.7618547014814,317.97554727990365,326.8966064453125,38409000,0.0,0.0,12401063936.351511
2021-10-26,326.46896633024335,328.4083085820552,307.9107748781777,314.0868835449219,65654000,0.0,0.0,20888446552.74906
2021-10-27,312.47573207452166,317.50812148580394,310.3573488353756,310.5164794921875,29971800,0.0,0.0,9409129151.686165
2021-10-28,311.282276453976,323.74390994284374,306.428897507605,315.19085693359375,50806800,0.0,0.0,16008531896.78673
2021-10-29,318.44297211366296,324.2212689887201,317.85619493154763,321.8045349121094,37059400,0.0,0.0,11897502783.203384
2021-11-01,324.26112083892315,331.63069521606604,324.22133058226905,328.17962646484375,31518900,0.0,0.0,10335867207.967571
2021-11-02,329.57196057182244,332.9633588937457,322.03330085591364,326.2899475097656,28353000,0.0,0.0,9285560146.941046
2021-11-03,325.7031974622783,330.3377760393173,321.436625651797,329.8106689453125,20786500,0.0,0.0,6774054300.376173
2021-11-04,332.18762097337896,335.42981348009806,330.8350254737025,334.017578125,22495300,0.0,0.0,7493913715.858715
2021-11-05,338.4532045772252,344.89785944999534,337.7868772151696,339.26873779296875,26872800,0.0,0.0,9172825195.727823
2021-11-08,342.54080290556595,342.9087792703864,336.4939593586197,336.7724304199219,18342500,0.0,0.0,6230972366.651272
2021-11-09,338.1449039456553,339.44775394159564,332.6450777514055,333.5401611328125,17556700,0.0,0.0,5899866109.092257
2021-11-10,330.6759002347253,331.37209312333584,323.7340030561134,325.8523864746094,21872600,0.0,0.0,7164436799.64731
2021-11-11,328.02045037112254,330.6460302763642,325.2158295112643,325.9517822265625,12376600,0.0,0.0,4058669946.923781
2021-11-12,328.37850313141354,339.99476879420047,327.98069163494824,339.03009033203125,25414300,0.0,0.0,8488064371.992257
2021-11-15,342.46123328916383,351.72043431066385,341.3274690574854,345.6636657714844,25076600,0.0,0.0,8689642526.800865
2021-11-16,341.95399339737486,344.7586142960345,339.01015214438587,341.0887451171875,18181100,0.0,0.0,6215834159.764964
2021-11-17,342.3617432004944,345.4050447577485,338.2443477087667,338.9106750488281,13602800,0.0,0.0,4649772977.921757
2021-11-18,337.86641991243636,340.59146020372583,333.47052297546645,336.842041015625,17487200,0.0,0.0,5893728356.1255865
2021-11-19,340.33295364442523,350.1789327316904,338.04548433658925,343.416015625,26488500,0.0,0.0,9115016235.756563
2021-11-22,347.145556143735,351.89947504543,338.6521726014445,339.1494445800781,27116800,0.0,0.0,9362775459.455383
2021-11-23,337.080707817027,339.5372321075167,331.68034250812235,335.4098815917969,17225000,0.0,0.0,5780861361.377192
2021-11-24,334.16673768286523,339.9151999920574,330.9941403345167,339.1991271972656,13566200,0.0,0.0,4550845146.3691845
2021-11-26,333.96783008940685,335.9072028383767,330.0891149425384,331.3024597167969,14750700,0.0,0.0,4911955942.345472
2021-11-29,335.0519046965654,338.81127937579345,333.48050835833396,336.1856689453125,16650900,0.0,0.0,5597131664.191091
2021-11-30,333.1721667001351,333.97774473481724,321.6652878674593,322.6896667480469,25390000,0.0,0.0,8323388298.8859005
2021-12-01,328.4879383041386,328.69678404078076,308.59705878578575,308.9053649902344,30329600,0.0,0.0,9664433667.696316
2021-12-02,309.70094079170354,312.8834931696331,305.5238749406234,308.69647216796875,24396200,0.0,0.0,7543394916.94572
2021-12-03,312.0182542421115,312.03813419280635,297.86588427329247,305.16583251953125,27471000,0.0,0.0,8377336645.6411
2021-12-06,306.4488031901516,318.35349435992003,304.66856118970094,316.1356506347656,21758300,0.0,0.0,6777950395.632659
2021-12-07,319.8154509609319,324.75833476686154,319.24855372146936,321.0486755371094,18794000,0.0,0.0,6051732731.1248455
2021-12-08,323.2267473797036,330.93446212491193,321.30728505644385,328.75640869140625,19937700,0.0,0.0,6502100141.388859
2021-12-09,327.7420062161899,334.29604689329693,326.2104001076286,328.0204772949219,16879200,0.0,0.0,5574410210.109011
2021-12-10,330.7455327637025,333.2020575281535,324.58930330038345,327.95086669921875,14528000,0.0,0.0,4778196445.058492
2021-12-13,329.1443144886279,339.22897381049984,327.7917190076466,332.66497802734375,22948700,0.0,0.0,7653628886.637899
2021-12-14,326.26005023891724,333.86833386194894,325.8622388271863,331.91900634765625,20461000,0.0,0.0,6749373623.896198
2021-12-15,330.67591682430975,340.24342501599693,322.21236822839535,339.7958984375,24681300,0.0,0.0,8175135084.901409
2021-12-16,337.13051011068535,342.58059138671905,331.91907931287415,333.07275390625,22635000,0.0,0.0,7633650023.142647
2021-12-17,330.9841919527616,335.27067365821455,328.9453891340822,331.96881103515625,40012600,0.0,0.0,13288505817.041527
2021-12-20,327.98067803248574,328.1000184413687,320.7702349354595,323.67431640625,17901800,0.0,0.0,5807972750.950652
2021-12-21,324.62905154942786,334.16672312996747,321.98356134918737,332.3765563964844,16116800,0.0,0.0,5287521452.446821
2021-12-22,331.97873137210485,332.68487937195124,326.468980189946,328.64703369140625,16764600,0.0,0.0,5525225397.005691
2021-12-23,328.2989788374357,334.83314016919616,326.5684516473119,333.4109191894531,13987700,0.0,0.0,4625743522.925884
2021-12-27,337.00120532519674,345.97198034327016,336.1657920944488,344.29119873046875,17795000,0.0,0.0,6069320830.264605
2021-12-28,344.73872974375746,350.78554282472703,343.31653936309965,344.3309631347656,16637600,0.0,0.0,5774096401.304092
2021-12-29,345.01724943383715,347.78208043362764,339.7760136814817,341.06890869140625,10747000,0.0,0.0,3694593418.7275395
2021-12-30,342.123057911795,345.3354452249673,341.3473149828982,342.4810791015625,10593300,0.0,0.0,3637118241.854991
2021-12-31,341.1484220561163,341.5661438294916,334.4352510380069,334.51483154296875,12870500,0.0,0.0,4350237976.32107
2022-01-03,336.45419043574395,339.2190212736129,335.35026127130055,336.6929016113281,14537900,0.0,0.0,4903410386.354849
2022-01-04,338.095170221446,341.2180219087376,330.05923948078396,334.6938171386719,15998000,0.0,0.0,5369546813.854783
2022-01-05,331.2029639466268,333.92803458580966,322.0730591855578,322.4012756347656,20564500,0.0,0.0,6745167246.430643
2022-01-06,321.0586993297957,337.3194996969702,320.95923886021103,330.6460876464844,27962800,0.0,0.0,9203658355.263374
2022-01-07,330.9244736333249,335.1612396690794,327.0855493735796,329.97967529296875,14722000,0.0,0.0,4874798614.143013
2022-01-10,323.5350481198207,326.548514684697,313.70895030796646,326.2799987792969,24942400,0.0,0.0,7984778897.416505
2022-01-11,324.9970693904748,332.80424543512305,323.50525347179314,332.545654296875,16226800,0.0,0.0,5324901488.431374
2022-01-12,333.35118803299963,334.5346975988246,328.2292934650969,331.4416809082031,14104900,0.0,0.0,4674109908.778753
2022-01-13,333.1523230114227,333.79877046934536,323.98262713673137,324.6986999511719,14797100,0.0,0.0,4866628559.258439
2022-01-14,320.03431674736123,330.91463034808993,319.45746424069296,330.0891418457031,16868500,0.0,0.0,5485400838.785441
2022-01-18,321.52606254227845,322.4410258102126,315.9068963357481,316.4140930175781,22645600,0.0,0.0,7227885852.874283
2022-01-19,317.8362667743469,325.3152549285134,317.58763084584007,317.8462219238281,20814700,0.0,0.0,6690915348.263719
2022-01-20,322.1327423010926,326.03136749136274,314.25597211923895,314.8327941894531,16925000,0.0,0.0,5418431611.454718
2022-01-21,313.09234364850283,316.5732470863481,301.38657358533396,301.515869140625,28710700,0.0,0.0,8871029511.679232
2022-01-24,296.2149475733403,307.84116803697805,287.43313840822844,307.025634765625,38878100,0.0,0.0,11571567006.703691
2022-01-25,298.313469040386,304.5592038134467,295.9563743911163,298.5123596191406,25108500,0.0,0.0,7539022697.674635
2022-01-26,305.3348869221545,305.83215879800514,289.26305625253366,293.0224304199219,28348800,0.0,0.0,8435117616.2123575
2022-01-27,296.12542642160906,300.06381150392957,292.6544781550715,293.03240966796875,21629900,0.0,0.0,6410218666.747614
2022-01-28,294.00704393685675,300.2527780127815,291.4311790437914,300.0638122558594,21871600,0.0,0.0,6470537417.57927
2022-01-31,299.0394333145059,312.0779187865982,297.6868682661031,311.5508117675781,21579500,0.0,0.0,6579209611.101884
2022-02-01,312.84371380550573,317.9158935557531,310.4170243618747,317.2594909667969,18023800,0.0,0.0,5662473422.98187
2022-02-02,326.0313796493522,326.2103902621904,315.1411121023052,321.2376708984375,58458300,0.0,0.0,18746159265.3372
2022-02-03,243.3151287896705,246.6468565103259,234.4636952512473,236.4627227783203,188119900,0.0,0.0,45253234443.16599
2022-02-04,233.68798895629686,241.28630399106297,228.85450483892365,235.79641723632812,89342200,0.0,0.0,21001707085.325214
2022-02-07,236.40307051414118,236.9998028953755,222.78776275627348,223.682861328125,88613800,0.0,0.0,20371761692.571045
2022-02-08,219.645010673908,224.53816449083425,214.97064253783918,218.97865295410156,94729700,0.0,0.0,20817268718.592064
2022-02-09,222.9767167093453,232.0966815254651,220.99758426160028,230.73416137695312,86563300,0.0,0.0,19610667428.80274
2022-02-10,227.0245282929649,233.7178041367528,225.4630871683052,226.82562255859375,49310400,0.0,0.0,11321196711.304466
2022-02-11,227.2134855483474,229.16278291797863,217.57635359972844,218.3520965576172,46156900,0.0,0.0,10310046825.167076
2022-02-14,218.1134233397268,219.79420498238372,213.6081406235878,216.51220703125,38184000,0.0,0.0,8274517582.309208
2022-02-15,219.2670976522134,219.94338022860828,213.88661144225017,219.79420471191406,42685500,0.0,0.0,9259125054.733215
2022-02-16,211.2510646903228,216.27351421238137,211.2013344622757,215.3585205078125,45817500,0.0,0.0,9792914439.57555
2022-02-17,212.85227508173767,216.31328336645123,206.02970379014684,206.5767059326172,38747500,0.0,0.0,8182367447.425141
2022-02-18,208.2475440165722,209.6001243107233,204.0605075725601,205.03517150878906,37128400,0.0,0.0,7679278702.407649
2022-02-22,201.23600820064885,206.34796321719114,198.968449332644,200.97743225097656,39852400,0.0,0.0,8076415899.750525
2022-02-23,203.04608560408667,205.81091642302894,196.9694217878785,197.3672332763672,44481400,0.0,0.0,8958116668.047329
2022-02-24,190.0175373480337,207.21320827033105,189.18212419223485,206.46730041503906,49957200,0.0,0.0,9901400451.449448
2022-02-25,203.82183725981028,210.16703244596334,202.07143021505846,209.33160400390625,37627600,0.0,0.0,7755771988.811932
2022-02-28,206.5468879068123,211.98704472897904,205.7015346233035,209.8786163330078,34239800,0.0,0.0,7150786709.653142
2022-03-01,208.72490956556254,210.5946568294758,201.1166553063998,202.37973022460938,27094900,0.0,0.0,5577638415.595167
2022-03-02,203.6626850352375,208.00883673199814,200.917749517631,206.97451782226562,29452100,0.0,0.0,6021873355.441352
2022-03-03,207.87957305774057,207.9392432644674,200.32103324460556,201.86257934570312,27263500,0.0,0.0,5565302024.302555
2022-03-04,201.2658387429932,204.76663742545358,197.7053698562324,198.96844482421875,32130900,0.0,0.0,6465893909.383562
2022-03-07,199.69444388427246,199.79390433496397,186.25816254490502,186.44712829589844,38560600,0.0,0.0,7443199665.063938
2022-03-08,186.8250652943482,195.62676912026828,185.09455355992876,189.25173950195312,37508100,0.0,0.0,7140066721.610549
2022-03-09,194.67202600359832,198.01369407263957,192.8619488440806,197.41696166992188,31894700,0.0,0.0,6233430684.067957
2022-03-10,193.77692117380823,195.20906675389006,190.02750176475874,194.14491271972656,24853000,0.0,0.0,4787142218.69699
2022-03-11,191.5889345627671,192.50391312145888,185.65150631922032,186.5863800048828,34694500,0.0,0.0,6559956599.892323
2022-03-14,186.0095363260276,191.24083154968082,184.80614675758125,185.61172485351562,31010500,0.0,0.0,5830702410.398675
2022-03-15,189.7589541826665,191.23087471181054,184.8956357587048,190.98223876953125,31721700,0.0,0.0,5965686163.596272
2022-03-16,193.6376968960136,202.61842721960824,193.45868627586606,202.51898193359375,40640300,0.0,0.0,8048346357.795062
2022-03-17,200.59949491665893,206.9048993906148,200.0127176773221,206.70599365234375,29499700,0.0,0.0,6001973814.1095085
2022-03-18,205.57219984158613,215.61709826329755,204.8760222186683,215.3087921142578,52128000,0.0,0.0,10959732692.241959
2022-03-21,213.32966169557758,213.53852258706053,206.49715011422617,210.33609008789062,30142300,0.0,0.0,6330420628.631996
2022-03-22,210.21673554100374,218.26260708204245,209.03322589300686,215.46792602539062,31998800,0.0,0.0,6836476950.101004
2022-03-23,212.16603830748252,215.6171066316733,211.002423840687,212.2953338623047,23717300,0.0,0.0,5059131695.036056
2022-03-24,213.82690653201516,219.4659677808885,213.61804566700505,218.37197875976562,31502300,0.0,0.0,6821571258.419788
2022-03-25,219.30687591888375,224.26965557869622,217.6957196130265,220.6097412109375,40039000,0.0,0.0,8847925828.650694
2022-03-28,220.9180457863605,222.81761313998632,218.34216550037954,222.3700714111328,26224100,0.0,0.0,5784509075.521409
2022-03-29,224.83655070850978,229.6302444994751,224.06079249138395,228.60586547851562,31417900,0.0,0.0,7127009815.537556
2022-03-30,227.66104085602697,229.88880941182103,225.47304737778563,226.60682678222656,25588000,0.0,0.0,5825899595.766228
2022-03-31,227.2035584606741,227.24334871629463,221.04732908726598,221.14678955078125,24192300,0.0,0.0,5422591282.3135395
2022-04-01,223.32483326114888,226.03993382837436,221.48492099668766,223.62319946289062,19544800,0.0,0.0,4373391891.292436
2022-04-04,224.74700082482684,233.07134264462874,224.62766042651108,232.6138458251953,28054800,0.0,0.0,6420326995.680107
2022-04-05,232.80282641356752,235.56765710471592,229.75952465824116,230.57504272460938,29727200,0.0,0.0,6916437098.851889
2022-04-06,225.67195376727716,227.7406068432896,220.20196246813512,222.08164978027344,28995100,0.0,0.0,6494069795.720845
2022-04-07,222.70818443526176,224.28952060062414,217.3674891193529,221.73353576660156,21037200,0.0,0.0,4645613422.440551
2022-04-08,221.16667358863901,223.90166926727147,218.82948939304805,221.116943359375,18375700,0.0,0.0,4067747476.0972166
2022-04-11,217.2282585635439,219.40631194961077,214.04572138607526,215.27896118164062,20516600,0.0,0.0,4446480993.567468
2022-04-12,219.0383578788009,220.81858481409662,211.9671500175342,212.9716339111328,20128800,0.0,0.0,4355728749.639465
2022-04-13,210.6642839254778,215.4281422520734,210.17695197963874,213.81698608398438,19231800,0.0,0.0,4092576025.6227207
2022-04-14,213.7175265782786,213.8169870331476,208.85420777566662,209.03321838378906,18379500,0.0,0.0,3884242612.4943004
2022-04-18,208.8542225695273,212.2157858651512,207.16350094573832,209.62002563476562,16580800,0.0,0.0,3476822039.3769984
2022-04-19,209.37136754834543,217.23819756774503,207.85965670497782,216.1243133544922,20089900,0.0,0.0,4270086691.2767878
2022-04-20,212.4445291532986,212.99153134902772,197.83467641696504,199.3264923095703,43036500,0.0,0.0,8840261045.260574
2022-04-21,200.50004608528528,201.86256630262926,184.56744937065218,187.0438690185547,49954100,0.0,0.0,9651881822.972334
2022-04-22,189.33132356267862,191.66850787413009,182.27007074766703,183.10548400878906,36426800,0.0,0.0,6810692907.870239
2022-04-25,181.732990632681,186.15870766118786,180.66883662102265,185.96975708007812,29281100,0.0,0.0,5370557003.440917
2022-04-26,185.61172450697046,186.16866663766132,178.5206219649492,179.96270751953125,31747400,0.0,0.0,5788968360.491259
2022-04-27,173.47828580189343,180.2213074290636,168.0779196901877,173.99545288085938,71062900,0.0,0.0,12375576573.426323
2022-04-28,201.81286253176168,207.3922548646818,191.84752760640737,204.60752868652344,100890600,0.0,0.0,20139770598.68883
2022-04-29,203.34442527908914,211.32065536408555,198.80929295409788,199.37619018554688,49193400,0.0,0.0,10087843299.797863
2022-05-02,200.07239396848428,210.7239657841902,199.89338335125444,209.97805786132812,49915300,0.0,0.0,10248044083.65023
2022-05-03,209.30175727056672,213.72747451752306,206.95463309822625,210.87313842773438,41556300,0.0,0.0,8740995934.356182
2022-05-04,209.50066548109533,223.07619875767404,205.83081125477665,222.19105529785156,41375900,0.0,0.0,8873206777.787079
2022-05-05,217.54653624399765,218.96872672428552,205.03517227050344,207.1436004638672,41129200,0.0,0.0,8719470581.268238
2022-05-06,206.20873227913583,208.23761036979332,199.9232226097779,202.65821838378906,34747200,0.0,0.0,7091223047.853878
2022-05-09,198.74963382924452,201.46474939082168,194.51288260894987,195.1394500732422,36303200,0.0,0.0,7187627585.007053
2022-05-10,198.4214464849374,201.8526350537205,193.13048086930363,196.57159423828125,34452500,0.0,0.0,6804077900.668994
2022-05-11,195.2588048631205,199.57512172831397,187.24278349189396,187.71022033691406,31153400,0.0,0.0,6025346464.243613
2022-05-12,186.0393627029016,196.9694046398967,183.7718040297496,190.19656372070312,38262200,0.0,0.0,7283998137.179871
2022-05-13,191.52926229909409,198.79937563637557,190.23635221953052,197.5363006591797,24549800,0.0,0.0,4775374655.858461
2022-05-16,195.97487092994706,204.24946796576893,194.86097148578133,198.94854736328125,27112600,0.0,0.0,5410460850.337051
2022-05-17,201.0172086397617,204.3389968062403,197.27772903099375,201.5144805908203,24872700,0.0,0.0,4994646168.365886
2022-05-18,198.90877119206746,199.9033150480278,190.58444397385063,191.1911163330078,23960000,0.0,0.0,4678043353.082104
2022-05-19,190.15677155558248,194.22445205611078,188.5655105806461,190.24627685546875,24446900,0.0,0.0,4679013968.792266
2022-05-20,193.90622974804248,196.830191307738,186.84496182938273,192.48402404785156,31465600,0.0,0.0,6036284449.275693
2022-05-23,194.12501336537863,195.91519530149034,190.1965682566139,195.15933227539062,25059200,0.0,0.0,4837825952.677623
2022-05-24,179.56489604850404,182.67780799517152,175.149118904387,180.29090881347656,50406300,0.0,0.0,9018365712.688608
2022-05-25,179.41571756268058,184.4381674068017,178.341623480769,182.82701110839844,28030200,0.0,0.0,5084395047.268393
2022-05-26,181.88218348281484,191.7778917192253,181.26555597869333,190.58444213867188,23056500,0.0,0.0,4300538125.923531
2022-05-27,190.315918692983,194.26425913571137,188.76443265841135,194.0653533935547,22562700,0.0,0.0,4321080732.171626
2022-05-31,193.8266760714197,196.52189694024386,190.96238454669688,192.58349609375,26131100,0.0,0.0,5062695253.981699
2022-06-01,195.43781930598598,198.4413461789359,183.99062430562358,187.6107635498047,36623500,0.0,0.0,7002998635.520632
2022-06-02,187.4217886042337,199.84364695984004,186.70571580632077,197.77499389648438,31951600,0.0,0.0,6175435309.679632
2022-06-03,194.91069969786824,195.5372671802595,188.7445308558882,189.73907470703125,19465000,0.0,0.0,3740022599.386808
2022-06-06,192.93157907520472,195.84558545496733,187.37206707016938,193.19015502929688,30574200,0.0,0.0,5858286575.917017
2022-06-07,190.8827998206223,195.4577077440248,190.44521326037568,194.58250427246094,18828700,0.0,0.0,3633025164.3577776
2022-06-08,193.60785549466925,200.92769906590598,193.3492795488,195.56710815429688,22267200,0.0,0.0,4389722169.104691
2022-06-09,193.21998861895966,198.36177878593648,182.6778171574039,182.99607849121094,23501600,0.0,0.0,4477520084.011004
2022-06-10,182.04128869890982,182.10097407377617,174.06505842710433,174.612060546875,27450800,0.0,0.0,4888521262.487586
2022-06-13,169.6592023137236,171.63834969526997,163.13499821698088,163.36373901367188,31749300,0.0,0.0,5314409727.435213
2022-06-14,165.1241084738487,165.8401812350533,160.47959067651584,162.83665466308594,27244300,0.0,0.0,4445176880.945182
2022-06-15,166.28774677518277,171.22069148506856,163.08531401575027,168.426025390625,30008300,0.0,0.0,5015977452.435111
2022-06-16,162.82671982781204,164.17930006661163,158.7391440100492,159.9922637939453,26944100,0.0,0.0,4350373424.522979
2022-06-17,160.79784553375922,164.9948218770204,159.02755866012222,162.84661865234375,31374200,0.0,0.0,5082971485.72421
2022-06-21,165.0246704560505,166.8446877069031,155.1190212053394,156.19313049316406,50724900,0.0,0.0,8165788469.101305
2022-06-22,157.51587452683046,159.912713895723,154.59191290672712,154.9996795654297,47267800,0.0,0.0,7432970899.386426
2022-06-23,155.41738538150125,158.87839403527929,153.4084023783526,157.88385009765625,40499200,0.0,0.0,6323682712.657481
2022-06-24,160.84757021949636,169.32108794464224,160.41992365461232,169.23158264160156,68736000,0.0,0.0,11332539086.643179
2022-06-27,170.38524826805332,170.81289481068848,167.0932955973247,168.5652313232422,29174600,0.0,0.0,4929138971.338811
2022-06-28,168.9729944851346,170.36536498408404,159.733688771792,159.8032989501953,27744500,0.0,0.0,4579216598.4649515
2022-06-29,162.6775406089897,165.42247610059502,159.44527318033295,163.04551696777344,28595200,0.0,0.0,4644829132.118996
2022-06-30,161.26529220717475,164.32848933316885,157.62527295615266,160.37020874023438,35250600,0.0,0.0,5674531646.477979
2022-07-01,159.4353314317043,159.7436376150373,154.15430570935968,159.1568603515625,31423900,0.0,0.0,4931948790.615759
2022-07-05,157.27716976267692,167.332009072352,156.16328546484507,167.2723388671875,28618600,0.0,0.0,4628991218.121114
2022-07-06,167.28229341753212,170.65379688289144,164.55725264069468,168.84373474121094,23085900,0.0,0.0,3869324384.098278
2022-07-07,168.52546301415413,171.7776258586484,166.86457650059305,171.25051879882812,24083400,0.0,0.0,4077827808.149277
2022-07-08,169.0525485815487,171.45934272383496,167.23253163117425,169.94764709472656,19249200,0.0,0.0,3259773813.9172215
2022-07-11,166.15845918141326,166.57616580469448,161.02660893732545,161.99131774902344,21885600,0.0,0.0,3584891643.446976
2022-07-12,163.90084720770702,165.00479160739587,161.2155815579477,162.3791961669922,16639700,0.0,0.0,2714104571.6796837
2022-07-13,159.2861439003452,164.07983728307198,158.73914175720867,162.5979766845703,16555100,0.0,0.0,2672150239.954875
2022-07-14,160.3403702170275,161.70289051613514,156.42186478762832,157.1876678466797,23765200,0.0,0.0,3780149217.3724995
2022-07-15,159.66407010069358,164.07984741911193,158.94801245834853,163.80137634277344,23342800,0.0,0.0,3770187363.773792
2022-07-18,165.84018911300018,170.75323822305413,164.73624481833002,166.31756591796875,23574300,0.0,0.0,3954464860.031251
2022-07-19,169.44043679280568,175.52705568698772,168.58512844487848,174.8209228515625,25933700,0.0,0.0,4462051074.810289
2022-07-20,176.52159735604093,182.59826102275755,175.73589919863173,182.09103393554688,24784300,0.0,0.0,4440530663.587489
2022-07-21,179.64447363379978,182.84690627929902,177.89406661730672,182.1706085205078,27195800,0.0,0.0,4905319675.350755
2022-07-22,172.12572067431967,174.64191553629726,167.4911424415764,168.34645080566406,42583900,0.0,0.0,7284679963.811987
2022-07-25,168.0779067193062,169.63934781154686,163.910765657174,165.74072265625,26166300,0.0,0.0,4363886167.028295
2022-07-26,165.03462383848307,165.09429404679975,157.08821229436276,158.2816619873047,28468400,0.0,0.0,4586010231.761375
2022-07-27,161.70291664604042,169.93774032889166,161.1360344176065,168.65478515625,43846600,0.0,0.0,7258229685.899904
2022-07-28,160.18123514970122,160.62877686133453,154.0051261429839,159.8430938720703,73214300,0.0,0.0,11517850482.364534
2022-07-29,156.82963823792085,159.26626788550806,154.32338322942775,158.23194885253906,42065400,0.0,0.0,6595637055.005111
2022-08-01,156.39200310804935,164.2886828313837,154.38302050418937,159.057373046875,40596700,0.0,0.0,6468509769.401629
2022-08-02,157.446231742076,161.3547968962479,157.14786555712988,159.31597900390625,27374500,0.0,0.0,4359425566.664994
2022-08-03,161.80234923612875,168.61496583389362,160.6884649262481,167.87901306152344,31721900,0.0,0.0,5223065250.11507
2022-08-04,167.38172458641665,171.21070911135496,165.88990888631585,169.63934326171875,23938200,0.0,0.0,4034791006.875922
2022-08-05,166.07888652033427,170.6736743492579,164.89537688548177,166.19822692871094,25832700,0.0,0.0,4334327314.91583
2022-08-08,167.08336703262665,176.54147359610243,166.21811873809312,169.3210906982422,27299100,0.0,0.0,4678514193.545218
2022-08-09,168.02819552508163,168.60503283099303,165.6910263728334,167.61048889160156,18655100,0.0,0.0,3118163207.026651
2022-08-10,175.02977445946118,179.4952665528651,173.0008965438518,177.366943359375,30262100,0.0,0.0,5333637068.624578
2022-08-11,178.7294642702422,182.1009669810123,175.4076766066235,176.52157592773438,24079100,0.0,0.0,4304243189.90552
2022-08-12,179.82347340571212,180.46993602185645,177.93384613659634,179.51516723632812,21274000,0.0,0.0,3812341030.819463
2022-08-15,177.98356811353685,180.45003252979868,177.2277051005043,179.9030303955078,15878700,0.0,0.0,2839728746.255146
2022-08-16,178.46096384656903,180.0025099612496,176.07404932771448,178.4907989501953,21156700,0.0,0.0,3766702470.954413
2022-08-17,175.79556329036916,177.1680386425796,173.21969839282943,173.89599609375,20118100,0.0,0.0,3524567766.2260313
2022-08-18,173.3887699360026,174.801020371913,170.92230545466154,173.70703125,18844500,0.0,0.0,3257491606.7694416
2022-08-19,169.27136290717905,171.37980622182872,166.13855580043537,167.04359436035156,26240800,0.0,0.0,4428375917.076914
2022-08-22,164.5870746639757,164.5870746639757,161.3746869564038,162.16038513183594,19499700,0.0,0.0,3178078281.534457
2022-08-23,161.59349261049059,164.14947778082166,159.82320563884807,160.23097229003906,18111800,0.0,0.0,2933864223.7801867
2022-08-24,159.72374191837798,164.55722544085438,158.8982687352094,162.3692169189453,20891500,0.0,0.0,3378735228.289618
2022-08-25,164.2787366130869,167.95856079141313,163.12507734542166,167.85910034179688,15550500,0.0,0.0,2574258057.4234247
2022-08-26,167.56076522844228,169.98745496377722,160.7879231637551,160.89732360839844,24023600,0.0,0.0,3973207686.992293
2022-08-29,159.7834200023075,162.16037921789803,158.14241352991138,158.30154418945312,20052700,0.0,0.0,3211467906.066999
2022-08-30,159.47513374460485,160.77798393425172,155.05935603198952,156.3025360107422,19567900,0.0,0.0,3090136742.362706
2022-08-31,166.15845721205108,166.9242450912224,161.25534787740136,162.04103088378906,40953000,0.0,0.0,6719969435.422024
2022-09-01,162.68749201325986,166.4468667188068,159.47511948455926,164.45777893066406,30145700,0.0,0.0,4912573209.745406
2022-09-02,166.53638545847943,167.0137623169847,158.3512927992856,159.44529724121094,22634200,0.0,0.0,3682188865.2563424
2022-09-06,159.22647366039627,160.80779471201183,156.82961938183863,157.6749725341797,19339800,0.0,0.0,3071522030.5461245
2022-09-07,156.89922230451234,160.08177456193138,155.9544087423871,159.51487731933594,16831200,0.0,0.0,2659634104.215822
2022-09-08,157.84405336257703,161.34483661634752,156.87934466138933,161.17576599121094,22530800,0.0,0.0,3584922691.7662168
2022-09-09,162.35927882350626,168.61495278210487,162.13053799376215,168.22708129882812,22086800,0.0,0.0,3652554752.8342094
2022-09-12,166.47670573797402,170.45488140784667,166.3673053000311,168.03814697265625,23220400,0.0,0.0,3910572952.115803
2022-09-13,160.65859632601516,160.74811680005658,151.8369978106444,152.29449462890625,44444100,0.0,0.0,6946282046.134728
2022-09-14,152.49340681271397,152.70225251808156,148.23676044725983,150.6435546875,43064200,0.0,0.0,6479848921.071027
2022-09-15,148.98265999070134,153.35864651464422,147.88865577194883,148.73402404785156,34606300,0.0,0.0,5212527258.560262
2022-09-16,147.24222827545472,147.7693353314381,143.50273347764275,145.4918212890625,40122800,0.0,0.0,5843325481.206494
2022-09-19,144.44755635545857,147.7693292210427,144.30832082143814,147.21238708496094,22169500,0.0,0.0,3237607731.3083897
2022-09-20,144.9846015487705,148.0279033081881,144.42765941966596,145.29290771484375,23217400,0.0,0.0,3395028891.0388393
2022-09-21,145.59126495239173,148.78375719862532,141.22521831707533,141.3445587158203,38338600,0.0,0.0,5559269054.35312
2022-09-22,140.7777115661826,143.79117878625584,140.10141372929274,142.04078674316406,34418500,0.0,0.0,4885578597.748204
2022-09-23,140.64837409654444,141.84182355119265,138.13217964468728,139.64389038085938,31710700,0.0,0.0,4439085811.571795
2022-09-26,139.35548564952038,141.4639290253509,135.44693542815818,135.62594604492188,30497000,0.0,0.0,4222475316.6193333
2022-09-27,137.16750126191505,138.65931720321777,133.38823117550757,133.6667022705078,30826500,0.0,0.0,4193136875.048388
2022-09-28,133.8854750198669,141.25504786331297,133.53739381203422,140.83734130859375,32658500,0.0,0.0,4487154478.227162
2022-09-29,138.5996425215861,139.07701935824966,134.4623361357391,135.66574096679688,38985400,0.0,0.0,5332020594.837674
2022-09-30,135.3077040962049,140.22075351614527,134.76070190208554,134.93971252441406,33166400,0.0,0.0,4560072471.491605
2022-10-03,136.39174851519365,138.85821311410479,135.35742954646815,137.85372924804688,27723100,0.0,0.0,3801053841.5216646
2022-10-04,139.723478817418,141.61310616860757,138.57974422019424,139.51461791992188,34670700,0.0,0.0,4857241128.987516
2022-10-05,137.48574223666648,139.4449947632363,134.0446139648407,138.22169494628906,27979300,0.0,0.0,3826023904.742742
2022-10-06,136.96857801576914,140.6782222669857,135.85469377799646,138.31121826171875,36231100,0.0,0.0,5009545867.258676
2022-10-07,136.01380023667753,137.5354509875427,131.71737905056804,132.72186279296875,33214800,0.0,0.0,4471589449.574921
2022-10-10,132.82133200966584,135.36736179554413,131.15049047797407,133.0600128173828,24024000,0.0,0.0,3201412441.5095005
2022-10-11,130.90185810626812,131.93619221983087,126.29712276222172,127.83866119384766,38481400,0.0,0.0,4968589743.575179
2022-10-12,127.61986976127854,128.9624948076411,125.5611567777746,126.80433654785156,34605200,0.0,0.0,4403920933.921813
2022-10-13,122.85600558442789,130.4244851984627,121.86146169388738,129.57911682128906,34325700,0.0,0.0,4329945863.62137
2022-10-14,130.2852461198938,131.0709290948318,125.82968627274843,126.0683822631836,23559400,0.0,0.0,3026212178.845485
2022-10-17,129.589055559199,134.05454734979827,129.46969998808723,133.3086395263672,29612200,0.0,0.0,3901766358.509467
2022-10-18,136.3420263168024,137.08793427850054,130.6830688193,132.075439453125,25445000,0.0,0.0,3406716586.9117675
2022-10-19,132.16494098455863,136.2525171047217,131.4985983789064,132.50308227539062,30691000,0.0,0.0,4108774742.654015
2022-10-20,132.20473353210386,136.02379422473052,130.59357702423094,130.8123779296875,26356300,0.0,0.0,3513523710.924502
2022-10-21,125.620819788412,129.4100290826357,124.75557157413418,129.30062866210938,46348600,0.0,0.0,5890109879.300182
2022-10-24,126.55569790256348,132.75170149571628,123.8903202286884,129.01222229003906,63563400,0.0,0.0,8156519741.838512
2022-10-25,130.16590441846992,137.59514821908343,129.87747820261947,136.7597198486328,38433200,0.0,0.0,5139914472.895296
2022-10-26,130.96153139210486,134.8104265434671,127.82872422697164,129.1116943359375,82791500,0.0,0.0,10872144625.505388
2022-10-27,97.44541468558529,101.94074977611926,95.85413837496334,97.40563201904297,232316600,0.0,0.0,22975517956.319897
2022-10-28,99.0366839818627,100.29975140388166,96.977978399926,98.65875244140625,95928300,0.0,0.0,9462258623.969301
2022-10-31,97.6841081048371,98.77810493364747,92.09476836727167,92.65171813964844,121361400,0.0,0.0,11582299562.911083
2022-11-01,93.81532420707086,96.95807886145064,93.0395812097166,94.68057250976562,110189600,0.0,0.0,10467883082.088945
2022-11-02,93.69597952606237,94.68057585846891,89.98633504335267,90.04600524902344,71821100,0.0,0.0,6631490337.285409
2022-11-03,89.58851070912392,89.96643463580325,87.92762432145074,88.42489624023438,60664000,0.0,0.0,5395882596.291429
2022-11-04,89.85703026060979,90.89135671678976,87.6093591618386,90.29463195800781,55638100,0.0,0.0,4965720340.063355
2022-11-07,94.26285863196216,96.35139906077521,92.59202477135834,96.19227600097656,81987300,0.0,0.0,7745480586.376141
2022-11-08,95.39663953713419,97.26638673852416,94.2728077739976,95.94364166259766,52088300,0.0,0.0,4988475512.763293
2022-11-09,101.16499489368303,104.3276444294121,100.19033864702344,100.9163589477539,107677300,0.0,0.0,11010972109.558136
2022-11-10,106.53553748789649,112.13481650273391,104.0392303573628,111.2596206665039,80671000,0.0,0.0,8719488267.125431
2022-11-11,108.6340286658861,114.27309050503992,108.21631447990744,112.4033432006836,59961700,0.0,0.0,6670421477.442959
2022-11-14,110.3844291408731,115.63561989981486,110.19547095304267,113.59680938720703,53395000,0.0,0.0,6029125548.044164
2022-11-15,115.43671636822786,118.09214690275532,113.78577735121475,116.44120788574219,50670500,0.0,0.0,5874685180.455395
2022-11-16,113.87528059400255,115.44666183287059,112.04532339514464,112.61221313476562,33287800,0.0,0.0,3786353852.9365625
2022-11-17,109.8075923679846,111.7171147780013,109.20092000004686,110.84191131591797,35093800,0.0,0.0,3876426664.4469333
2022-11-18,113.17909619324597,113.69625567046505,110.01644636211768,111.43864440917969,33357700,0.0,0.0,3731270600.2961426
2022-11-21,110.91152846962379,111.7568968249616,108.59424703122306,109.26058959960938,24351100,0.0,0.0,2682896369.578169
2022-11-22,109.2605890945775,111.01098841320025,107.72899063925351,110.83197021484375,29029000,0.0,0.0,3174901425.95684
2022-11-23,111.11043455672701,112.05524813167703,110.12583831924255,111.62759399414062,21343100,0.0,0.0,2371016573.1153107
2022-11-25,110.69273884646077,112.11493692364834,110.41426018138652,110.80213928222656,12007600,0.0,0.0,1336020793.5792084
2022-11-28,110.17556534039694,111.4286927029082,107.78865860772653,108.18647766113281,23309400,0.0,0.0,2554912464.3200545
2022-11-29,108.94235068042715,110.33471379810733,107.94780668033683,108.86278533935547,23899200,0.0,0.0,2608388806.709216
2022-11-30,108.91249231763719,117.51529759895635,108.78319676906294,117.45561981201172,43348600,0.0,0.0,4904861456.480761
2022-12-01,118.5496275562559,120.53871531785595,117.75399700427646,119.78286743164062,36551400,0.0,0.0,4354966122.585595
2022-12-02,117.18710865934092,123.36322532044333,116.96830778897609,122.81622314453125,39950500,0.0,0.0,4800682456.74393
2022-12-05,121.08571851877701,123.98978485438487,120.68789944551497,121.76200866699219,35474900,0.0,0.0,4339958191.385259
2022-12-06,119.25576269165522,119.89227018063661,113.1194210619246,113.49735260009766,43689200,0.0,0.0,5090047190.517252
2022-12-07,113.13930949501996,115.24773758210962,112.26410605862742,113.30838012695312,29461100,0.0,0.0,3351374588.3420587
2022-12-08,115.75495868721893,116.69977231445003,113.96477671294508,114.70074462890625,30619400,0.0,0.0,3531405046.244711
2022-12-09,114.67091433961178,116.89869054393611,113.2487162636341,115.26763916015625,26033400,0.0,0.0,2995759750.192099
2022-12-12,114.55156617838797,115.0886207924488,112.52269572119194,114.0841293334961,24747100,0.0,0.0,2816360005.447359
2022-12-13,121.46364614138356,122.62726829375318,117.99268998734809,119.49445343017578,44701100,0.0,0.0,5377988408.559669
2022-12-14,118.73858142362373,123.46266438405227,118.73858142362373,120.92657470703125,36922000,0.0,0.0,4471277198.855507
2022-12-15,117.68437946643277,117.98273807859607,113.38795019647951,115.51627349853516,34531000,0.0,0.0,3994730618.413317
2022-12-16,119.57401184280856,122.63720117044868,118.17170135554244,118.77837371826172,67064000,0.0,0.0,8074804119.501534
2022-12-19,116.19256138822004,117.15727014981177,113.70620172958878,113.85538482666016,29769900,0.0,0.0,3436391235.751283
2022-12-20,112.64205137518857,116.68984500113217,111.84641316967256,116.4511489868164,28742500,0.0,0.0,3284351700.2371774
2022-12-21,116.06326563545637,119.68340468534029,114.98916403142952,119.10657501220703,20392800,0.0,0.0,2392815379.663672
2022-12-22,116.56053766173837,117.9727957133352,113.75592427271405,116.4809799194336,23618100,0.0,0.0,2736496040.751255
2022-12-23,115.39693016645676,117.53520111836418,114.9096057687837,117.39596557617188,17796600,0.0,0.0,2068363625.123908
2022-12-27,117.28656849563204,117.95291112202567,115.41682859854049,116.24229431152344,21392300,0.0,0.0,2496157741.5121336
2022-12-28,115.61572617323714,117.50536106480486,114.8797658258276,114.98916625976562,19612500,0.0,0.0,2278826650.5712647
2022-12-29,115.76491126440624,120.36964678133155,115.1383437523885,119.60385131835938,22366200,0.0,0.0,2633709408.9376445
2022-12-30,117.51530471095369,119.76296834403355,117.09759052812905,119.68340301513672,19583800,0.0,0.0,2319314906.4203286
2023-01-03,122.14988002190493,125.68051385944831,121.61282541184728,124.05940246582031,35528500,0.0,0.0,4392980702.150113
2023-01-04,126.68500406309886,128.34589820589886,125.16335305233501,126.67506408691406,32397100,0.0,0.0,4106482281.969064
2023-01-05,125.44181270064794,127.81877947591597,123.86049162591854,126.24739837646484,25447100,0.0,0.0,3202253789.8277464
2023-01-06,128.2663337333473,129.6189141048586,125.35231967251656,129.31060791015625,27584500,0.0,0.0,3516626999.0660024
2023-01-09,130.4443771431501,132.2246039865523,128.57462981837625,128.7635955810547,26649100,0.0,0.0,3475032430.795461
2023-01-10,126.57558954488267,132.71193072520404,126.4562491417937,132.26438903808594,28684400,0.0,0.0,3717041869.2884555
2023-01-11,130.24548493274398,133.1197163977935,129.6288573522427,132.16494750976562,25423000,0.0,0.0,3339928495.223585
2023-01-12,132.7119483326621,136.92880500697495,131.0411065900665,135.964111328125,30757700,0.0,0.0,4121069074.964161
2023-01-13,134.23359244780255,136.6403868835783,134.10429688361904,136.2326202392578,22423800,0.0,0.0,3035562319.9294395
2023-01-17,135.4369934010125,136.0038907601021,133.51753078276934,134.62147521972656,21147600,0.0,0.0,2849865607.110014
2023-01-18,135.06899048383906,136.50113597792236,132.0754191215774,132.29421997070312,20215500,0.0,0.0,2714704674.806968
2023-01-19,131.76711616232177,136.70004501074817,131.4190197551415,135.40713500976562,28625200,0.0,0.0,3837480926.368273
2023-01-20,135.1485798471008,139.17648597175992,133.8755647760508,138.60958862304688,28688600,0.0,0.0,3916740531.541821
2023-01-23,138.53001603681352,142.97562857637726,137.90346368613808,142.48831176757812,27470100,0.0,0.0,3857888376.180261
2023-01-24,140.91690811002817,144.2088455351945,140.5887068474013,142.35899353027344,21970200,0.0,0.0,3128529592.6780534
2023-01-25,140.44949522181398,142.3888528531503,139.54445660201168,140.72796630859375,26622000,0.0,0.0,3752814282.157661
2023-01-26,143.61212119657878,146.70515307645144,142.5181321024986,146.49630737304688,25482100,0.0,0.0,3685008337.6292615
2023-01-27,147.43119052924928,152.354179709988,146.58582215934445,150.91209411621094,35771900,0.0,0.0,5346825926.434787
2023-01-30,148.59478271859868,150.2954440029169,146.14819845935412,146.25759887695312,28040100,0.0,0.0,4156154689.5031624
2023-01-31,147.14274193160307,149.06221922325705,146.71509541162987,148.1571807861328,29842100,0.0,0.0,4413308100.53288
2023-02-01,147.2223362138785,152.74205804061552,146.25762739120842,152.28456115722656,55661000,0.0,0.0,8321310745.410376
2023-02-02,182.3794603978227,196.08427376205427,179.17702791077238,187.74005126953125,150475700,0.0,0.0,28233853526.064884
2023-02-03,182.46895122398183,195.69638672833258,181.89211400200335,185.5122528076172,76809700,0.0,0.0,14501229732.273441
2023-02-06,185.5122518586277,189.65949764016395,184.50776809433157,185.04481506347656,42483800,0.0,0.0,7948023642.00558
2023-02-07,184.5674550509077,192.72271183089234,183.39388538136006,190.57449340820312,47080700,0.0,0.0,8853916339.185446
2023-02-08,188.96334479856867,189.78881807322674,181.9219720239577,182.42918395996094,36139100,0.0,0.0,6716646707.200579
2023-02-09,185.11446138230116,185.63161328508647,176.30280180132868,176.94924926757812,37118800,0.0,0.0,6717285583.354813
2023-02-10,175.38780710821445,177.91394171046065,172.40417567575625,173.19979858398438,33433600,0.0,0.0,5856197904.72191
2023-02-13,177.2476144121008,180.01244522976373,174.8607151312021,178.4510040283203,31463200,0.0,0.0,5582722609.53457
2023-02-14,176.19339849748158,180.519655296545,174.92038353736064,178.500732421875,24034600,0.0,0.0,4271429578.6786942
2023-02-15,175.45742198964007,177.21776883115425,174.37337284889983,176.19338989257812,25308900,0.0,0.0,4449192522.83316
2023-02-16,171.80743638985763,174.8905281492668,170.8526676927429,171.49913024902344,25827500,0.0,0.0,4464841195.304752
2023-02-17,169.2912769575117,172.23511863075777,168.774109840387,171.936767578125,24171300,0.0,0.0,4121318182.0722904
2023-02-21,173.3589418921432,177.19788188919435,170.94220753967159,171.14111328125,34592600,0.0,0.0,6021535428.788494
2023-02-22,170.1366405338303,171.81740705914402,168.76416502889262,170.1863555908203,22433200,0.0,0.0,3820167261.4826717
2023-02-23,171.06154328235866,172.74232482757904,168.45584323504272,171.101318359375,20017800,0.0,0.0,3415018344.321975
2023-02-24,167.71989050115852,169.78854373057806,166.74524168291057,169.46034240722656,19791300,0.0,0.0,3330220553.626989
2023-02-27,170.94221935709788,172.17544414545947,168.1375981276891,168.61497497558594,19277000,0.0,0.0,3280107257.9497423
2023-02-28,170.9620973312377,176.58127970135408,170.93226222706042,173.9855194091797,46051100,0.0,0.0,8001690435.349805
2023-03-01,173.63741519667778,176.87963801065584,172.10582427375442,172.4738006591797,30998400,0.0,0.0,5408995477.038531
2023-03-02,171.43948024163652,174.05512034728562,170.49465140776238,173.57774353027344,17352000,0.0,0.0,2989313819.7467966
2023-03-03,177.94379309290335,185.60177810182455,176.08400085266786,184.2392578125,45877700,0.0,0.0,8296655830.570259
2023-03-06,186.974235669983,188.62518203132487,183.63256787226405,183.89114379882812,33209400,0.0,0.0,6181228259.824122
2023-03-07,187.9688036277067,189.3213839857,183.00602393116844,183.5032958984375,36701500,0.0,0.0,6832487180.830473
2023-03-08,181.87223666875394,184.24919596354567,180.35058572807955,183.96078491210938,19432400,0.0,0.0,3542524398.8721695
2023-03-09,185.33326293603938,187.8991728588088,179.3162692701931,180.6986846923828,26582800,0.0,0.0,4880807327.513415
2023-03-10,180.02237914874613,183.76187378535178,177.82444571017825,178.5305633544922,25665000,0.0,0.0,4640056444.926389
2023-03-13,176.9890479208417,182.7772858153449,173.86618052659927,179.91299438476562,24728000,0.0,0.0,4409539817.851798
2023-03-14,186.55656017067406,193.25979200808825,185.54212106963874,192.96142578125,41642600,0.0,0.0,7887148272.765278
2023-03-15,191.89722250808293,196.70087086645518,189.79873449035347,196.67103576660156,42123600,0.0,0.0,8140377388.104032
2023-03-16,197.1782683896765,204.6373476487127,195.0201099451263,203.81187438964844,50447100,0.0,0.0,10080779864.491077
2023-03-17,199.4657136698237,200.79839879699728,194.36369882371298,194.542724609375,50141100,0.0,0.0,9906931126.504898
2023-03-20,197.3970707471705,198.27227424298704,192.58348187125094,196.73072814941406,25186300,0.0,0.0,4922105165.110016
2023-03-21,202.09131052047306,202.4394069437602,196.8699552243766,201.05699157714844,31827000,0.0,0.0,6354409534.862644
2023-03-22,201.3951282223988,206.238551881996,198.5805673254364,198.7198028564453,28477800,0.0,0.0,5764178956.482709
2023-03-23,201.73327493146311,206.7457845341352,201.04703723313602,203.16542053222656,27389700,0.0,0.0,5584661525.179514
2023-03-24,204.0604978608537,206.4474121828051,202.439401720589,204.88597106933594,27716400,0.0,0.0,5666435244.436016
2023-03-27,203.69254442589096,204.73681861082818,200.26137082584262,201.73329162597656,18527200,0.0,0.0,3751741227.665544
2023-03-28,199.05796068238246,199.93316419327437,196.82023684929055,199.58506774902344,19127300,0.0,0.0,3794410663.880726
2023-03-29,202.4493568930167,204.59757539137235,201.43491785064833,204.22959899902344,18851100,0.0,0.0,3827079566.677328
2023-03-30,202.2703365043128,206.9546296190663,201.7133943669399,206.70599365234375,22608300,0.0,0.0,4619644643.341413
2023-03-31,206.1092772142024,211.01237121219066,205.64184038095976,210.78363037109375,25440300,0.0,0.0,5299904069.596612
2023-04-03,207.70052423017208,212.32516202064002,207.06401680310864,211.90745544433594,17924600,0.0,0.0,3758691637.3720827
2023-04-04,212.2257319043896,215.06018821902757,211.3803634805751,213.54847717285156,21026400,0.0,0.0,4483254808.1282625
2023-04-05,212.98155631855872,214.01589040585796,208.79453526907974,210.3261260986328,19396600,0.0,0.0,4100542351.3232484
2023-04-06,208.10829761063326,215.7563421348993,207.51156523902694,214.92092895507812,26104400,0.0,0.0,5524577380.62596
2023-04-10,213.53851776971777,214.48333139679633,209.51061212213557,213.5782928466797,16106100,0.0,0.0,3414444426.855135
2023-04-11,214.3043084660412,214.84137065315744,212.2456105501891,212.68321228027344,16710100,0.0,0.0,3568333082.303021
2023-04-12,213.66778006867253,215.65686761019924,211.42011660993944,212.83236694335938,18972200,0.0,0.0,4051294980.010658
2023-04-13,214.55293285334113,219.9433585068772,214.51315777799613,219.14773559570312,23310400,0.0,0.0,5063677588.603456
2023-04-14,216.69120571229988,220.89812169273284,216.36300444070102,220.28150939941406,21591200,0.0,0.0,4720496213.2860985
2023-04-17,218.59078151388718,219.77429109856504,215.9453064619693,217.66586303710938,15481900,0.0,0.0,3372883618.7362185
2023-04-18,218.71015482172072,219.23726187981273,215.0303453909805,216.701171875,12281000,0.0,0.0,2666620242.4463058
2023-04-19,212.30527330754228,216.14421311108265,211.7682111392636,214.52310180664062,15898100,0.0,0.0,3401497255.987215
2023-04-20,212.3152068702656,215.56736935606725,211.60908926825186,211.90745544433594,16475400,0.0,0.0,3518951513.2095537
2023-04-21,209.0630540342404,212.2455910854398,208.43648659857809,211.72842407226562,17717200,0.0,0.0,3726654253.3716407
2023-04-24,212.5141259775595,212.75282196856398,209.56034465738014,211.6289825439453,15750900,0.0,0.0,3325906228.1042914
2023-04-25,209.6697345485692,210.10732108010862,205.9998654398779,206.41757202148438,19198200,0.0,0.0,3994254494.1240025
2023-04-26,211.34058430670663,212.94180063482827,207.740340150218,208.2574920654297,41992700,0.0,0.0,8832789466.672106
2023-04-27,238.5811222092179,240.37130416411821,235.47815027108052,237.2583770751953,71196500,0.0,0.0,16939407841.347813
2023-04-28,237.70593902674113,239.11818958497352,234.46373128112617,239.00880432128906,39554000,0.0,0.0,9366029648.968855
2023-05-01,237.31803220013649,242.66868259885584,235.1698291662736,241.8531494140625,29143900,0.0,0.0,6963038901.515878
2023-05-02,241.85316716182606,243.58367893119586,237.6860411604922,237.93467712402344,24350100,0.0,0.0,5859482905.602307
2023-05-03,238.16344507955648,240.43100411111163,231.48010840480345,235.73675537109375,34463900,0.0,0.0,8131948695.318623
2023-05-04,234.77201478549054,236.90033798104923,231.65908773208787,232.24588012695312,17889400,0.0,0.0,4191123495.1762977
2023-05-05,230.9728712064309,233.39954547419643,228.59591199117216,231.50991821289062,26978900,0.0,0.0,6232064623.706216
2023-05-08,230.15734118338585,234.33442241333236,229.01362180007337,231.99725341796875,16400500,0.0,0.0,3799569799.5609803
2023-05-09,230.19712771369012,234.5930097385653,229.81919619203094,232.09669494628906,16865600,0.0,0.0,3916295250.171532
2023-05-10,234.8814409717994,235.4582782792501,229.46117952275918,231.8083038330078,19119000,0.0,0.0,4444397556.858308
2023-05-11,231.77845374994178,236.9103038013753,231.03254584161255,234.5034942626953,20449000,0.0,0.0,4784481666.174729
2023-05-12,235.44829231250554,235.66709315105967,230.18714738845347,232.53427124023438,16155300,0.0,0.0,3763007506.0939984
2023-05-15,235.62732991654622,238.94910277282918,234.04600881841293,237.55674743652344,20653200,0.0,0.0,4884431319.358121
2023-05-16,234.50348596887454,238.33248583308955,234.23497005775818,237.5169677734375,18163800,0.0,0.0,4291810377.65509
2023-05-17,237.14896570825653,242.5095561749476,236.84065955881863,241.16693115234375,21193100,0.0,0.0,5079458528.533641
2023-05-18,239.98343709643217,245.74183938403337,239.87403666451752,245.50315856933594,22943300,0.0,0.0,5570815364.472359
2023-05-19,246.11979141128344,247.3331362388578,242.0819454205678,244.29977416992188,21599800,0.0,0.0,5285633940.4136305
2023-05-22,244.0710225300411,252.18650440910116,243.78259630028157,246.96514892578125,27738500,0.0,0.0,6878719450.013606
2023-05-23,245.46336322942358,250.23717670639286,245.30423257256652,245.3937530517578,17748100,0.0,0.0,4397459243.01195
2023-05-24,243.94171552060706,248.22819710722442,243.61351422741944,247.85028076171875,17724300,0.0,0.0,4358775022.104314
2023-05-25,252.0174122096085,254.22530082925988,247.8104958615853,251.31129455566406,22371400,0.0,0.0,5615621811.044787
2023-05-26,251.5499504122607,260.8787759033634,251.33116474265523,260.6102600097656,25727200,0.0,0.0,6588863792.494124
2023-05-30,263.8027621827068,267.18420527901935,259.86437694587534,261.087646484375,23816500,0.0,0.0,6276226279.279603
2023-05-31,258.5814168101453,263.55413636418655,257.0398858888211,263.2756652832031,25473700,0.0,0.0,6630727972.3332205
2023-06-01,264.449178493249,272.50498898228165,264.4392536944203,271.12255859375,25609500,0.0,0.0,6875436791.414499
2023-06-02,271.17230399216055,273.8476291222982,269.64069811053076,271.12255859375,19405300,0.0,0.0,5273277018.225608
2023-06-05,268.82519172989214,274.0664572677717,268.08923898990724,269.9092712402344,20742900,0.0,0.0,5622940695.951705
2023-06-06,268.6661134377254,275.0610236619045,268.2185565260995,269.6407470703125,19419000,0.0,0.0,5274973083.835425
2023-06-07,270.1877186514573,272.75362821695035,261.36608993948033,262.1617431640625,26163600,0.0,0.0,6987247328.978796
2023-06-08,259.19805826139867,266.1897015248191,257.46756137476876,263.1364440917969,20899400,0.0,0.0,5472061300.121823
2023-06-09,261.047900340225,266.48805682359773,260.2721572928278,263.5044250488281,16938500,0.0,0.0,4461263943.405537
2023-06-12,265.7122711250525,270.2672682155778,263.8822838879933,269.5710754394531,15442500,0.0,0.0,4124302229.179698
2023-06-13,273.38023453209706,274.21564777343684,267.62181680131886,269.83966064453125,16164000,0.0,0.0,4379130388.693175
2023-06-14,270.4065559450908,273.4896177588581,266.85602693250837,271.85858154296875,19175100,0.0,0.0,5180590885.760711
2023-06-15,270.81429509600497,282.4405158553206,269.9391219483488,280.29229736328125,25973500,0.0,0.0,7173616261.246804
2023-06-16,283.1963669040449,286.27945897040485,278.6015790820891,279.4668273925781,43102500,0.0,0.0,12173892471.328812
2023-06-20,277.2092344019423,283.2460928566601,274.712919480531,282.7786560058594,20701600,0.0,0.0,5775322144.899797
2023-06-21,281.98303525556634,282.45047211007306,276.8412298559924,280.1033630371094,20556200,0.0,0.0,5748456041.977418
2023-06-22,277.5573105084998,283.70361514860275,276.274370673644,283.32568359375,17563100,0.0,0.0,4917474681.397351
2023-06-23,279.9740253616763,288.0895061367608,277.42799574804985,287.1546325683594,50988400,0.0,0.0,14417416296.551739
2023-06-26,287.1248169027786,288.208866039282,276.08537427952666,276.95062255859375,24232700,0.0,0.0,6837186518.686797
2023-06-27,280.4713160996965,287.771264192908,279.11872070405303,285.4837951660156,26108300,0.0,0.0,7400266896.342665
2023-06-28,283.2659921224904,287.97016519933214,282.510129069522,283.7334289550781,16722100,0.0,0.0,4769814264.396603
2023-06-29,282.9477542702442,285.006467534605,279.15854424219776,279.99395751953125,15395700,0.0,0.0,4342857635.906061
2023-06-30,283.20632644880584,287.47289786334574,282.8681851699819,285.4142150878906,19676000,0.0,0.0,5611015574.881878
2023-07-03,285.1357550736224,287.82100545704844,283.29584274450883,284.4594421386719,8629300,0.0,0.0,2464169309.0928493
2023-07-05,286.0805492186769,296.49342515503747,284.7975790783721,292.7638854980469,33865500,0.0,0.0,9842855251.933266
2023-07-06,294.2755649771271,296.49337811661087,289.7205376021072,290.3968200683594,47600500,0.0,0.0,13952037747.584417
2023-07-07,290.58584619586304,294.58393232939386,287.0850623921171,288.9448547363281,25546200,0.0,0.0,7429716236.477331
2023-07-10,293.9374317442218,296.5033719525364,285.4838087598891,292.495361328125,37058300,0.0,0.0,10783727769.497639
2023-07-11,292.296413779788,298.5421475662829,290.3073261999989,296.6624755859375,27585900,0.0,0.0,8121971349.184636
2023-07-12,300.10357720792473,307.7615762398212,298.4625860871088,307.65216064453125,36677100,0.0,0.0,11117272112.04052
2023-07-13,311.90882739296603,314.51452734035587,308.5970098329868,311.6999816894531,30281000,0.0,0.0,9434220228.572994
2023-07-14,310.0888348080546,313.16197165566984,305.6829824954282,307.18475341796875,22576000,0.0,0.0,6985521842.457595
2023-07-17,305.8620197562618,310.00925055489523,303.0474437043856,308.9252014160156,25323100,0.0,0.0,7762247987.198598
2023-07-18,309.18381274201954,312.4857057769875,305.9415899130148,310.347412109375,20764600,0.0,0.0,6420697712.042311
2023-07-19,311.322075887528,316.94124285384027,308.82576098550715,314.28582763671875,21763700,0.0,0.0,6809502670.729202
2023-07-20,311.78948680895496,313.81836469510193,300.5710337607807,300.869384765625,23836900,0.0,0.0,7322569326.026515
2023-07-21,302.9082245396203,303.7933527743912,289.61117825909304,292.65447998046875,42089700,0.0,0.0,12488109344.920023
2023-07-24,294.1661821555769,295.89667876233364,286.72698314478856,290.0189208984375,24915700,0.0,0.0,7258238186.489641
2023-07-25,293.57938451216233,296.6724011380719,290.26753668681005,292.8633117675781,19585600,0.0,0.0,5747785423.131504
2023-07-26,299.54667916131785,300.1235012678688,290.3073578476797,296.94097900390625,47256900,0.0,0.0,13950966033.068783
2023-07-27,323.34608314579253,323.57483915165705,308.14945473179023,310.0092468261719,64229200,0.0,0.0,20287573008.349354
2023-07-28,315.15107890555146,324.42023542655505,312.53542356733675,323.70416259765625,39220300,0.0,0.0,12490796016.219067
2023-07-31,321.9238881672483,323.8831406862623,315.85716485829107,316.8616638183594,25799600,0.0,0.0,8252521993.46363
2023-08-01,315.80744433984364,322.3714394399564,312.94315336153494,320.94921875,22817900,0.0,0.0,7248272423.542575
2023-08-02,316.26496221591543,316.65284890790207,308.9550584341069,312.5950927734375,20461100,0.0,0.0,6400312976.457789
2023-08-03,308.23897840067116,314.2261520015357,308.23897840067116,311.481201171875,15180200,0.0,0.0,4724572586.26579
2023-08-04,313.24150779697527,316.6726960588742,308.5074999318742,309.03460693359375,17600200,0.0,0.0,5501648242.738185
2023-08-07,311.5209765711652,315.3400212579835,308.76607072169384,314.8327941894531,16236500,0.0,0.0,5066649281.214016
2023-08-08,312.6845499509756,316.1555282885367,308.41794875124276,310.9341735839844,15183500,0.0,0.0,4741605694.316745
2023-08-09,311.1729352106792,311.9188432193914,301.1976599882107,303.5447692871094,19955800,0.0,0.0,6117615157.355133
2023-08-10,306.2598778084826,310.6358652814053,302.21207649682276,304.0718688964844,14358900,0.0,0.0,4399911155.599699
2023-08-11,300.91915070695234,303.0574139904705,298.72118686732165,299.9942321777344,13967800,0.0,0.0,4202761570.530734
2023-08-14,299.3378137903468,304.539258612385,296.6226981998028,304.5193786621094,15641900,0.0,0.0,4701657606.1302805
2023-08-15,304.46963087479224,305.5536798941063,298.3929529258064,300.302490234375,11623600,0.0,0.0,3510017040.6227694
2023-08-16,298.5620841293075,299.43725724650096,292.67437102075866,292.684326171875,18547700,0.0,0.0,5491154423.806326
2023-08-17,291.45107628668796,294.434707971661,283.39529501811757,283.5345153808594,23950100,0.0,0.0,6919543177.302748
2023-08-18,277.507582859326,284.1312488672527,272.88295980026686,281.7045593261719,34061200,0.0,0.0,9486286182.133059
2023-08-21,281.9034779383704,288.9150002268554,280.3122016431546,288.3182678222656,20181500,0.0,0.0,5743929387.269804
2023-08-22,290.95382773694,291.3019241983941,285.18548482254545,286.0308532714844,12999900,0.0,0.0,3747139334.2656565
2023-08-23,286.925910341543,295.77734483299173,286.10045227284775,292.63458251953125,18287000,0.0,0.0,5320399637.837243
2023-08-24,296.8713458193419,297.82609943825014,285.0760700648493,285.1854553222656,18360900,0.0,0.0,5351304222.0147295
2023-08-25,284.5688282052502,286.81650695183856,274.5239295483601,283.9422607421875,23701400,0.0,0.0,6652277110.832904
2023-08-28,286.42865157434784,289.85984027009437,284.2406427899483,288.67633056640625,14239300,0.0,0.0,4087394504.2184334
2023-08-29,287.00550328041874,297.5178409785336,286.60769173799963,296.3641662597656,20844500,0.0,0.0,6087902333.354889
2023-08-30,295.54861175276847,296.66249601799615,291.8289970836555,293.4898986816406,17717000,0.0,0.0,5213151891.640982
2023-08-31,294.1860990978854,299.4572004375462,294.04687872231887,294.275634765625,17229900,0.0,0.0,5113007966.75828
2023-09-01,297.736616138126,300.09368043302663,292.8633568749001,294.762939453125,12819800,0.0,0.0,3800795313.4400797
2023-09-05,295.3994322088871,299.74561475213886,293.89769148766004,298.5123596191406,14956000,0.0,0.0,4439264644.061216
2023-09-06,300.0638394460911,301.64516064646546,294.0468608335996,297.5377197265625,15418100,0.0,0.0,4592219578.190895
2023-09-07,296.37410848203075,305.37471943476356,290.62564544430813,297.04046630859375,33748700,0.0,0.0,10057118757.097162
2023-09-08,297.5874089073119,303.5845070462215,295.16071951053584,296.2646789550781,17548000,0.0,0.0,5253390617.80899
2023-09-11,299.7654585074475,307.35383276285006,299.6361629537797,305.88189697265625,19489300,0.0,0.0,5914905061.7600565
2023-09-12,304.65860186820225,306.97590601744315,298.59190871081046,300.01409912109375,13480400,0.0,0.0,4081648184.8313746
2023-09-13,300.71028809631645,305.5039971230148,299.6759842619226,303.39556884765625,13210900,0.0,0.0,3997486108.0391355
2023-09-14,305.06638652020683,311.1629454903038,303.3657249475748,310.01922607421875,19343100,0.0,0.0,5943444762.573465
2023-09-15,309.90981227971935,310.29769897194853,297.11999220471034,298.6714782714844,28106400,0.0,0.0,8536162297.643823
2023-09-18,296.56306439889505,301.9435508381065,296.1751776878917,300.8992614746094,14234200,0.0,0.0,4256870802.792382
2023-09-19,300.8296222376651,304.49949132053314,298.1741769134743,303.4054870605469,15924400,0.0,0.0,4798608281.212814
2023-09-20,303.3855625736625,306.37914901076846,297.7962314852563,298.0349426269531,19379500,0.0,0.0,5854308393.161356
2023-09-21,294.08661997754103,298.621737372713,291.6698554259666,294.116455078125,21300500,0.0,0.0,6286753036.204138
2023-09-22,297.66698202798716,303.7138260360941,296.64260300817284,297.44818115234375,25369600,0.0,0.0,7615401231.140717
2023-09-25,294.02697421395317,299.30799991371646,292.097556612981,299.1886291503906,18987000,0.0,0.0,5614508650.886202
2023-09-26,296.0359320136058,298.66151204809125,294.3949406981687,297.3288269042969,19417200,0.0,0.0,5757747877.1323395
2023-09-27,298.8107142230933,299.65605222138623,285.22524148311436,296.115478515625,36429800,0.0,0.0,10653554276.698109
2023-09-28,297.30894492208745,304.6586082892958,295.0811763806446,302.3015441894531,22167100,0.0,0.0,6647245890.378518
2023-09-29,305.70291473950203,308.94513762843314,297.72665308284166,298.572021484375,25356600,0.0,0.0,7691566964.174755
2023-10-02,301.08820948228043,305.50398681035995,299.98428032579614,305.1459655761719,16265600,0.0,0.0,4924314978.964931
2023-10-03,302.5999276006486,305.0962120756382,298.00513977738785,299.29803466796875,17362300,0.0,0.0,5235613300.638897
2023-10-04,297.1001181104207,305.2255249938912,296.8713620809238,303.9127197265625,16880500,0.0,0.0,5081848251.133207
2023-10-05,302.9679140111342,304.53928002332026,297.865898932841,303.1270446777344,19130000,0.0,0.0,5762005536.715683
2023-10-06,299.79532451465496,314.58418788906755,299.26821744610135,313.708984375,21784000,0.0,0.0,6686080398.91066
2023-10-09,310.7949730732878,318.5822385641406,310.1186904961375,316.62298583984375,22503700,0.0,0.0,7074048548.64689
2023-10-10,317.37882392839884,322.8886052753649,316.4240703446188,320.083984375,19038000,0.0,0.0,6085617359.226625
2023-10-11,321.24764865147614,327.0458264830826,321.18797844299854,326.0314025878906,22036300,0.0,0.0,7142337297.746301
2023-10-12,326.2104023931294,328.7365524221567,320.9293766605215,322.391357421875,20530500,0.0,0.0,6668983178.515963
2023-10-13,321.7647868987937,323.2764827010933,310.66567332763464,312.9730224609375,21341000,0.0,0.0,6764479775.904541
2023-10-16,316.90145129411667,320.0640932967905,313.7984491403446,319.3977355957031,16536100,0.0,0.0,5240807193.9973545
2023-10-17,316.44395574539277,322.63001972279096,315.56875229890767,322.2322082519531,16387800,0.0,0.0,5229336918.068597
2023-10-18,319.63643636251294,324.1615983692677,313.8382291949112,315.24053955078125,16851000,0.0,0.0,5375467547.14199
2023-10-19,318.1347040637348,320.13374699293126,310.04905739013975,311.103271484375,18709200,0.0,0.0,5895108061.881876
2023-10-20,312.4259775046575,313.5796215062499,304.7978138486663,306.9659118652344,22287400,0.0,0.0,6891012626.364579
2023-10-23,307.8113199598036,315.62842001127103,305.5835514598358,312.2967224121094,17796800,0.0,0.0,5527792606.938497
2023-10-24,315.0516278339668,316.61306910270986,308.9351886783297,310.8446960449219,19525500,0.0,0.0,6107071253.651845
2023-10-25,308.3085968730104,309.18380032675657,297.20948374345363,297.8957214355469,42192500,0.0,0.0,12792624319.066174
2023-10-26,293.3904128980078,293.3904128980078,277.8755239762387,286.7767028808594,66684100,0.0,0.0,19047177430.557972
2023-10-27,292.8732688836784,297.676902078834,291.37149803470425,295.1109924316406,29596300,0.0,0.0,8716826582.140156
2023-10-30,297.45810774975297,307.71185211510857,297.4183174986179,301.0086364746094,28435100,0.0,0.0,8603468442.991636
2023-10-31,301.6551294198702,302.0231058329733,295.2403086664069,299.6262512207031,19434200,0.0,0.0,5803668325.031927
2023-11-01,300.2030602646755,311.03362675867317,300.2030602646755,310.14849853515625,20434600,0.0,0.0,6245188602.32366
2023-11-02,315.56873751352947,317.0804635233818,306.6476783593796,309.173828125,21631800,0.0,0.0,6746181209.789759
2023-11-03,310.84468121563503,313.82831289078524,309.3230302753513,312.8835144042969,16754100,0.0,0.0,5220169959.269884
2023-11-06,314.2559757737672,316.5931295338994,312.73432490154977,314.0769348144531,12887700,0.0,0.0,4055291717.2638693
2023-11-07,315.33009832912,319.2486038701289,313.40068066269134,317.08050537109375,14055600,0.0,0.0,4446132641.839754
2023-11-08,316.4042115858308,319.5767787105766,313.161988752609,318.0352478027344,13609700,0.0,0.0,4305692401.771858
2023-11-09,317.677216312415,322.41122449492514,317.06057361811105,318.801025390625,16103100,0.0,0.0,5148739156.097016
2023-11-10,318.19435706116127,327.3043822336983,317.7169650938816,326.9761657714844,19096200,0.0,0.0,6158728326.418466
2023-11-13,324.42024424051925,330.51677307662266,323.9229722722481,327.3939208984375,16908900,0.0,0.0,5532928105.06476
2023-11-14,332.71473530649234,336.2553092741654,331.51131529673495,334.4750671386719,17179400,0.0,0.0,5735914975.076663
2023-11-15,336.08620407449035,336.5536409093381,328.2193583886023,330.8946838378906,14531200,0.0,0.0,4829974703.699117
2023-11-16,327.5728690049335,332.7544334271084,324.5991929145463,332.3665771484375,18932600,0.0,0.0,6222706633.038006
2023-11-17,328.4580868608587,333.6694873231,327.5530482456629,333.2120056152344,14494400,0.0,0.0,4792011959.773938
2023-11-20,333.06278220413486,340.00467838785033,332.36658941530106,338.11505126953125,16960500,0.0,0.0,5701876443.787674
2023-11-21,336.4839978177994,338.04543890201586,334.0672636154936,335.1413879394531,12027900,0.0,0.0,4042052187.305176
2023-11-22,337.3592112529343,341.04899079349985,336.73264377053374,339.62677001953125,10702700,0.0,0.0,3627046750.124241
2023-11-24,338.27420979357106,339.9947512560226,334.9325266232815,336.38458251953125,5467500,0.0,0.0,1845082445.9025474
2023-11-27,334.34577646492767,338.0454811579014,332.3765988766348,332.8738708496094,15684500,0.0,0.0,5257617557.150842
2023-11-28,331.58094488920005,337.52832860124096,331.58094488920005,337.14044189453125,12637200,0.0,0.0,4227833855.4767003
2023-11-29,337.8366054717592,338.04545118358993,328.97521605695823,330.3874816894531,16024500,0.0,0.0,5344336341.098082
2023-11-30,330.079210290625,331.6804115017736,320.640967447542,325.36505126953125,23146400,0.0,0.0,7549445782.85622
2023-12-01,323.70413205266203,325.0765770233975,319.00988402862777,323.0477294921875,15264700,0.0,0.0,4915893301.010425
2023-12-04,315.55884037745017,319.1093390094246,311.94864118889734,318.27392578125,19037100,0.0,0.0,6006756937.416738
2023-12-05,317.23964352271406,320.12381493864075,313.66923434579206,316.55340576171875,16952100,0.0,0.0,5372061575.387317
2023-12-06,320.1734935552771,320.49175487074757,315.31018992334776,315.71795654296875,11294300,0.0,0.0,3590468952.5439754
2023-12-07,316.03619083910985,326.44906624670375,316.03619083910985,324.8080749511719,15905100,0.0,0.0,5109396131.237787
2023-12-08,321.32712189549517,331.352139435034,321.2376166042038,330.9344177246094,14077500,0.0,0.0,4593416145.321185
2023-12-11,327.6027651675685,328.0901123330326,318.25405827592755,323.5052490234375,25802500,0.0,0.0,8338647731.068848
2023-12-12,322.82894667233495,332.64508982523006,322.78915641918593,332.3964538574219,18485500,0.0,0.0,6058014879.475576
2023-12-13,332.1079961874216,336.5237729856272,330.8250565677903,332.91357421875,16353300,0.0,0.0,5456677807.167952
2023-12-14,332.02848593453984,332.87385431682435,326.84692073179696,331.3522033691406,19607300,0.0,0.0,6467671576.305417
2023-12-15,330.1786147168993,336.81223578528665,329.4128268517232,333.0926513671875,30001600,0.0,0.0,9993908919.605257
2023-12-18,335.63868787928226,345.66367708402976,335.18117583035604,342.7397155761719,18993900,0.0,0.0,6465949525.885276
2023-12-19,343.69447603092266,351.6707377290934,343.2369943240104,348.4483947753906,17729400,0.0,0.0,6160148572.331149
2023-12-20,346.7477001093249,353.02326924582536,345.89240698440796,347.374267578125,16369900,0.0,0.0,5720589864.160648
2023-12-21,351.0540909402022,354.46536898216067,347.3046412881621,352.15802001953125,15289600,0.0,0.0,5364891374.514563
2023-12-22,353.6399067638995,355.25109337751167,349.30370992649625,351.4618835449219,11764200,0.0,0.0,4144261808.514505
2023-12-26,353.05314312350913,355.03230620045724,351.52156731052384,352.8940124511719,9898600,0.0,0.0,3496947086.167898
2023-12-27,354.1272479153226,357.041254209994,353.3713848514491,355.87762451171875,13207900,0.0,0.0,4691529547.729817
2023-12-28,357.7374350863552,359.92541334633074,355.8577326408115,356.3649597167969,11798800,0.0,0.0,4222691091.436547
2023-12-29,357.0312711706918,358.0357701270011,349.9004090789273,352.0287170410156,14980500,0.0,0.0,5302618966.297205
2024-01-02,349.40315868568683,351.23311575908457,338.15486997648975,344.4006042480469,19042200,0.0,0.0,6563731950.986978
2024-01-03,343.0977422035491,346.0515385996116,341.3075450947138,342.59051513671875,15451100,0.0,0.0,5310226969.034696
2024-01-04,342.6203437658579,346.2504226150793,341.526339500746,345.2260437011719,12099900,0.0,0.0,4161015021.962637
2024-01-05,345.0967948038246,351.57128561764125,344.37079714647183,350.0297546386719,13920700,0.0,0.0,4844000475.767195
2024-01-08,352.76476976665464,357.0214168825814,350.1292038796224,356.7031555175781,13890200,0.0,0.0,4911231776.255581
2024-01-09,354.45541842236514,358.67230494169985,353.42108433070916,355.47979736328125,13463900,0.0,0.0,4793777091.912394
2024-01-10,358.204879693542,370.905194011208,357.1208001642387,368.44866943359375,22117200,0.0,0.0,8050948259.188594
2024-01-11,370.0996150753782,370.74606252044777,360.94979933401305,367.6530456542969,17205400,0.0,0.0,6294559990.775371
2024-01-12,368.1403849615142,375.0027320118524,367.52377258076655,372.4467468261719,19295700,0.0,0.0,7163784337.333899
2024-01-16,371.6112760119249,373.5605733155288,365.22632196351435,365.4550476074219,15306900,0.0,0.0,5654268563.673393
2024-01-17,364.3013944004097,366.5291932281935,356.6533498857857,366.360107421875,12724800,0.0,0.0,4601176612.308381
2024-01-18,369.46306105715274,374.79383152846,368.9260292659054,374.0777587890625,16354300,0.0,0.0,6081508859.694645
2024-01-19,376.9321168748791,382.26285731018993,375.90773792960493,381.35784912109375,21470100,0.0,0.0,8138999248.428961
2024-01-22,385.8333095296637,388.22020876614937,379.0803481011593,379.69696044921875,17680500,0.0,0.0,6783128747.846225
2024-01-23,382.52144469863833,386.2609392280105,379.99529486117507,383.0982971191406,15506100,0.0,0.0,5940822895.70516
2024-01-24,387.87210549724125,393.9885441675607,385.6940520152096,388.56829833984375,15698500,0.0,0.0,6119923618.08761
2024-01-25,388.04120305027493,393.33215348009503,383.5558003924775,391.0347595214844,15091100,0.0,0.0,5862046900.34319
2024-01-26,392.19837818349464,394.6250676356868,389.4534274110973,391.9895324707031,13163700,0.0,0.0,5160687042.623676
2024-01-29,392.83484185824216,400.731521978093,390.955169877896,398.8319396972656,18742400,0.0,0.0,7419054326.720844
2024-01-30,401.3879357279278,404.1428111764658,397.3898805073128,397.877197265625,18614700,0.0,0.0,7460145297.943017
2024-01-31,386.87749712377274,395.828390373423,384.9878701746151,388.01129150390625,20180800,0.0,0.0,7878748395.433924
2024-02-01,391.7905939154607,398.31479893053194,390.9054353493243,392.6260070800781,29727100,0.0,0.0,11730614413.230356
2024-02-02,457.09239183183865,483.3085550019587,450.5383510393086,472.3984069824219,84615500,0.0,0.0,39508961439.06743
2024-02-05,467.3162563880782,469.32522398407036,456.71441559320857,456.90338134765625,40832400,0.0,0.0,18906210489.53764
2024-02-06,461.4683489186266,464.571320891391,450.52836650891777,452.2389831542969,21655200,0.0,0.0,9908333375.295584
2024-02-07,455.5011024839927,468.94732497591195,453.69102531650236,467.0278625488281,23066000,0.0,0.0,10640788093.922415
2024-02-08,465.7647815320958,468.0223851375321,462.4927237784252,467.43560791015625,18815100,0.0,0.0,8753867412.882315
2024-02-09,470.36952715793745,471.006019440951,464.91941592011153,465.555908203125,18413100,0.0,0.0,8616644316.92339
2024-02-12,465.63549612134716,476.53568841947236,464.0342647108487,466.34161376953125,19382000,0.0,0.0,9115063415.78594
2024-02-13,454.37722965906966,465.3371219674141,452.60694287557016,457.6094970703125,20916600,0.0,0.0,9600134413.347383
2024-02-14,465.37687742090316,471.5231508783771,463.54692045384303,470.69769287109375,16858400,0.0,0.0,7881892645.27355
2024-02-15,472.6868097333968,485.95402132868384,469.643507916618,481.3890686035156,24212300,0.0,0.0,11568607028.67301
2024-02-16,475.5013308342176,476.34669915076023,466.6498969134579,470.73748779296875,23306500,0.0,0.0,10988975083.08535
2024-02-20,467.15716351593574,473.5819086335564,464.01440113908444,469.17608642578125,18015500,0.0,0.0,8445633159.354505
2024-02-21,464.4469799543009,466.93597770325215,459.7577167025933,465.9702453613281,12977100,0.5,0.0,6012898370.837049
2024-02-22,478.1265072394582,487.83359856958594,473.96491024837377,483.9906005859375,21625800,0.0,0.0,10399831095.997717
2024-02-23,485.90213883692127,492.1843668595907,480.22724207734706,481.89984130859375,18374300,0.0,0.0,8933691313.044987
2024-02-26,481.34223970133354,484.0005023445034,478.48487549228037,479.6198425292969,12101400,0.0,0.0,5823710275.677028
2024-02-27,477.8676621827985,485.12555767334624,477.807928668057,484.9065246582031,10809600,0.0,0.0,5204462906.978017
2024-02-28,482.86552953030656,488.8888915082524,480.6254317128979,481.88983154296875,12715500,0.0,0.0,6163929688.459269
2024-02-29,486.2904270330112,489.53608982298255,480.4860672630107,487.9729919433594,17732000,0.0,0.0,8600216444.724417
2024-03-01,489.9442592294916,502.03084690503874,489.68542412374103,500.08941650390625,16273600,0.0,0.0,8069396954.106976
2024-03-04,500.7863574132189,502.2001215324097,494.23532857156323,495.9975280761719,12324100,0.0,0.0,6140085065.313187
2024-03-05,492.8215540308733,493.39898813968335,485.74285902058284,488.0625915527344,15325300,0.0,0.0,7502821275.142614
2024-03-06,495.43996935416516,500.75646473434006,492.1146721111317,493.90673828125,11757900,0.0,0.0,5837039769.957685
2024-03-07,501.06506135288373,517.562113620753,499.1734293376613,509.93585205078125,18586400,0.0,0.0,9448726747.821135
2024-03-08,511.9271157266025,521.2658403660549,497.15242838033225,503.723388671875,18575200,0.0,0.0,9458661512.808945
2024-03-11,494.8226832995381,495.13131656797464,473.9051379702627,481.46173095703125,20428300,0.0,0.0,9897883702.121737
2024-03-12,491.08920050578274,500.0993598169904,482.59674176616056,497.5506286621094,15448200,0.0,0.0,7590442958.238417
2024-03-13,493.2098680519353,498.7752635478022,488.86904004180826,493.3890686035156,12090700,0.0,0.0,5970655490.705452
2024-03-14,498.05838937279583,499.14358868890025,486.0116348178166,489.66546630859375,12620000,0.0,0.0,6216329460.327383
2024-03-15,486.8579388165909,489.66550526344065,479.18184767146863,481.96954345703125,29141700,0.0,0.0,14116929452.511623
2024-03-18,489.7451520014682,495.2309127099436,484.66759056588023,494.7928466796875,11755300,0.0,0.0,5759500437.779146
2024-03-19,486.02159958227537,494.44435900286834,479.16190757238377,494.0560607910156,10903100,0.0,0.0,5307663242.548316
2024-03-20,497.3017617876955,505.9634863084785,492.99083095505335,503.2952575683594,11711100,0.0,0.0,5849426952.452474
2024-03-21,512.4448162753771,512.7733202146928,503.7830922624289,505.525390625,9712500,0.0,0.0,4936652078.092023
2024-03-22,504.7687395379915,507.7256700559414,502.1204423078349,507.3373718261719,8117000,0.0,0.0,4098460447.0283856
2024-03-25,503.5640728242877,504.9877722326586,498.03847963839513,500.8062438964844,8380600,0.0,0.0,4202980903.2152767
2024-03-26,502.90696736388685,507.75553001466403,493.0306111369224,493.7076416015625,11205400,0.0,0.0,5607104513.029993
2024-03-27,497.10258460310035,497.69001476935216,485.9220269172614,491.6865234375,9989700,0.0,0.0,4912994606.418382
2024-03-28,490.6710832601003,490.72088144774995,483.0149233375386,483.4430236816406,15212800,0.0,0.0,7406624025.518819
2024-04-01,485.055891897097,495.2408512075061,479.6597314262168,489.1876220703125,9247000,0.0,0.0,4507452843.807018
2024-04-02,482.96513174990423,495.34042132891113,482.5170999994954,495.1811218261719,11081000,0.0,0.0,5417819596.920036
2024-04-03,496.73423096157137,505.0076567069805,496.55503042302803,504.5098571777344,12099200,0.0,0.0,6059053632.0617
2024-04-04,514.1472734907579,527.6675263697325,508.33297835562007,508.6715087890625,26476300,0.0,0.0,13714730081.629927
2024-04-05,514.5853067823032,528.3644242747368,512.1460769736384,525.0192260742188,19242000,0.0,0.0,10010751532.510618
2024-04-08,526.9507321048712,529.1509672724173,516.6064426502932,516.96484375,13260600,0.0,0.0,6933685355.010547
2024-04-09,519.9316823916643,523.5556775870256,504.50986253452,514.6251831054688,10881400,0.0,0.0,5593396184.139294
2024-04-10,507.0486743379978,520.2602634620138,503.5740128170584,517.5422973632812,11418500,0.0,0.0,5845325841.8462925
2024-04-11,518.8166389530661,521.554536512558,515.0134430511679,520.8576049804688,10369500,0.0,0.0,5374345832.043028
2024-04-12,515.4714163739358,517.9006805254135,507.0884588703495,509.64715576171875,11944900,0.0,0.0,6121696385.584225
2024-04-15,514.4458909773157,516.2479835202375,495.09147418688434,498.02850341796875,13512900,0.0,0.0,6833064479.025284
2024-04-16,495.91787553186504,502.54856948355643,494.92227638686524,497.5606384277344,9847900,0.0,0.0,4911496571.5236635
2024-04-17,500.885901196652,500.94563471054835,484.9961484515033,491.9952087402344,12193700,0.0,0.0,6011139160.671555
2024-04-18,497.6203470065215,509.95583437882266,496.8437809276719,499.59161376953125,14808700,0.0,0.0,7454696731.594644
2024-04-19,500.58719861735904,500.58719861735904,473.6363549712514,478.9528503417969,25111000,0.0,0.0,12231863827.081799
2024-04-22,487.5648127691478,489.8447433103989,471.31662748860055,479.6099853515625,17271100,0.0,0.0,8300157075.603299
2024-04-23,489.08802561852536,496.5649840890503,486.8180610355657,493.91668701171875,15079200,0.0,0.0,7414314807.021555
2024-04-24,505.8240445551539,507.75550911854106,482.44736821697353,491.328125,37772700,0.0,0.0,18701318112.365597
2024-04-25,419.5454789286758,443.8082255376411,412.6758508180105,439.43756103515625,82890700,0.0,0.0,35497282313.9867
2024-04-26,439.517178443808,444.4752729930234,430.05898681594664,441.3391418457031,32691400,0.0,0.0,14294874650.559483
2024-04-29,437.62552442398896,437.8246563911366,426.6739346628616,430.716064453125,21502600,0.0,0.0,9294483701.998852
2024-04-30,429.15295710826837,437.68524823408194,427.8288237442368,428.27685546875,18429500,0.0,0.0,7975495794.762213
2024-05-01,426.7138105782115,447.97979427737795,425.23034715345136,437.2572021484375,20344900,0.0,0.0,8882686503.198038
2024-05-02,436.90867791694853,442.00614012700026,430.3775506624109,439.7361755371094,15221300,0.0,0.0,6639406936.306432
2024-05-03,443.9674860875785,452.17124308674926,441.89665339017773,449.970947265625,16489100,0.0,0.0,7371187475.898849
2024-05-06,453.5750276624564,464.10848322599213,451.34489538609245,463.6305847167969,15094600,0.0,0.0,6909201284.398987
2024-05-07,464.23792123892935,469.45485089459487,459.2798266933172,466.1793212890625,13406800,0.0,0.0,6225680037.74281
2024-05-08,461.46021362821,473.487038189728,460.9624140450081,470.5201721191406,11683900,0.0,0.0,5459006977.482717
2024-05-09,467.93156788594683,473.9847969274059,465.57200292622855,473.3277282714844,9437700,0.0,0.0,4433627604.989323
2024-05-10,474.9903764920245,475.3985757737603,467.5333488690271,474.10430908203125,10750000,0.0,0.0,5068259094.954983
2024-05-13,470.66947794604397,471.2668434870406,460.8130528610576,465.9503479003906,14668800,0.0,0.0,6836246791.775491
2024-05-14,461.33074626432125,470.46040330394175,458.055216745279,469.7734375,10478600,0.0,0.0,4864771888.123882
2024-05-15,472.8896490118278,480.3765429505087,469.1262858077744,479.4207763671875,13100500,0.0,0.0,6219480904.073944
2024-05-16,472.9095382084287,475.5877020238918,470.66944039586247,471.1473388671875,16608200,0.0,0.0,7857813936.367881
2024-05-17,468.75789639100327,470.7192277726925,466.35852937146893,469.8331604003906,10807300,0.0,0.0,5063640222.392048
2024-05-20,467.88180314929565,471.11750018246295,464.9846061597593,466.77667236328125,11745100,0.0,0.0,5497306424.600017
2024-05-21,465.0642370629435,468.6284987814829,460.2355754516668,462.585205078125,11742200,0.0,0.0,5453453866.230246
2024-05-22,465.81094426680374,471.63520505609125,463.6007130579609,465.7213439941406,10078600,0.0,0.0,4712934362.152143
2024-05-23,470.79889252187127,472.272359698421,459.5088027275184,463.7301330566406,11747900,0.0,0.0,5473235959.031846
2024-05-24,465.56206061879766,477.73824892477154,464.24786247433815,476.11541748046875,12012300,0.0,0.0,5657709882.979762
2024-05-28,474.48256440390463,478.7437269656238,472.750231843358,477.8078918457031,10175800,0.0,0.0,4841106113.024219
2024-05-29,472.57109787837896,477.73825991605673,471.6153311982711,472.27239990234375,9226200,0.0,0.0,4379463051.169506
2024-05-30,469.59423061708014,469.65396413111466,462.6648391563524,464.9945373535156,10735200,0.0,0.0,5004314408.525808
2024-05-31,463.75007729183585,467.05547380013337,452.4599864459698,464.7755432128906,16919800,0.0,0.0,7779008842.136008
2024-06-03,468.78775376415734,477.4893101155663,466.17928911634414,475.3885803222656,11279400,0.0,0.0,5322007799.088205
2024-06-04,474.90077381918167,476.782470714512,471.1473761255075,474.89080810546875,7088700,0.0,0.0,3359795152.6474233
2024-06-05,482.31796492041195,494.46425492403085,481.7803329339047,492.8812561035156,15690500,0.0,0.0,7658882852.892469
2024-06-06,490.81043955740375,500.60713074206376,488.7296411509509,491.5870056152344,10667300,0.0,0.0,5276776073.407178
2024-06-07,493.72755686309443,496.71435418448607,488.01282771081276,490.79052734375,9380700,0.0,0.0,4618715137.602614
2024-06-10,491.6865955974469,500.4478865962061,491.23859419718997,500.3881530761719,11236900,0.0,0.0,5571740908.013657
2024-06-11,497.9588971665449,505.36615761022864,496.0772001034579,505.2367248535156,9673700,0.0,0.0,4843831304.757444
2024-06-12,511.7279763073018,511.74790773477673,502.2498837276922,506.60064697265625,11983200,0.0,0.0,6075469167.3265295
2024-06-13,503.48440017238886,507.11833072281496,499.153538115515,501.8815002441406,9954600,0.0,0.0,5008516972.76902
2024-06-14,500.9347487116365,505.4193928906367,499.041238363191,502.4396057128906,10243300,0.5,0.0,5144495792.061166
2024-06-17,499.9580878494289,509.00708939000504,494.31739868645866,504.9011535644531,11266600,0.0,0.0,5652027838.681143
2024-06-18,502.8382288096328,504.2733173632675,493.3307747451631,497.7855224609375,13060400,0.0,0.0,6514554242.286474
2024-06-20,500.286970703734,501.95128536268976,495.0748066537393,499.9880065917969,11801200,0.0,0.0,5883052158.552141
2024-06-21,501.7320727353495,501.7320727353495,490.7098155797787,493.0916442871094,23130700,0.0,0.0,11477937793.025368
2024-06-24,497.4965384489006,506.06716741550116,492.6032897190552,497.20751953125,13525300,0.0,0.0,6753658766.941008
2024-06-25,495.3538552472839,508.96724553577997,493.8091566300633,508.8576354980469,12109800,0.0,0.0,6071710837.473965
2024-06-26,504.9210956404324,512.0566664238407,502.9578168745125,511.3690185546875,8882300,0.0,0.0,4507831572.500482
2024-06-27,512.4951706443405,521.0957264539243,512.1463893168998,517.7870483398438,10121200,0.0,0.0,5228825051.069832
2024-06-28,515.3853214425742,520.0991615068106,502.1207119973368,502.4994201660156,15855100,0.0,0.0,8103699158.1978035
2024-07-01,503.2269228247233,504.8513350720168,491.4871220656849,502.95782470703125,10328200,0.0,0.0,5145191426.504806
2024-07-02,499.05121715024654,508.75797065832194,497.7456898251192,507.7613830566406,7739500,0.0,0.0,3894917540.155796
2024-07-03,504.6420418785985,509.5352904864763,504.29323014715453,508.21978759765625,6005600,0.0,0.0,3044324281.758667
2024-07-05,509.854262609876,539.0243730225511,509.854262609876,538.067626953125,21354100,0.0,0.0,11198929636.579206
2024-07-08,540.4992371464056,540.957689320249,524.8528611647961,527.5137329101562,14917500,0.0,0.0,7949614443.430329
2024-07-09,531.9285481290998,535.6457998298812,526.3875243746377,528.1913452148438,8753200,0.0,0.0,4648095046.713498
2024-07-10,528.9787015738791,537.0411218886109,526.5570010450824,532.8654174804688,10983300,0.0,0.0,5840908631.808817
2024-07-11,529.0783690802008,533.6327813973799,506.6351984111532,510.950439453125,16458300,0.0,0.0,8560521246.041389
2024-07-12,496.06143545934026,506.3561716108576,492.5434825758769,497.1676330566406,19750500,0.0,0.0,9864383810.007551
2024-07-15,496.9284302529908,504.9509474668432,491.68637026792885,494.46685791015625,12539200,0.0,0.0,6248517327.269927
2024-07-16,499.7886534538684,502.23030510271724,484.1322716490722,488.1186218261719,14075800,0.0,0.0,6941921178.921419
2024-07-17,477.53491191999797,477.53491191999797,457.55331152845895,460.41351318359375,28076600,0.0,0.0,13127049007.236473
2024-07-18,473.37909078076706,477.60461230090976,462.9547934237577,474.2261962890625,19267200,0.0,0.0,9060973090.989155
2024-07-19,474.4355049831781,485.04915716621923,474.08669322978517,475.16302490234375,15149400,0.0,0.0,7265166325.994614
2024-07-22,484.9195767646279,490.3808877134724,482.2487293193248,485.7367858886719,12023100,0.0,0.0,5847011574.273512
2024-07-23,488.16846956724555,493.530115756903,486.05570870740434,487.02239990234375,9455500,0.0,0.0,4631236881.611129
2024-07-24,470.6982890383508,474.6746638479208,459.008305488975,459.6959533691406,17649700,0.0,0.0,8239612151.952704
2024-07-25,461.67915585261153,461.96814434300074,441.1394707341232,451.8627624511719,18240500,0.0,0.0,8236567226.40714
2024-07-26,462.61595850057296,468.16692810735697,457.8522711701862,464.11083984375,14222400,0.0,0.0,6585107729.902465
2024-07-29,468.2765721218256,472.3426360243322,463.4331407180432,464.12078857421875,11339600,0.0,0.0,5305661498.973921
2024-07-30,465.4064325485692,471.11689073189063,455.1415919189774,461.60943603515625,11390400,0.0,0.0,5275227310.393224
2024-07-31,469.41268987971785,474.8740009868098,465.15727169064735,473.2096862792969,24285800,0.0,0.0,11414705740.995094
2024-08-01,519.2221093462982,525.37103744849,490.4207354671662,496.0414733886719,43083100,0.0,0.0,21881729265.851254
2024-08-02,487.3313549694249,499.43988868812426,474.52519773876713,486.47430419921875,24044700,0.0,0.0,11709349156.804338
2024-08-05,449.8097889859803,481.8301512791444,449.2616475949092,474.1065979003906,21396200,0.0,0.0,9960913173.534513
2024-08-06,477.3654580221627,500.8450593281317,477.0166462812122,492.4039611816406,20955000,0.0,0.0,10245546020.521902
2024-08-07,501.41308715206713,508.4091206403475,485.19858862879056,487.2515869140625,20105300,0.0,0.0,9988390538.5844
2024-08-08,495.80231803767714,508.2197906932699,493.0318057986474,507.89093017578125,16156800,0.0,0.0,8088510897.100305
2024-08-09,505.9774148841001,516.5711749489776,503.97429475447103,516.0031127929688,13696600,0.0,0.0,6989001540.170127
2024-08-12,515.0961989128018,516.2522744719488,507.362700620044,514.1893310546875,9767400,0.0,0.0,4999028453.856766
2024-08-13,518.2355285467402,529.6863103591749,516.3818902058347,526.7363891601562,13743800,0.0,0.0,7188476067.462689
2024-08-14,526.2580762039715,532.1778093250446,521.344906349691,524.9625244140625,11444200,0.0,0.0,6028362331.362404
2024-08-15,529.975325440887,537.9281362643491,524.9027283563959,535.4964599609375,13482100,0.0,0.0,7164595999.951673
2024-08-16,530.0849932744787,531.8389364369774,522.8696476223628,525.6202392578125,14776700,0.0,0.0,7792556167.034826
2024-08-19,525.0721277005686,529.8457606228551,520.9761670777149,527.4739379882812,9879700,0.0,0.0,5190902699.5516615
2024-08-20,526.5470231645742,529.2777242262898,524.085481040735,524.9325561523438,7944400,0.0,0.0,4184169323.961676
2024-08-21,525.3511855681114,537.5593838516315,525.1319046628375,533.3338012695312,13423300,0.0,0.0,7132411986.558136
2024-08-22,535.1675132966868,542.3728218044048,526.7862387815086,530.1148071289062,15708300,0.0,0.0,8397335635.7008505
2024-08-23,535.087786368687,538.0277318947694,523.2682722695172,526.1982421875,11323900,0.0,0.0,6009004910.777983
2024-08-26,525.7996041549756,526.1982635338597,513.1928072539388,519.3417358398438,9584000,0.0,0.0,4980762011.215131
2024-08-27,517.2089666110123,522.2218309845283,513.5515074798767,517.3285522460938,6282700,0.0,0.0,3253726576.7851586
2024-08-28,515.9035183539326,519.3118919559577,510.7013599511842,515.0166015625,9106100,0.0,0.0,4689701836.595813
2024-08-29,517.2787227313031,525.4009350774803,513.9202277677606,516.4515380859375,8317400,0.0,0.0,4322224919.924503
2024-08-30,519.5709695397383,521.7534990210086,513.4419917224458,519.5311279296875,9157500,0.0,0.0,4739901353.241591
2024-09-03,517.8667869054548,523.6967999428734,506.88437226183885,510.013671875,12459100,0.0,0.0,6420056941.307866
2024-09-04,504.3431035419103,514.8272247562169,502.34992830432384,510.9903259277344,8335200,0.0,0.0,4239187503.0951095
2024-09-05,509.9738079913622,519.8499947589663,509.40574576002206,515.0962524414062,8640900,0.0,0.0,4446847964.125263
2024-09-06,520.0991399974671,522.7899386747894,496.54977021380114,498.5628662109375,14744500,0.0,0.0,7514827168.853911
2024-09-09,504.4327639412016,509.5851046042932,500.366669657444,503.06744384765625,11047800,0.0,0.0,5578872605.84441
2024-09-10,506.42593906484467,512.4253852381723,498.32367732108537,503.06744384765625,9899000,0.0,0.0,5002702485.137046
2024-09-11,505.27987554927915,511.3690110270433,493.9088076820539,510.0834045410156,10782500,0.0,0.0,5419704040.11542
2024-09-12,515.285585023477,524.9126549028794,513.4618127596613,523.806396484375,11993300,0.0,0.0,6226768251.5085745
2024-09-13,518.564409723777,525.7796940926987,515.3453904682744,522.8297729492188,10321400,0.0,0.0,5372934223.893814
2024-09-16,523.2487487578231,532.7852130316696,516.1263711491835,531.96728515625,9527600,0.5,0.0,4996805004.720747
2024-09-17,536.2765732411165,540.7654956540217,529.2639105539961,534.999755859375,11690800,0.0,0.0,6254749891.048347
2024-09-18,535.7479547958741,542.8604084454137,532.5857751215418,536.6257934570312,10323500,0.0,0.0,5551184338.0267315
2024-09-19,548.6461187817771,560.686414549232,545.174704640657,557.7236938476562,15647000,0.0,0.0,8651704465.982096
2024-09-20,558.6214872028946,563.1104098679178,554.9305830568934,559.9681396484375,22066800,0.0,0.0,12335793491.336613
2024-09-23,568.0980656176895,572.5670177481582,561.0254922344247,563.0205688476562,12830700,0.0,0.0,7272392708.916763
2024-09-24,565.2850274737618,566.3524008193639,552.8257831664986,561.9432983398438,12993000,0.0,0.0,7270741072.264155
2024-09-25,562.6614271007662,575.4598596541383,562.3322224367156,566.9109497070312,16543400,0.0,0.0,9411474765.430916
2024-09-26,574.3126690807263,575.9786017718354,560.9656026133786,566.442138671875,14400800,0.0,0.0,8186453049.255296
2024-09-27,568.6965630840433,569.4347925727498,563.1203580570185,565.9633178710938,9398400,0.0,0.0,5322103163.839408
2024-09-30,566.3025009877178,573.2652987881467,563.409615584696,571.0308227539062,12792300,0.0,0.0,7270343253.565857
2024-10-01,576.5571959701899,581.6047375850964,568.696588902483,575.0509033203125,15259300,0.0,0.0,8776396515.63596
2024-10-02,573.4449049037087,574.582113281958,567.9385343864964,571.3999633789062,6524700,0.0,0.0,3727302234.921182
2024-10-03,568.7464602798791,581.9239016583299,567.3299121210531,581.3353881835938,11581000,0.0,0.0,6654754208.689518
2024-10-04,582.2930569666543,595.3807555940912,579.9987308779406,594.4730224609375,14169500,0.0,0.0,8327269816.782726
2024-10-07,596.747372331818,601.4657702066983,582.6022856022474,583.3405151367188,12014200,0.0,0.0,7112815218.049918
2024-10-08,588.2383463082548,592.0988145517903,584.5274722746422,591.4304809570312,7857400,0.0,0.0,4622611693.055005
2024-10-09,592.5277491567871,592.9267888200291,580.1782204637724,589.0563354492188,9529700,0.0,0.0,5589669403.485921
2024-10-10,586.1235444649961,588.7769693645316,581.0859885859968,582.3927612304688,7740400,0.0,0.0,4527603619.860135
2024-10-11,583.3903503921083,589.7546497189596,581.275574032988,588.4977416992188,8587100,0.0,0.0,5027876817.190175
2024-10-14,592.7571247125076,598.6226542461368,588.5076630898909,588.9664916992188,8252000,0.0,0.0,4898099689.32845
2024-10-15,588.7071598322343,589.156064231629,578.7118677482224,584.8267822265625,9564200,0.0,0.0,5584861237.520847
2024-10-16,579.9688152072504,580.6471339722348,572.6169625125309,575.3701171875,11268400,0.0,0.0,6497720572.414466
2024-10-17,581.8940351157374,583.5299516595073,573.7840438446354,575.509765625,8701200,0.0,0.0,5035010268.840324
2024-10-18,579.6695107509672,582.5324409442791,573.833935758237,575.0509033203125,7694300,0.0,0.0,4448714906.131084
2024-10-21,574.6120550187865,575.8190374770412,567.7090456789956,573.744140625,8171900,0.0,0.0,4672398571.371408
2024-10-22,572.8762432408589,582.093548193358,570.7116021970829,580.5772705078125,8544500,0.0,0.0,4925071803.755561
2024-10-23,578.542260068393,583.5599069546555,561.1152951487072,562.3023681640625,14248400,0.0,0.0,8154895074.824776
2024-10-24,565.7338999709095,567.479591992889,560.13772472997,566.38232421875,7184700,0.0,0.0,4050796067.7293625
2024-10-25,572.5171248613034,579.8589918246462,570.3125433935071,571.8388061523438,11337900,0.0,0.0,6520264924.574949
2024-10-28,580.5672680485018,582.3129600056923,572.7066616790459,576.7366943359375,10925100,0.0,0.0,6309352434.433966
2024-10-29,578.7218967035824,592.2085737611511,573.9835895525686,591.819580078125,13019100,0.0,0.0,7591386196.698824
2024-10-30,599.5005337173036,599.720023798207,587.9291140679284,590.3431396484375,26864900,0.0,0.0,15953037661.92997
2024-10-31,583.559900275625,588.4478622558274,561.6240429965927,566.1828002929688,26838400,0.0,0.0,15433044910.963276
2024-11-01,566.2126983561088,572.2577780027567,561.1751421313867,565.7637939453125,15303200,0.0,0.0,8672575331.698412
2024-11-04,562.7113688572082,567.2900967542433,556.5166945602261,559.2998046875,12064600,0.0,0.0,6779139707.246275
2024-11-05,565.9034368963605,572.06821597352,565.2749829282367,571.0208129882812,9775400,0.0,0.0,5558992353.272117
2024-11-06,561.3646904544983,571.5894582504264,553.8033329293451,570.6417846679688,18305400,0.0,0.0,10300382599.831093
2024-11-07,575.4699283255658,593.3358138498232,573.7940711601258,590.2434692382812,14653700,0.0,0.0,8551385597.985145
2024-11-08,590.0838179044933,591.6399753063421,583.0811400386289,587.8892822265625,9415700,0.0,0.0,5530410802.8768215
2024-11-11,584.9165245119474,585.5549636161717,575.0907969210721,581.734375,10209100,0.0,0.0,5924574316.950388
2024-11-12,587.0911844415632,598.1838057554388,578.9512984910941,583.38037109375,16287700,0.0,0.0,9586411718.718128
2024-11-13,581.1757648981209,584.1983351227153,573.7540776314343,578.5722045898438,10757600,0.0,0.0,6228394437.722019
2024-11-14,575.5796174336194,579.3303713026751,571.5994492314262,575.7391967773438,11053700,0.0,0.0,6361016478.618897
2024-11-15,569.813825451255,571.160538750893,550.1423984696268,552.716064453125,17712900,0.0,0.0,9930763398.346672
2024-11-18,555.6687332571458,558.5217391731533,548.7358905237554,553.0352783203125,14346700,0.0,0.0,7942746517.98632
2024-11-19,550.5014811986825,560.0479302018812,549.2445731772403,559.7088012695312,9522400,0.0,0.0,5281563467.088674
2024-11-20,561.5442177129146,564.9557815891732,552.8357279952656,564.1278686523438,9797300,0.0,0.0,5475669378.425811
2024-11-21,568.1180212623364,568.5968201540334,547.6983809906892,561.703857421875,11154700,0.0,0.0,6225969040.104519
2024-11-22,562.1627281992892,562.4420681636524,553.2248234982168,557.7636108398438,9164000,0.0,0.0,5111985697.594685
2024-11-25,560.7162719500135,571.1805001939032,555.0203670417848,563.7188720703125,13599800,0.0,0.0,7658053277.115953
2024-11-26,564.606695691197,576.0783865047108,563.8086772028907,572.1281127929688,10356600,0.0,0.0,5902677181.997073
2024-11-27,573.4747619979281,573.5645063421975,562.7112856361068,567.7987670898438,7200200,0.0,0.0,4090706478.7010937
2024-11-29,567.5993385095039,577.036073507685,565.5045322643998,572.90625,7130500,0.0,0.0,4073442894.728925
2024-12-02,576.0783868240748,593.036538470844,574.1531451491893,591.3706665039062,12522400,0.0,0.0,7308008047.081753
2024-12-03,593.5352905826334,612.6880381868189,589.7945219445076,612.139404296875,14907200,0.0,0.0,8962824010.194855
2024-12-04,611.4511152689987,616.2592573147286,603.6104177407027,612.2691040039062,14697000,0.0,0.0,8964212307.144836
2024-12-05,615.560930463209,618.3739956805784,605.5555924267017,607.4309692382812,8081200,0.0,0.0,4945409893.706276
2024-12-06,608.5981044048992,628.2396363522805,607.0320228219205,622.2344970703125,16935500,0.0,0.0,10459971591.97234
2024-12-09,622.3840671657603,624.8580035041053,604.6777626799444,612.0595703125,11426000,0.0,0.0,7024337832.209476
2024-12-10,616.0397939169814,624.0500562603173,611.2316516629029,617.7954711914062,10938900,0.0,0.0,6756311537.400657
2024-12-11,621.835478952064,636.8285096396075,620.000042475988,631.12255859375,10837200,0.0,0.0,6810251192.4935665
2024-12-12,629.9455178554374,635.0927893592409,625.6660999139908,629.2372436523438,7474700,0.0,0.0,4711897234.825313
2024-12-13,625.6760211142185,629.5265657036249,615.3714930308155,618.8229370117188,8453300,0.0,0.0,5261748379.949923
2024-12-16,628.9361065383608,630.1042117262369,617.5550328463455,623.2056274414062,10885600,0.5,0.0,6790759736.359652
2024-12-17,625.1324029345234,631.3221415597952,615.5183552206975,618.41357421875,12897800,0.0,0.0,8040749679.687719
2024-12-18,619.9709830820838,626.3204297339289,595.3318859457509,596.200439453125,17075500,0.0,0.0,10430162058.194185
2024-12-19,609.37851745456,610.5066497694395,594.0140061011585,594.5830688476562,14958100,0.0,0.0,9008670211.288998
2024-12-20,589.6013973957005,602.1106028930976,579.0389119066372,584.2802124023438,48989400,0.0,0.0,28931903020.165062
2024-12-23,588.6230024208112,600.0940145583529,585.2785777785421,598.8560180664062,10205800,0.0,0.0,6048837801.435942
2024-12-24,601.7212257007668,606.9825124772965,598.286984494369,606.742919921875,4726100,0.0,0.0,2848112084.818894
2024-12-26,604.4766951738098,605.2953437391651,597.9475539437108,602.3502197265625,6081400,0.0,0.0,3658700678.984321
2024-12-27,598.4167395081588,600.8526988194768,588.8226780836644,598.8161010742188,8084200,0.0,0.0,4808786840.980186
2024-12-30,587.7743898032761,595.9508206949702,584.6096598318045,590.26025390625,7025900,0.0,0.0,4147249940.066533
2024-12-31,591.2886030654797,592.9857373463826,582.8825114890158,584.539794921875,6019500,0.0,0.0,3539069461.93234
2025-01-02,588.7427650585881,603.9075966445652,586.8459500467553,598.2470092773438,12682300,0.0,0.0,7550746852.601666
2025-01-03,603.7578412050734,608.4899766390093,595.4216417161412,603.6280517578125,11436800,0.0,0.0,6884448198.402093
2025-01-06,610.8162059478007,629.9444307411353,604.6164740709102,629.15576171875,14560800,0.0,0.0,8988097211.393616
2025-01-07,630.6532638258104,631.0525644518098,607.2221227274762,616.8661499023438,12071500,0.0,0.0,7473916443.142376
2025-01-08,612.383620674881,615.4185614591353,601.7911551332733,609.7080078125,10085800,0.0,0.0,6138266879.803857
2025-01-10,609.0191819848814,628.8661838676574,596.3502074506945,614.8394775390625,19256600,0.0,0.0,11796750980.530485
2025-01-13,606.0940181446159,607.9609147021279,597.4583876521832,607.322021484375,10785000,0.0,0.0,6500223587.945623
2025-01-14,604.0673982519899,604.4866852448625,587.5747526134381,593.2653198242188,13598000,0.0,0.0,8104825715.998587
2025-01-15,609.1988889602708,621.428590409025,605.4950145852582,616.097412109375,15524300,0.0,0.0,9523565060.506376
2025-01-16,610.4866680664915,615.2287967227725,608.6996562564747,610.2869873046875,8355300,0.0,0.0,5113144701.588752
2025-01-17,623.0159156407722,623.9343741078126,602.6696811223908,611.754638671875,17280600,0.0,0.0,10598227018.405525
2025-01-21,616.8062626104474,620.4701642986823,608.0008701831367,615.4385375976562,11674000,0.0,0.0,7170585428.270378
2025-01-22,622.2671771241828,632.6499686545925,618.4035946049794,622.4668579101562,12274000,0.0,0.0,7677715717.723993
2025-01-23,626.3204214724742,635.5451006249901,620.1207507212021,635.3953857421875,9910200,0.0,0.0,6221949860.005516
2025-01-24,635.3454642652555,650.9195895810104,633.1490976350807,646.4170532226562,19065300,0.0,0.0,12240577371.190472
2025-01-27,625.5716701424085,662.7699387361127,624.0641625170977,658.7865600585938,28399200,0.0,0.0,18272529504.155087
2025-01-28,664.8963720229036,681.4489143819349,658.377163631469,673.2125854492188,20950100,0.0,0.0,14034745158.494305
2025-01-29,673.8814972952861,679.921460010166,664.5669404267016,675.3690185546875,21377800,0.0,0.0,14371102063.429636
2025-01-30,695.6653687628108,709.6121910679191,674.9796703493296,685.8616333007812,29322900,0.0,0.0,20300124346.57592
2025-01-31,689.854955287262,704.1312468061141,684.443953741468,688.0379638671875,19331700,0.0,0.0,13421759602.212845
2025-02-03,674.789981183126,702.8334624844176,674.1311016230156,696.3043212890625,21415700,0.0,0.0,14744330007.777779
2025-02-04,701.3359302823354,706.5373190467258,690.4639608100931,703.0231323242188,13826300,0.0,0.0,9657679397.842167
2025-02-05,702.3842062935471,716.950057491736,697.8517510044364,703.7020263671875,17778200,0.0,0.0,12576314755.903324
2025-02-06,704.710319919996,717.7087645079753,702.3342588461929,710.8101806640625,13080700,0.0,0.0,9287578387.794436
2025-02-07,715.6121886937868,723.8086059554087,710.5705691640067,713.3359985351562,16427100,0.0,0.0,11781345073.802074
2025-02-10,717.3692936641316,720.0049336246739,710.1512937758902,716.2112426757812,12904300,0.0,0.0,9227582502.62255
2025-02-11,712.137995992511,722.4608279084838,708.8634018884771,718.6072387695312,12998000,0.0,0.0,9302176169.450449
2025-02-12,714.1147251974435,725.8951602371656,711.4191869503326,724.1780395507812,12016500,0.0,0.0,8635743926.489286
2025-02-13,720.3244703269909,727.7920565662597,716.8501952061899,727.352783203125,12569100,0.0,0.0,9078926463.376547
2025-02-14,724.9368204290963,739.682305506395,724.4176625560408,735.4493408203125,16901200,0.0,0.0,12372523190.108421
2025-02-18,734.7803990216926,735.778741955146,705.2693843461711,715.1829223632812,21938700,0.0,0.0,15807361264.243353
2025-02-19,702.9332911577684,705.8285102693987,694.2377625113465,702.6038818359375,17535500,0.0,0.0,12275431063.17338
2025-02-20,696.1246189647087,704.4607584336488,692.4906359109783,693.6886596679688,12587400,0.0,0.0,8791992990.58678
2025-02-21,695.4257349847168,702.7036330054893,681.2292668396583,682.4172973632812,15660400,0.0,0.0,10836471392.367476
2025-02-24,685.14283732043,686.1311871035267,661.3523074705995,667.0228881835938,15677000,0.0,0.0,10562249372.21929
2025-02-25,664.8664584221042,666.8931239603137,640.7964233177016,656.4105224609375,20579700,0.0,0.0,13455929288.058685
2025-02-26,658.5569724881091,681.878249924817,656.9096821941056,672.5836791992188,14488700,0.0,0.0,9698648356.045717
2025-02-27,681.3191981578423,687.5089369957133,656.480419238195,657.1492919921875,12500000,0.0,0.0,8399933476.461927
2025-02-28,656.9495749111169,668.5203965483279,641.53515727814,667.0927734375,17534200,0.0,0.0,11485388045.952028
2025-03-03,672.5636726462196,680.1211361055591,649.761553743727,653.9645385742188,10843800,0.0,0.0,7210490956.093844
2025-03-04,644.4403322286904,648.6732963562011,622.6165711570532,638.939453125,21495200,0.0,0.0,13663314980.085451
2025-03-05,639.9378651352356,658.407210696861,636.6033726931404,655.3822021484375,13770000,0.0,0.0,8916147866.64016
2025-03-06,646.9262151408363,649.4819705904519,623.0757880479771,626.8894653320312,13446500,0.0,0.0,8555723950.765817
2025-03-07,624.3337324581125,633.7381060863794,599.6147510017424,624.6232299804688,21375700,0.0,0.0,13181890333.629282
2025-03-10,607.0623983614838,609.0989960212393,585.8975158632896,596.9990844726562,21999900,0.0,0.0,13144901880.904224
2025-03-11,594.0639893708412,613.911053065773,592.3468686608835,604.7063598632812,17401500,0.0,0.0,10495348612.463207
2025-03-12,628.8562796545592,632.2805888301948,608.3402822710135,618.5333862304688,15747000,0.0,0.0,9768028428.615362
2025-03-13,619.2222371114077,619.4718228579259,585.5381545107681,589.6613159179688,16480300,0.0,0.0,9929462965.014643
2025-03-14,602.3365152554182,608.3918534867013,594.3227230343585,607.1328125,12364500,0.525,0.0,7435482190.697322
2025-03-17,606.9929657834423,612.6285830204243,597.5402173129962,604.4349365234375,15473900,0.0,0.0,9363015499.739658
2025-03-18,599.5886327329754,599.7884911584124,574.2181394777045,581.9122314453125,20297700,0.0,0.0,11914817193.331354
2025-03-19,583.8308244880561,591.8646212382527,574.3281261859494,583.6109619140625,20537500,0.0,0.0,11975341775.112274
2025-03-20,582.3119393939553,609.7308438672675,579.0644382419948,585.5494384765625,24336500,0.0,0.0,14465558191.52603
2025-03-21,582.9714123876403,597.0805511513034,580.5033407556499,595.7915649414062,25015900,0.0,0.0,14729160440.777576
2025-03-24,614.4971845902405,622.0613721273024,611.7293556256241,618.3742065429688,15741300,0.0,0.0,9710734991.388573
2025-03-25,626.2781574491432,633.3926787229344,620.7024302695025,625.8284912109375,15312500,0.0,0.0,9601665678.223345
2025-03-26,624.4095939343313,626.2681493134669,606.1436184781687,610.51025390625,12609800,0.0,0.0,7770232954.749483
2025-03-27,601.5371280983636,613.7777091933885,599.6385645944567,602.11669921875,10436500,0.0,0.0,6331909470.693423
2025-03-28,599.8484555988796,601.2873509097175,573.4787306326517,576.2965698242188,17602800,0.0,0.0,10339586190.087008
2025-03-31,563.0667717382947,578.2550979207184,552.8746014719162,575.9168701171875,21124700,0.0,0.0,11947387780.379795
2025-04-01,570.4011214763917,589.4564053353316,569.5617404976803,585.5494384765625,12836600,0.0,0.0,7438926165.400021
2025-04-02,574.4679338866476,592.2042861901492,572.9191378549733,583.4810180664062,13470800,0.0,0.0,7847572310.3135195
2025-04-03,545.7999926198693,552.1351447500087,529.8922502799351,531.2112426757812,34777500,0.0,0.0,18815103865.326935
2025-04-04,506.2304804799959,517.601735849335,493.8200466701195,504.3419494628906,38589800,0.0,0.0,19515282151.534622
2025-04-07,484.7270437213071,538.9553080099114,481.5294917990848,515.8530883789062,36606100,0.0,0.0,18677984315.144047
2025-04-08,542.8323258955619,547.009104812121,502.4733648379141,510.05755615234375,28034200,0.0,0.0,14710700725.331505
2025-04-09,508.8784288376245,587.4380062391494,501.7239302560322,585.3196411132812,39216600,0.0,0.0,21356613999.37847
2025-04-10,575.0475586127349,580.8530894965206,534.8884538902387,545.8699951171875,28173500,0.0,0.0,15717172186.303432
2025-04-11,535.0982987413933,546.9791721039168,528.1836360553218,543.152099609375,17642300,0.0,0.0,9484172405.193867
2025-04-14,555.7423695383274,557.3411759652797,527.8738592202099,531.0713500976562,14130900,0.0,0.0,7667532570.351317
2025-04-15,531.7009039388483,537.526438963531,517.1021506137689,521.1190795898438,15558700,0.0,0.0,8204324918.328168
2025-04-16,508.1190429485272,512.9752917109025,495.248940829508,501.9237976074219,18735100,0.0,0.0,9444590909.533922
2025-04-17,504.8615423906665,506.90995406615434,497.62711856756914,501.0944519042969,14593500,0.0,0.0,7329855884.740122
2025-04-21,490.95223888134063,493.1205839444646,479.431104674804,484.2873840332031,16166000,0.0,0.0,7861135299.109548
2025-04-22,491.49181764891443,506.4902868701918,485.98604429039705,499.8953552246094,17399400,0.0,0.0,8634246338.197775
2025-04-23,528.1236539391821,534.9284154373055,516.1228784114317,519.8699951171875,18173900,0.0,0.0,9550850554.638783
2025-04-24,518.3311552024028,533.4895356675911,517.1021204034743,532.7401123046875,13910000,0.0,0.0,7306864967.974258
2025-04-25,546.3795728163933,549.4372176521805,535.8376965321478,546.8492431640625,17098900,0.0,0.0,9278503615.073206
2025-04-28,555.2128099483461,558.0605943260673,540.1743933621875,549.3173217773438,15179000,0.0,0.0,8335054439.060011
2025-04-29,545.5802193870614,556.1421001835268,543.7016599064505,554.0137329101562,11835000,0.0,0.0,6508325450.332441
2025-04-30,537.9860554602953,548.6777795753518,529.0928741621841,548.577880859375,29244000,0.0,0.0,15759162498.95025
2025-05-01,591.6247987166439,592.4941249415356,570.0613733373625,571.7700805664062,31159000,0.0,0.0,18112033385.436092
2025-05-02,583.0114624189366,603.8754149154345,577.8854014442142,596.56103515625,24739300,0.0,0.0,14617967682.08313
2025-05-05,590.765405664398,602.7462382701667,587.5978600254365,598.8092651367188,13887700,0.0,0.0,8265570866.9499235
2025-05-06,592.0744779246842,595.5717870403006,586.1290402304902,586.8584594726562,10600700,0.0,0.0,6263427979.824736
2025-05-07,589.9060821921285,602.6163340287609,586.2189168396308,596.3511352539062,13139100,0.0,0.0,7810112622.342442
2025-05-08,605.8238341716766,610.8299920094227,596.1612859928888,597.5502319335938,14622800,0.0,0.0,8824796029.9861
2025-05-09,603.2558317407384,606.5033331458584,591.2551162399334,592.0344848632812,10427300,0.0,0.0,6244693339.640233
2025-05-12,630.434887813048,639.8976383332824,620.5525382829127,638.9383544921875,21965100,0.0,0.0,13842957087.196196
2025-05-13,645.0436488654467,660.4118286945162,642.335771505551,655.525634765625,18570800,0.0,0.0,12096532566.897703
2025-05-14,660.7016415387022,662.1604799651236,653.8069223034624,658.85302734375,12348200,0.0,0.0,8124914338.3464775
2025-05-15,653.7769769402204,656.8046155684391,638.0890359072837,643.3849487304688,14341800,0.0,0.0,9285552885.367262
2025-05-16,637.4695422101522,639.9476160073406,625.6686244756826,639.8477172851562,18519000,0.0,0.0,11718973578.752552
2025-05-19,627.7669935255635,642.5056535406882,627.3173272935575,639.9376220703125,9592400,0.0,0.0,6090324980.67721
2025-05-20,635.521040610427,638.8584386405468,631.7739236379011,636.6101684570312,6743500,0.0,0.0,4284254667.512357
2025-05-21,631.304243948337,646.1128573238404,629.6854943191497,635.0114135742188,11464600,0.0,0.0,7313258891.123113
2025-05-22,633.5624844477077,642.7554230220385,630.2250866339274,636.08056640625,8228400,0.0,0.0,5237296412.826574
2025-05-23,623.5202359878101,631.9637513811242,622.1712983340897,626.577880859375,8454100,0.0,0.0,5301291561.898695
2025-05-27,634.9214503428936,642.5855973216567,632.2635222678258,641.826171875,9508400,0.0,0.0,6060887684.352318
2025-05-28,642.1059170723001,650.3795803263449,642.0559677120978,643.085205078125,9042900,0.0,0.0,5843682708.678416
2025-05-29,651.1490397001155,652.8177387372123,639.0083561535087,644.5540771484375,8883400,0.0,0.0,5737903965.676115
2025-05-30,642.0060336659102,648.9106942904369,632.2935358628563,646.9921875,16241000,0.0,0.0,10404018950.959818
2025-06-02,643.8945882353455,672.7423872324788,643.7646833041948,670.3842163085938,15766300,0.0,0.0,10378222713.10118
2025-06-03,670.933780241162,675.0606098458437,664.5187332165345,666.3372802734375,11585000,0.0,0.0,7759513344.688826
2025-06-04,668.8054003474581,688.4702620523693,668.0559769852821,687.4210815429688,14031900,0.0,0.0,9517320266.77621
2025-06-05,691.128193299702,693.8461337530863,681.7254549732214,684.0936279296875,13083100,0.0,0.0,8998370326.232578
2025-06-06,695.634728988938,702.2696384274917,691.3380472640042,697.173583984375,11728000,0.0,0.0,8172115468.894933
2025-06-09,697.9230086279447,704.6478147285023,693.4064643289632,693.5263671875,12773200,0.0,0.0,8928813458.628408
2025-06-10,700.8107438516906,702.6893032959509,691.0282928322797,701.8599853515625,10850100,0.0,0.0,7560987644.875457
2025-06-11,703.1689726406868,708.3249785260691,691.4579518801445,693.6063232421875,9582500,0.0,0.0,6706709965.308771
2025-06-12,692.7669528666453,694.8453707616588,686.471808739605,692.826904296875,7322700,0.0,0.0,5057485655.166952
2025-06-13,687.4210820231808,694.0359873588837,680.4864154008052,682.344970703125,9274400,0.0,0.0,6373935286.0772295
2025-06-16,699.3300170898438,707.1500244140625,693.510009765625,702.1199951171875,13720300,0.525,0.0,9608737933.477783
2025-06-17,702.0,705.969970703125,696.0599975585938,697.22998046875,10066100,0.0,0.0,7056486931.759644
2025-06-18,698.1799926757812,701.5900268554688,694.9000244140625,695.77001953125,10068300,0.0,0.0,7030140391.598511
2025-06-20,700.75,701.8200073242188,678.6699829101562,682.3499755859375,22538600,0.0,0.0,15557155846.948242
2025-06-23,683.6900024414062,699.0499877929688,678.75,698.530029296875,11080100,0.0,0.0,7633080822.372437
2025-06-24,704.8900146484375,713.1900024414062,702.1099853515625,712.2000122070312,13823200,0.0,0.0,9781987395.629883
2025-06-25,713.3200073242188,716.5800170898438,705.3800048828125,708.6799926757812,9320400,0.0,0.0,6626618094.396973
2025-06-26,714.3599853515625,728.219970703125,711.0499877929688,726.0900268554688,13964800,0.0,0.0,10049558558.203125
2025-06-27,726.52001953125,735.4299926757812,725.8599853515625,733.6300048828125,18775700,0.0,0.0,13718371120.223999
2025-06-30,744.5499877929688,747.9000244140625,734.25,738.0900268554688,15402100,0.0,0.0,11414111445.513916
2025-07-01,736.8800048828125,737.75,715.3699951171875,719.219970703125,13431200,0.0,0.0,9758572639.208984
2025-07-02,715.3300170898438,720.2999877929688,712.7999877929688,713.5700073242188,9336700,0.0,0.0,6690212271.026611
2025-07-03,726.6099853515625,729.030029296875,714.4199829101562,719.010009765625,8601700,0.0,0.0,6208061985.00061
2025-07-07,717.5999755859375,727.0,713.510009765625,718.3499755859375,9457100,0.0,0.0,6811523606.677246
2025-07-08,721.5700073242188,722.9099731445312,714.8099975585938,720.6699829101562,7770700,0.0,0.0,5586045288.171387
2025-07-09,722.719970703125,737.530029296875,722.719970703125,732.780029296875,11418000,0.0,0.0,8336567250.0
2025-07-10,731.5499877929688,735.7999877929688,719.5999755859375,727.239990234375,9913600,0.0,0.0,7214126538.4765625
2025-07-11,722.5,725.1599731445312,709.7000122070312,717.510009765625,10857000,0.0,0.0,7789137430.480957
